{
    "100": {
        "number": "100",
        "name": "العٰديٰت",
        "name_latin": "Al-'Adiyat",
        "number_of_ayah": "11",
        "text": {
            "1": "وَالْعٰدِيٰتِ ضَبْحًاۙ ",
            "2": "فَالْمُوْرِيٰتِ قَدْحًاۙ",
            "3": "فَالْمُغِيْرٰتِ صُبْحًاۙ",
            "4": "فَاَثَرْنَ بِهٖ نَقْعًاۙ",
            "5": "فَوَسَطْنَ بِهٖ جَمْعًاۙ",
            "6": "اِنَّ الْاِنْسَانَ لِرَبِّهٖ لَكَنُوْدٌ ۚ",
            "7": "وَاِنَّهٗ عَلٰى ذٰلِكَ لَشَهِيْدٌۚ",
            "8": "وَاِنَّهٗ لِحُبِّ الْخَيْرِ لَشَدِيْدٌ ۗ",
            "9": "۞ اَفَلَا يَعْلَمُ اِذَا بُعْثِرَ مَا فِى الْقُبُوْرِۙ",
            "10": "وَحُصِّلَ مَا فِى الصُّدُوْرِۙ",
            "11": "اِنَّ رَبَّهُمْ بِهِمْ يَوْمَىِٕذٍ لَّخَبِيْرٌ ࣖ"
        },
        "translations": {
            "id": {
                "name": "Kuda Yang Berlari Kencang",
                "text": {
                    "1": "Demi kuda perang yang berlari kencang terengah-engah,",
                    "2": "dan kuda yang memercikkan bunga api (dengan pukulan kuku kakinya),",
                    "3": "dan kuda yang menyerang (dengan tiba-tiba) pada waktu pagi,",
                    "4": "sehingga menerbangkan debu,",
                    "5": "lalu menyerbu ke tengah-tengah kumpulan musuh,",
                    "6": "sungguh, manusia itu sangat ingkar, (tidak bersyukur) kepada Tuhannya,",
                    "7": "dan sesungguhnya dia (manusia) menyaksikan (mengakui) keingkarannya,",
                    "8": "dan sesungguhnya cintanya kepada harta benar-benar berlebihan.",
                    "9": "Maka tidakkah dia mengetahui apabila apa yang di dalam kubur dikeluarkan,",
                    "10": "dan apa yang tersimpan di dalam dada dilahirkan?",
                    "11": "sungguh, Tuhan mereka pada hari itu Mahateliti terhadap keadaan mereka."
                }
            }
        },
        "tafsir": {
            "id": {
                "kemenag": {
                    "name": "Kemenag",
                    "source": "Aplikasi Quran Kementrian Agama Republik Indonesia",
                    "text": {
                        "1": "Allah bersumpah dengan kuda perang yang memperdengarkan suaranya yang gemuruh. Kuda-kuda yang memancarkan bunga api dari kuku kakinya karena berlari kencang. Kuda-kuda yang menyerang di waktu subuh untuk menyergap musuh di waktu mereka tidak siap siaga. Karena kencangnya lari kuda itu, debu-debu jadi beterbangan. Allah menyatakan bahwa kuda yang menyerang itu tiba-tiba berada di tengah-tengah musuh sehingga menyebabkan mereka panik.\n\nAllah bersumpah dengan kuda dan sifat-sifatnya dalam suasana perang bertujuan untuk membangkitkan semangat perjuangan di kalangan orang-orang Mukmin. Sudah selayaknya mereka bersifat demikian dengan membiasakan diri menunggang kuda dengan tangkas untuk menyerbu musuh. Mereka juga diperintahkan agar selalu siap siaga untuk terjun ke medan pertempuran bila genderang perang memanggil mereka untuk menghancurkan musuh yang menyerang, sebagaimana Allah berfirman:\n\nDan persiapkanlah dengan segala kemampuan untuk menghadapi mereka dengan kekuatan yang kamu miliki dan dari pasukan berkuda yang dapat menggentarkan musuh Allah dan musuhmu. (al-Anfal/8: 60).\n\nAllah bersumpah dengan kuda perang yang dalam keadaan berlari kencang, hilir-mudik, memancarkan percikan bunga api dari kakinya karena berlari kencang, dan dengan penyergapan di waktu subuh, menunjukkan bahwa kuda-kuda yang dipelihara itu bukan untuk kebanggaan. Hendaknya kuda yang dipuji adalah yang digunakan untuk memadamkan keganasan musuh, melumpuhkan kekuatan mereka, atau menghadang serangan mereka.\n\nMaksudnya, dalam ketangkasan berkuda terkandung faedah yang tidak terkira banyaknya. Di antaranya adalah dapat dipergunakan untuk mencari nafkah, cepat bergerak untuk suatu keperluan yang mendadak, digunakan untuk menyergap musuh, dan dapat mencapai tempat yang jauh dalam waktu yang singkat.",
                        "2": "Allah bersumpah dengan kuda perang yang memperdengarkan suaranya yang gemuruh. Kuda-kuda yang memancarkan bunga api dari kuku kakinya karena berlari kencang. Kuda-kuda yang menyerang di waktu subuh untuk menyergap musuh di waktu mereka tidak siap siaga. Karena kencangnya lari kuda itu, debu-debu jadi beterbangan. Allah menyatakan bahwa kuda yang menyerang itu tiba-tiba berada di tengah-tengah musuh sehingga menyebabkan mereka panik.\n\nAllah bersumpah dengan kuda dan sifat-sifatnya dalam suasana perang bertujuan untuk membangkitkan semangat perjuangan di kalangan orang-orang Mukmin. Sudah selayaknya mereka bersifat demikian dengan membiasakan diri menunggang kuda dengan tangkas untuk menyerbu musuh. Mereka juga diperintahkan agar selalu siap siaga untuk terjun ke medan pertempuran bila genderang perang memanggil mereka untuk menghancurkan musuh yang menyerang, sebagaimana Allah berfirman:\n\nDan persiapkanlah dengan segala kemampuan untuk menghadapi mereka dengan kekuatan yang kamu miliki dan dari pasukan berkuda yang dapat menggentarkan musuh Allah dan musuhmu. (al-Anfal/8: 60).\n\nAllah bersumpah dengan kuda perang yang dalam keadaan berlari kencang, hilir-mudik, memancarkan percikan bunga api dari kakinya karena berlari kencang, dan dengan penyergapan di waktu subuh, menunjukkan bahwa kuda-kuda yang dipelihara itu bukan untuk kebanggaan. Hendaknya kuda yang dipuji adalah yang digunakan untuk memadamkan keganasan musuh, melumpuhkan kekuatan mereka, atau menghadang serangan mereka.\n\nMaksudnya, dalam ketangkasan berkuda terkandung faedah yang tidak terkira banyaknya. Di antaranya adalah dapat dipergunakan untuk mencari nafkah, cepat bergerak untuk suatu keperluan yang mendadak, digunakan untuk menyergap musuh, dan dapat mencapai tempat yang jauh dalam waktu yang singkat.",
                        "3": "Allah bersumpah dengan kuda perang yang memperdengarkan suaranya yang gemuruh. Kuda-kuda yang memancarkan bunga api dari kuku kakinya karena berlari kencang. Kuda-kuda yang menyerang di waktu subuh untuk menyergap musuh di waktu mereka tidak siap siaga. Karena kencangnya lari kuda itu, debu-debu jadi beterbangan. Allah menyatakan bahwa kuda yang menyerang itu tiba-tiba berada di tengah-tengah musuh sehingga menyebabkan mereka panik.\n\nAllah bersumpah dengan kuda dan sifat-sifatnya dalam suasana perang bertujuan untuk membangkitkan semangat perjuangan di kalangan orang-orang Mukmin. Sudah selayaknya mereka bersifat demikian dengan membiasakan diri menunggang kuda dengan tangkas untuk menyerbu musuh. Mereka juga diperintahkan agar selalu siap siaga untuk terjun ke medan pertempuran bila genderang perang memanggil mereka untuk menghancurkan musuh yang menyerang, sebagaimana Allah berfirman:\n\nDan persiapkanlah dengan segala kemampuan untuk menghadapi mereka dengan kekuatan yang kamu miliki dan dari pasukan berkuda yang dapat menggentarkan musuh Allah dan musuhmu. (al-Anfal/8: 60).\n\nAllah bersumpah dengan kuda perang yang dalam keadaan berlari kencang, hilir-mudik, memancarkan percikan bunga api dari kakinya karena berlari kencang, dan dengan penyergapan di waktu subuh, menunjukkan bahwa kuda-kuda yang dipelihara itu bukan untuk kebanggaan. Hendaknya kuda yang dipuji adalah yang digunakan untuk memadamkan keganasan musuh, melumpuhkan kekuatan mereka, atau menghadang serangan mereka.\n\nMaksudnya, dalam ketangkasan berkuda terkandung faedah yang tidak terkira banyaknya. Di antaranya adalah dapat dipergunakan untuk mencari nafkah, cepat bergerak untuk suatu keperluan yang mendadak, digunakan untuk menyergap musuh, dan dapat mencapai tempat yang jauh dalam waktu yang singkat.",
                        "4": "Allah bersumpah dengan kuda perang yang memperdengarkan suaranya yang gemuruh. Kuda-kuda yang memancarkan bunga api dari kuku kakinya karena berlari kencang. Kuda-kuda yang menyerang di waktu subuh untuk menyergap musuh di waktu mereka tidak siap siaga. Karena kencangnya lari kuda itu, debu-debu jadi beterbangan. Allah menyatakan bahwa kuda yang menyerang itu tiba-tiba berada di tengah-tengah musuh sehingga menyebabkan mereka panik.\n\nAllah bersumpah dengan kuda dan sifat-sifatnya dalam suasana perang bertujuan untuk membangkitkan semangat perjuangan di kalangan orang-orang Mukmin. Sudah selayaknya mereka bersifat demikian dengan membiasakan diri menunggang kuda dengan tangkas untuk menyerbu musuh. Mereka juga diperintahkan agar selalu siap siaga untuk terjun ke medan pertempuran bila genderang perang memanggil mereka untuk menghancurkan musuh yang menyerang, sebagaimana Allah berfirman:\n\nDan persiapkanlah dengan segala kemampuan untuk menghadapi mereka dengan kekuatan yang kamu miliki dan dari pasukan berkuda yang dapat menggentarkan musuh Allah dan musuhmu. (al-Anfal/8: 60).\n\nAllah bersumpah dengan kuda perang yang dalam keadaan berlari kencang, hilir-mudik, memancarkan percikan bunga api dari kakinya karena berlari kencang, dan dengan penyergapan di waktu subuh, menunjukkan bahwa kuda-kuda yang dipelihara itu bukan untuk kebanggaan. Hendaknya kuda yang dipuji adalah yang digunakan untuk memadamkan keganasan musuh, melumpuhkan kekuatan mereka, atau menghadang serangan mereka.\n\nMaksudnya, dalam ketangkasan berkuda terkandung faedah yang tidak terkira banyaknya. Di antaranya adalah dapat dipergunakan untuk mencari nafkah, cepat bergerak untuk suatu keperluan yang mendadak, digunakan untuk menyergap musuh, dan dapat mencapai tempat yang jauh dalam waktu yang singkat.",
                        "5": "Allah bersumpah dengan kuda perang yang memperdengarkan suaranya yang gemuruh. Kuda-kuda yang memancarkan bunga api dari kuku kakinya karena berlari kencang. Kuda-kuda yang menyerang di waktu subuh untuk menyergap musuh di waktu mereka tidak siap siaga. Karena kencangnya lari kuda itu, debu-debu jadi beterbangan. Allah menyatakan bahwa kuda yang menyerang itu tiba-tiba berada di tengah-tengah musuh sehingga menyebabkan mereka panik.\n\nAllah bersumpah dengan kuda dan sifat-sifatnya dalam suasana perang bertujuan untuk membangkitkan semangat perjuangan di kalangan orang-orang Mukmin. Sudah selayaknya mereka bersifat demikian dengan membiasakan diri menunggang kuda dengan tangkas untuk menyerbu musuh. Mereka juga diperintahkan agar selalu siap siaga untuk terjun ke medan pertempuran bila genderang perang memanggil mereka untuk menghancurkan musuh yang menyerang, sebagaimana Allah berfirman:\n\nDan persiapkanlah dengan segala kemampuan untuk menghadapi mereka dengan kekuatan yang kamu miliki dan dari pasukan berkuda yang dapat menggentarkan musuh Allah dan musuhmu. (al-Anfal/8: 60).\n\nAllah bersumpah dengan kuda perang yang dalam keadaan berlari kencang, hilir-mudik, memancarkan percikan bunga api dari kakinya karena berlari kencang, dan dengan penyergapan di waktu subuh, menunjukkan bahwa kuda-kuda yang dipelihara itu bukan untuk kebanggaan. Hendaknya kuda yang dipuji adalah yang digunakan untuk memadamkan keganasan musuh, melumpuhkan kekuatan mereka, atau menghadang serangan mereka.\n\nMaksudnya, dalam ketangkasan berkuda terkandung faedah yang tidak terkira banyaknya. Di antaranya adalah dapat dipergunakan untuk mencari nafkah, cepat bergerak untuk suatu keperluan yang mendadak, digunakan untuk menyergap musuh, dan dapat mencapai tempat yang jauh dalam waktu yang singkat.",
                        "6": "Dalam ayat ini, Allah menerangkan isi sumpah-Nya, yaitu: watak manusia adalah mengingkari kebenaran dan tidak mengakui hal-hal yang menyebabkan mereka harus bersyukur kepada penciptanya, kecuali orang-orang yang mendapat taufik, membiasakan diri berbuat kebajikan dan menjauhkan diri dari kemungkaran.\n\nHubungan antara ayat 5 yang menggambarkan persoalan kuda dan ayat 6 yang memberi informasi tentang sifat dasar manusia adalah bahwa manusia itu mempunyai potensi menjadi liar seperti kuda yang tidak terkendali, sehingga menyebabkannya ingkar kepada Allah.\n\nSifat yang terpendam dalam jiwa manusia ini menyebabkan ia tidak mementingkan apa yang terdapat di sekelilingnya, tidak menghiraukan apa yang akan datang, dan lupa apa yang telah lalu. Bila Allah memberikan kepadanya sesuatu nikmat, dia menjadi bingung, hatinya menjadi bengis, dan sikapnya menjadi kasar terhadap hamba-hamba Allah.",
                        "7": "Dalam ayat ini, Allah menjelaskan bahwa seorang manusia meskipun ingkar, aniaya, dan tetap dalam keingkaran serta kebohongan, bila ia mawas diri, seharusnya ia akan kembali kepada yang benar. \n\nDia mengaku bahwa dia tidak mensyukuri nikmat-nikmat Allah yang dianugerahkan kepadanya. Dia juga mengakui bahwa semua tindakannya merupakan penentangan dan pengingkaran terhadap nikmat tersebut. Ini adalah kesaksian sendiri atas keingkarannya, pengakuan tersebut lebih kuat daripada pengakuan yang timbul dari diri sendiri dengan lisan.",
                        "8": "Allah menyatakan bahwa karena sangat sayang dan cinta kepada harta serta keinginan untuk mengumpulkan dan menyimpannya menyebabkan manusia menjadi sangat kikir, tamak, serta melampaui batas. Allah berfirman:\n\nDan kamu mencintai harta dengan kecintaan yang berlebihan. (al-Fajr/89: 20)",
                        "9": "Dalam ayat-ayat berikut ini, Allah menerangkan ancaman-Nya kepada orang-orang yang ingkar terhadap nikmat-nikmat-Nya dengan menyatakan apakah mereka tidak sadar bahwa Allah mengetahui isi hatinya. Allah juga menyatakan bahwa Dia akan membalas keingkaran mereka itu pada hari dikeluarkan apa yang ada di dalam dada dan dibangkitkan apa yang ada di dalam kubur.",
                        "10": "Dalam ayat-ayat berikut ini, Allah menerangkan ancaman-Nya kepada orang-orang yang ingkar terhadap nikmat-nikmat-Nya dengan menyatakan apakah mereka tidak sadar bahwa Allah mengetahui isi hatinya. Allah juga menyatakan bahwa Dia akan membalas keingkaran mereka itu pada hari dikeluarkan apa yang ada di dalam dada dan dibangkitkan apa yang ada di dalam kubur.",
                        "11": "Dalam ayat-ayat berikut ini, Allah menerangkan ancaman-Nya kepada orang-orang yang ingkar terhadap nikmat-nikmat-Nya dengan menyatakan apakah mereka tidak sadar bahwa Allah mengetahui isi hatinya. Allah juga menyatakan bahwa Dia akan membalas keingkaran mereka itu pada hari dikeluarkan apa yang ada di dalam dada dan dibangkitkan apa yang ada di dalam kubur."
                    }
                }
            }
        }
    }
}