{
    "101": {
        "number": "101",
        "name": "القارعة",
        "name_latin": "Al-Qari'ah",
        "number_of_ayah": "11",
        "text": {
            "1": "اَلْقَارِعَةُۙ",
            "2": "مَا الْقَارِعَةُ ۚ",
            "3": "وَمَآ اَدْرٰىكَ مَا الْقَارِعَةُ ۗ",
            "4": "يَوْمَ يَكُوْنُ النَّاسُ كَالْفَرَاشِ الْمَبْثُوْثِۙ",
            "5": "وَتَكُوْنُ الْجِبَالُ كَالْعِهْنِ الْمَنْفُوْشِۗ",
            "6": "فَاَمَّا مَنْ ثَقُلَتْ مَوَازِينُهٗۙ",
            "7": "فَهُوَ فِيْ عِيْشَةٍ رَّاضِيَةٍۗ",
            "8": "وَاَمَّا مَنْ خَفَّتْ مَوَازِيْنُهٗۙ",
            "9": "فَاُمُّهُ هَاوِيَةٌ  ۗ",
            "10": "وَمَآ اَدْرٰىكَ مَا هِيَهْۗ",
            "11": "نَارٌ حَامِيَةٌ ࣖ"
        },
        "translations": {
            "id": {
                "name": "Hari Kiamat",
                "text": {
                    "1": "Hari Kiamat,",
                    "2": "Apakah hari Kiamat itu?",
                    "3": "Dan tahukah kamu apakah hari Kiamat itu?",
                    "4": "Pada hari itu manusia seperti laron yang beterbangan,",
                    "5": "dan gunung-gunung seperti bulu yang dihambur-hamburkan.",
                    "6": "Maka adapun orang yang berat timbangan (kebaikan)nya,",
                    "7": "maka dia berada dalam kehidupan yang memuaskan (senang).",
                    "8": "Dan adapun orang yang ringan timbangan (kebaikan)nya,",
                    "9": "maka tempat kembalinya adalah neraka Hawiyah.",
                    "10": "Dan tahukah kamu apakah neraka Hawiyah itu?",
                    "11": "(Yaitu) api yang sangat panas."
                }
            }
        },
        "tafsir": {
            "id": {
                "kemenag": {
                    "name": "Kemenag",
                    "source": "Aplikasi Quran Kementrian Agama Republik Indonesia",
                    "text": {
                        "1": "Dalam ayat ini, Allah menyebutkan kata al-qari'ah, yaitu salah satu nama hari Kiamat, seperti al-haqqah, as-sakhkhah, ath-thammah, dan al-Gasyiyah. Hari Kiamat itu juga disebut al-qari'ah karena ia menggetarkan hati setiap orang akibat kedahsyatannya. Kata al-qari'ah juga digunakan untuk menyebut suatu bencana hebat. Allah berfirman:\n\nDan orang-orang kafir senantiasa ditimpa bencana disebabkan perbuatan mereka sendiri. (ar-Ra'd/13: 31)\n\nMaksudnya mereka ditimpa malapetaka hebat yang mengetuk hati mereka dan menyakiti tubuh mereka, sehingga mereka mengeluh karenanya.",
                        "2": "Dalam ayat ini Allah mengulang kata al-qari'ah dalam bentuk pertanyaan untuk meminta perhatian agar manusia memahami karena dahsyatnya kejadian hari Kiamat dan huru-hara yang membuat hati kecut, sehingga sulit menggambarkannya dengan tepat dan sulit mengetahui dengan sebenarnya.",
                        "3": "Allah mengulangi kata al-qari'ah itu adalah untuk menggambarkan kedahsyatan hari Kiamat itu, seakan-akan tidak ada sesuatu pun yang dapat dijadikan contoh untuk al-qari'ah itu. Bagaimana pun mengkhayalkannya, al-qari'ah lebih hebat dari itu.",
                        "4": "Karena sangat sulit mengetahui hakikat al-qari'ah, maka dalam ayat ini Allah menjelaskan waktu kedatangannya. Ketika itu, keadaan manusia bagaikan laron yang beterbangan di sekeliling lampu pada malam hari. Penyerupaan ini adalah untuk menggambarkan keadaan manusia yang kebingungan dan tidak menentu arah tujuannya.\n\nManusia pada hari yang dahsyat itu bertebaran di mana-mana, bingung, dan tidak tahu ke mana akan dituju, apa yang akan dikerjakan, dan untuk apa mereka dikumpulkan di sana. Kondisi ini tidak ubahnya seperti anai-anai yang tidak berketentuan arahnya. Dalam ayat lain, Allah berfirman:\n\nSeakan-akan mereka belalang yang beterbangan. (al-Qamar/54 : 7)",
                        "5": "Dalam ayat ini, Allah mengungkapkan bahwa gunung-gunung yang telah hancur itu beterbangan dari tempatnya seperti bulu halus yang diterbangkan angin. Lalu bagaimanakah keadaan manusia yang mempunyai tubuh yang lemah itu bila mengalami al-qari'ah itu.\n\nBanyak terdapat dalam Al-Qur'an ayat-ayat tentang keadaan gunung-gunung pada hari Kiamat, di antaranya Allah berfirman:\n\nDan engkau akan melihat gunung-gunung, yang engkau kira tetap di tempatnya, padahal ia berjalan (seperti) awan berjalan. (an-Naml/27 : 88)\n\nDan menjadilah gunung-gunung itu seperti onggokan pasir yang dicurahkan. (al-Muzzammil/73: 14)\n\nDan gunung-gunung pun dijalankan sehingga menjadi fatamorgana. (an- Naba'/78: 20)\n\nSemua keterangan tersebut untuk menjelaskan bahwa gunung-gunung yang besar dan kuat seharusnya tetap tidak dapat digerakkan, tetapi al-Qari'ah dapat menghancurkannya, apalagi manusia makhluk yang lemah.",
                        "6": "Dalam ayat-ayat ini, Allah menjelaskan tentang ganjaran bagi orang-orang yang banyak melakukan amal kebajikan, yaitu ketika amal mereka ditimbang dan timbangannya berat karena banyak mengerjakan amal-amal saleh. Ganjaran bagi orang-orang ini adalah kesenangan abadi di surga. Mereka hidup di dalamnya penuh dengan kebahagiaan, kenikmatan, dan kepuasan. Kita wajib mempercayai adanya mizan (neraca/timbangan) yang tersebut pada ayat ini dan dalam firman-Nya:\n\nDan Kami akan memasang timbangan yang tepat pada hari Kiamat. (al-Anbiya'/21: 47)",
                        "7": "Dalam ayat-ayat ini, Allah menjelaskan tentang ganjaran bagi orang-orang yang banyak melakukan amal kebajikan, yaitu ketika amal mereka ditimbang dan timbangannya berat karena banyak mengerjakan amal-amal saleh. Ganjaran bagi orang-orang ini adalah kesenangan abadi di surga. Mereka hidup di dalamnya penuh dengan kebahagiaan, kenikmatan, dan kepuasan. Kita wajib mempercayai adanya mizan (neraca/timbangan) yang tersebut pada ayat ini dan dalam firman-Nya:\n\nDan Kami akan memasang timbangan yang tepat pada hari Kiamat. (al-Anbiya'/21: 47)",
                        "8": "Allah juga menjelaskan nasib orang-orang jahat yaitu bila amal orang-orang jahat itu ditimbang dan timbangannya itu ringan karena banyak mengerjakan kejahatan dan sedikit mengerjakan kebajikan di dunia maka mereka akan ditempatkan dalam neraka Hawiyah tempat penyiksaan orang-orang jahat, tempat hidup sengsara; suatu tempat yang mereka dijerumuskan ke dalamnya.",
                        "9": "Allah juga menjelaskan nasib orang-orang jahat yaitu bila amal orang-orang jahat itu ditimbang dan timbangannya itu ringan karena banyak mengerjakan kejahatan dan sedikit mengerjakan kebajikan di dunia maka mereka akan ditempatkan dalam neraka Hawiyah tempat penyiksaan orang-orang jahat, tempat hidup sengsara; suatu tempat yang mereka dijerumuskan ke dalamnya.",
                        "10": "Dalam ayat ini, Allah menjelaskan arti kata hawiyah dalam bentuk pertanyaan, yaitu: apakah neraka Hawiyah itu dan dari apa ia dijadikan? Neraka Hawiyah adalah api yang menyala-nyala yang sangat panas di mana orang-orang yang berdosa dijerumuskan ke dalamnya untuk menerima balasan atas kejahatan dan kemungkaran yang mereka lakukan. Ayat ini menggambarkan jika semua api di seluruh dunia dikumpulkan dan dipersatukan, tidak akan dapat menyamai panasnya api neraka Hawiyah.",
                        "11": "Dalam ayat ini, Allah menjelaskan arti kata hawiyah dalam bentuk pertanyaan, yaitu: apakah neraka Hawiyah itu dan dari apa ia dijadikan? Neraka Hawiyah adalah api yang menyala-nyala yang sangat panas di mana orang-orang yang berdosa dijerumuskan ke dalamnya untuk menerima balasan atas kejahatan dan kemungkaran yang mereka lakukan. Ayat ini menggambarkan jika semua api di seluruh dunia dikumpulkan dan dipersatukan, tidak akan dapat menyamai panasnya api neraka Hawiyah."
                    }
                }
            }
        }
    }
}