{
    "103": {
        "number": "103",
        "name": "العصر",
        "name_latin": "Al-'Asr",
        "number_of_ayah": "3",
        "text": {
            "1": "وَالْعَصْرِۙ",
            "2": "اِنَّ الْاِنْسَانَ لَفِيْ خُسْرٍۙ",
            "3": "اِلَّا الَّذِيْنَ اٰمَنُوْا وَعَمِلُوا الصّٰلِحٰتِ وَتَوَاصَوْا بِالْحَقِّ ەۙ وَتَوَاصَوْا بِالصَّبْرِ ࣖ"
        },
        "translations": {
            "id": {
                "name": "Asar",
                "text": {
                    "1": "Demi masa,",
                    "2": "sungguh, manusia berada dalam kerugian,",
                    "3": "kecuali orang-orang yang beriman dan mengerjakan kebajikan serta saling menasihati untuk kebenaran dan saling menasihati untuk kesabaran."
                }
            }
        },
        "tafsir": {
            "id": {
                "kemenag": {
                    "name": "Kemenag",
                    "source": "Aplikasi Quran Kementrian Agama Republik Indonesia",
                    "text": {
                        "1": "Dalam ayat ini, Allah bersumpah dengan masa yang terjadi di dalamnya bermacam-macam kejadian dan pengalaman yang menjadi bukti atas kekuasaan Allah yang mutlak, hikmah-Nya yang tinggi, dan Ilmu-Nya yang sangat luas. Perubahan-perubahan besar yang terjadi pada masa itu sendiri, seperti pergantian siang dengan malam yang terus-menerus, habisnya umur manusia, dan sebagainya merupakan tanda keagungan Allah.\n\nDalam ayat lain, Allah berfirman:\n\nDan sebagian dari tanda-tanda kebesaran-Nya ialah malam, siang, matahari, dan bulan. (Fussilat/41: 37)\n\nApa yang dialami manusia dalam masa itu dari senang dan susah, miskin dan kaya, senggang dan sibuk, suka dan duka, dan lain-lain menunjukkan secara gamblang bahwa bagi alam semesta ini ada pencipta dan pengaturnya. Dialah Tuhan yang harus disembah dan hanya kepada-Nya kita memohon untuk menolak bahaya dan menarik manfaat. Adapun orang-orang kafir menghubungkan peristiwa-peristiwa tersebut hanya kepada suatu masa saja, sehingga mereka beranggapan bahwa bila ditimpa oleh sesuatu bencana, hal itu hanya kemauan alam saja. Allah menjelaskan bahwa masa (waktu) adalah salah satu makhluk-Nya dan di dalamnya terjadi bermacam-macam kejadian, kejahatan, dan kebaikan. Bila seseorang ditimpa musibah, hal itu merupakan akibat tindakannya. Masa (waktu) tidak campur tangan dengan terjadinya musibah itu.",
                        "2": "Dalam ayat ini, Allah mengungkapkan bahwa manusia sebagai makhluk Allah sungguh secara keseluruhan berada dalam kerugian bila tidak menggunakan waktu dengan baik atau dipakai untuk melakukan keburukan. Perbuatan buruk manusia merupakan sumber kecelakaan yang menjerumuskannya ke dalam kebinasaan. Dosa seseorang terhadap Tuhannya yang memberi nikmat tidak terkira kepadanya adalah suatu pelanggaran yang tidak ada bandingannya sehingga merugikan dirinya.",
                        "3": "Dalam ayat ini, Allah menjelaskan bahwa jika manusia tidak mau hidupnya merugi, maka ia harus beriman kepada-Nya, melaksanakan ibadah sebagaimana yang diperintahkannya, berbuat baik untuk dirinya sendiri, dan berusaha menimbulkan manfaat kepada orang lain.\n\nDi samping beriman dan beramal saleh, mereka harus saling nasihat-menasihati untuk menaati kebenaran dan tetap berlaku sabar, menjauhi perbuatan maksiat yang setiap orang cenderung kepadanya, karena dorongan hawa nafsunya."
                    }
                }
            }
        }
    }
}