{
    "105": {
        "number": "105",
        "name": "الفيل",
        "name_latin": "Al-Fil",
        "number_of_ayah": "5",
        "text": {
            "1": "اَلَمْ تَرَ كَيْفَ فَعَلَ رَبُّكَ بِاَصْحٰبِ الْفِيْلِۗ",
            "2": "اَلَمْ يَجْعَلْ كَيْدَهُمْ فِيْ تَضْلِيْلٍۙ",
            "3": "وَّاَرْسَلَ عَلَيْهِمْ طَيْرًا اَبَابِيْلَۙ",
            "4": "تَرْمِيْهِمْ بِحِجَارَةٍ مِّنْ سِجِّيْلٍۙ",
            "5": "فَجَعَلَهُمْ كَعَصْفٍ مَّأْكُوْلٍ ࣖ "
        },
        "translations": {
            "id": {
                "name": "Gajah",
                "text": {
                    "1": "Tidakkah engkau (Muhammad) perhatikan bagaimana Tuhanmu telah bertindak terhadap pasukan bergajah?",
                    "2": "Bukankah Dia telah menjadikan tipu daya mereka itu sia-sia?",
                    "3": "dan Dia mengirimkan kepada mereka burung yang berbondong-bondong,",
                    "4": "yang melempari mereka dengan batu dari tanah liat yang dibakar,",
                    "5": "sehingga mereka dijadikan-Nya seperti daun-daun yang dimakan (ulat)."
                }
            }
        },
        "tafsir": {
            "id": {
                "kemenag": {
                    "name": "Kemenag",
                    "source": "Aplikasi Quran Kementrian Agama Republik Indonesia",
                    "text": {
                        "1": "Dalam surah ini, Allah mengingatkan Nabi Muhammad dan pengikutnya dengan suatu peristiwa yang menunjukkan betapa besarnya kekuasaan Allah. Peristiwa itu adalah penyerbuan tentara gajah yang dipimpin oleh panglima Abrahah dari Yaman untuk menundukkan penduduk Mekah dan meruntuhkan Ka'bah. Akan tetapi, Allah membinasakan mereka sebelum maksud yang jahat itu tercapai. Peristiwa Gajah adalah suatu peristiwa yang paling terkenal di kalangan bangsa Arab, sehingga peristiwa ini mereka jadikan patokan tanggal bagi peristiwa-peristiwa lainnya.\n\nKesimpulan riwayatnya adalah bahwa seorang panglima perang yang berkuasa di Yaman ingin menguasai Ka'bah dan menghancurkannya, dengan maksud melarang orang-orang Arab mengerjakan haji ke Ka'bah. Lalu bala tentaranya bergerak menuju Ka'bah disertai beberapa ekor gajah untuk menakut-nakuti. Ketika iring-iringan angkatan perang tersebut tiba di suatu tempat bernama Muqammas (suatu tempat yang berdekatan dengan Mekah), mereka beristirahat di sana. Panglima perang mengirim utusannya kepada penduduk Mekah untuk menyampaikan maksudnya, yaitu bukan untuk memerangi penduduk tetapi untuk menghancurkan Ka'bah. Penduduk Mekah menjadi ketakutan dan lari ke gunung-gunung di sekeliling Ka'bah untuk melihat dari jauh apa yang akan terjadi dan apa yang akan dilakukan oleh panglima perang tersebut.\n\nDalam surah ini pula Allah menjelaskan apa yang terjadi terhadap pasukan bergajah dalam bentuk pertanyaan bahwa Muhammad tidak mengetahui keadaan yang sangat aneh dan peristiwa yang sangat dahsyat yang membuktikan kekuasaan Allah, ilmu dan hikmah-Nya yang tinggi terhadap tentara gajah yang ingin menghancurkan Ka'bah. Kejadian itu berbeda dengan kejadian lainnya yang mempunyai sebab dan akibat.",
                        "2": "Dalam ayat ini, Allah menjelaskan bahwa Ia telah menggagalkan tipu muslihat mereka yang hendak menghancurkan Ka'bah.\n\nAllah mengungkapkan cara menggagalkan tipu daya mereka, yaitu dengan mengirimkan pasukan burung yang berbondong-bondong melempari mereka dengan batu-batu yang berasal dari tanah sehingga menjadikan mereka hancur-lebur dan daging mereka beterbangan ke mana-mana. Maka tentara gajah menjadi laksana daun-daun yang dimakan ulat.",
                        "3": "Dalam ayat ini, Allah menjelaskan bahwa Ia telah menggagalkan tipu muslihat mereka yang hendak menghancurkan Ka'bah.\n\nAllah mengungkapkan cara menggagalkan tipu daya mereka, yaitu dengan mengirimkan pasukan burung yang berbondong-bondong melempari mereka dengan batu-batu yang berasal dari tanah sehingga menjadikan mereka hancur-lebur dan daging mereka beterbangan ke mana-mana. Maka tentara gajah menjadi laksana daun-daun yang dimakan ulat.",
                        "4": "Dalam ayat ini, Allah menjelaskan bahwa Ia telah menggagalkan tipu muslihat mereka yang hendak menghancurkan Ka'bah.\n\nAllah mengungkapkan cara menggagalkan tipu daya mereka, yaitu dengan mengirimkan pasukan burung yang berbondong-bondong melempari mereka dengan batu-batu yang berasal dari tanah sehingga menjadikan mereka hancur-lebur dan daging mereka beterbangan ke mana-mana. Maka tentara gajah menjadi laksana daun-daun yang dimakan ulat.",
                        "5": "Dalam ayat ini, Allah menjelaskan bahwa Ia telah menggagalkan tipu muslihat mereka yang hendak menghancurkan Ka'bah.\n\nAllah mengungkapkan cara menggagalkan tipu daya mereka, yaitu dengan mengirimkan pasukan burung yang berbondong-bondong melempari mereka dengan batu-batu yang berasal dari tanah sehingga menjadikan mereka hancur-lebur dan daging mereka beterbangan ke mana-mana. Maka tentara gajah menjadi laksana daun-daun yang dimakan ulat."
                    }
                }
            }
        }
    }
}