{
    "107": {
        "number": "107",
        "name": "الماعون",
        "name_latin": "Al-Ma'un",
        "number_of_ayah": "7",
        "text": {
            "1": "اَرَءَيْتَ الَّذِيْ يُكَذِّبُ بِالدِّيْنِۗ",
            "2": "فَذٰلِكَ الَّذِيْ يَدُعُّ الْيَتِيْمَۙ",
            "3": "وَلَا يَحُضُّ عَلٰى طَعَامِ الْمِسْكِيْنِۗ",
            "4": "فَوَيْلٌ لِّلْمُصَلِّيْنَۙ",
            "5": "الَّذِيْنَ هُمْ عَنْ صَلَاتِهِمْ سَاهُوْنَۙ",
            "6": "الَّذِيْنَ هُمْ يُرَاۤءُوْنَۙ",
            "7": "وَيَمْنَعُوْنَ الْمَاعُوْنَ ࣖ"
        },
        "translations": {
            "id": {
                "name": "Barang Yang Berguna",
                "text": {
                    "1": "Tahukah kamu (orang) yang mendustakan agama?",
                    "2": "Maka itulah orang yang menghardik anak yatim,",
                    "3": "dan tidak mendorong memberi makan orang miskin.",
                    "4": "Maka celakalah orang yang salat,",
                    "5": "(yaitu) orang-orang yang lalai terhadap salatnya,",
                    "6": "yang berbuat ria,",
                    "7": "dan enggan (memberikan) bantuan."
                }
            }
        },
        "tafsir": {
            "id": {
                "kemenag": {
                    "name": "Kemenag",
                    "source": "Aplikasi Quran Kementrian Agama Republik Indonesia",
                    "text": {
                        "1": "Dalam ayat ini, Allah menghadapkan pertanyaan kepada Nabi Muhammad, \"Apakah engkau mengetahui orang yang mendustakan agama dan yang dimaksud dengan orang yang mendustakan agama?\" Pertanyaan ini dijawab pada ayat-ayat berikut.",
                        "2": "Allah lalu menjelaskan bahwa sebagian dari sifat-sifat orang yang mendustakan agama ialah orang-orang yang menolak dan membentak anak-anak yatim yang datang kepadanya untuk memohon belas-kasihnya demi kebutuhan hidupnya. Penolakannya itu sebagai penghinaan dan takabur terhadap anak-anak yatim itu.",
                        "3": "Allah menegaskan lebih lanjut sifat pendusta itu, yaitu dia tidak mengajak orang lain untuk membantu dan memberi makan orang miskin. Bila tidak mau mengajak orang memberi makan dan membantu orang miskin berarti ia tidak melakukannya sama sekali. Berdasarkan keterangan di atas, bila seorang tidak sanggup membantu orang-orang miskin maka hendaklah ia menganjurkan orang lain agar melakukan usaha yang mulia itu.",
                        "4": "Dalam ayat-ayat ini, Allah mengungkapkan satu ancaman yaitu celakalah orang-orang yang mengerjakan salat dengan tubuh dan lidahnya, tidak sampai ke hatinya. Dia lalai dan tidak menyadari apa yang diucapkan lidahnya dan yang dikerjakan oleh anggota tubuhnya. Ia rukuk dan sujud dalam keadaan lalai, ia mengucapkan takbir tetapi tidak menyadari apa yang diucapkannya. Semua itu adalah hanya gerak biasa dan kata-kata hafalan semata-mata yang tidak mempengaruhi apa-apa, tidak ubahnya seperti robot.\n\nPerilaku tersebut ditujukan kepada orang-orang yang mendustakan agama, yaitu orang munafik. Ancaman itu tidak ditujukan kepada orang-orang muslim yang awam, tidak mengerti bahasa Arab, dan tidak tahu tentang arti dari apa yang dibacanya. Jadi orang-orang awam yang tidak memahami makna dari apa yang dibacanya dalam salat tidak termasuk orang-orang yang lalai seperti yang disebut dalam ayat ini.",
                        "5": "Dalam ayat-ayat ini, Allah mengungkapkan satu ancaman yaitu celakalah orang-orang yang mengerjakan salat dengan tubuh dan lidahnya, tidak sampai ke hatinya. Dia lalai dan tidak menyadari apa yang diucapkan lidahnya dan yang dikerjakan oleh anggota tubuhnya. Ia rukuk dan sujud dalam keadaan lalai, ia mengucapkan takbir tetapi tidak menyadari apa yang diucapkannya. Semua itu adalah hanya gerak biasa dan kata-kata hafalan semata-mata yang tidak mempengaruhi apa-apa, tidak ubahnya seperti robot.\n\nPerilaku tersebut ditujukan kepada orang-orang yang mendustakan agama, yaitu orang munafik. Ancaman itu tidak ditujukan kepada orang-orang muslim yang awam, tidak mengerti bahasa Arab, dan tidak tahu tentang arti dari apa yang dibacanya. Jadi orang-orang awam yang tidak memahami makna dari apa yang dibacanya dalam salat tidak termasuk orang-orang yang lalai seperti yang disebut dalam ayat ini.",
                        "6": "Allah selanjutnya menambah penjelasan tentang sifat orang pendusta agama, yaitu mereka melakukan perbuatan-perbuatan lahir hanya semata karena ria, tidak terkesan pada jiwanya untuk meresapi rahasia dan hikmahnya.",
                        "7": "Allah menambahkan lagi dalam ayat ini sifat pendusta itu, yaitu mereka tidak mau memberikan barang-barang yang diperlukan oleh orang-orang yang membutuhkannya, sedang barang itu tak pantas ditahan, seperti periuk, kapuk, cangkul, dan lain-lain. \n\nKeadaan orang yang membesarkan agama berbeda dengan keadaan orang yang mendustakan agama, karena yang pertama tampak dalam tata hidupnya yang jujur, adil, kasih sayang, pemurah, dan lain-lain. Sedangkan sifat pendusta agama ialah ria, curang, aniaya, takabur, kikir, memandang rendah orang lain, tidak mementingkan yang lain kecuali dirinya sendiri, bangga dengan harta dan kedudukan, serta tidak mau mengeluarkan sebahagian dari hartanya, baik untuk keperluan perseorangan maupun untuk masyarakat."
                    }
                }
            }
        }
    }
}