{
    "109": {
        "number": "109",
        "name": "الكٰفرون",
        "name_latin": "Al-Kafirun",
        "number_of_ayah": "6",
        "text": {
            "1": "قُلْ يٰٓاَيُّهَا الْكٰفِرُوْنَۙ",
            "2": "لَآ اَعْبُدُ مَا تَعْبُدُوْنَۙ",
            "3": "وَلَآ اَنْتُمْ عٰبِدُوْنَ مَآ اَعْبُدُۚ",
            "4": "وَلَآ اَنَا۠ عَابِدٌ مَّا عَبَدْتُّمْۙ",
            "5": "وَلَآ اَنْتُمْ عٰبِدُوْنَ مَآ اَعْبُدُۗ",
            "6": "لَكُمْ دِيْنُكُمْ وَلِيَ دِيْنِ ࣖ"
        },
        "translations": {
            "id": {
                "name": "Orang-Orang kafir",
                "text": {
                    "1": "Katakanlah (Muhammad), “Wahai orang-orang kafir!",
                    "2": "aku tidak akan menyembah apa yang kamu sembah,",
                    "3": "dan kamu bukan penyembah apa yang aku sembah,",
                    "4": "dan aku tidak pernah menjadi penyembah apa yang kamu sembah,",
                    "5": "dan kamu tidak pernah (pula) menjadi penyembah apa yang aku sembah.",
                    "6": "Untukmu agamamu, dan untukku agamaku.”"
                }
            }
        },
        "tafsir": {
            "id": {
                "kemenag": {
                    "name": "Kemenag",
                    "source": "Aplikasi Quran Kementrian Agama Republik Indonesia",
                    "text": {
                        "1": "Dalam ayat-ayat ini, Allah memerintahkan Nabi Muhammad agar menyatakan kepada orang-orang kafir bahwa \"Tuhan\" yang mereka sembah bukanlah \"Tuhan\" yang ia sembah, karena mereka menyembah \"Tuhan\" yang memerlukan pembantu dan mempunyai anak atau menjelma dalam suatu bentuk atau dalam sesuatu rupa atau bentuk-bentuk lain yang mereka dakwakan. Sedang Nabi saw menyembah Tuhan yang tidak ada tandingan-Nya dan tidak ada sekutu bagi-Nya; tidak mempunyai anak dan istri. Akal tidak sanggup menerka bagaimana Dia, tidak ditentukan oleh tempat dan tidak terikat oleh masa, tidak memerlukan perantaraan dan tidak pula memerlukan penghubung.\n\nMaksud pernyataan itu adalah terdapat perbedaan sangat besar antara \"Tuhan\" yang disembah orang-orang kafir dengan \"Tuhan\" yang disembah Nabi Muhammad. Mereka menyifati tuhannya dengan sifat-sifat yang tidak layak sama sekali bagi Tuhan yang disembah Nabi.",
                        "2": "Dalam ayat-ayat ini, Allah memerintahkan Nabi Muhammad agar menyatakan kepada orang-orang kafir bahwa \"Tuhan\" yang mereka sembah bukanlah \"Tuhan\" yang ia sembah, karena mereka menyembah \"Tuhan\" yang memerlukan pembantu dan mempunyai anak atau menjelma dalam suatu bentuk atau dalam sesuatu rupa atau bentuk-bentuk lain yang mereka dakwakan. Sedang Nabi saw menyembah Tuhan yang tidak ada tandingan-Nya dan tidak ada sekutu bagi-Nya; tidak mempunyai anak dan istri. Akal tidak sanggup menerka bagaimana Dia, tidak ditentukan oleh tempat dan tidak terikat oleh masa, tidak memerlukan perantaraan dan tidak pula memerlukan penghubung.\n\nMaksud pernyataan itu adalah terdapat perbedaan sangat besar antara \"Tuhan\" yang disembah orang-orang kafir dengan \"Tuhan\" yang disembah Nabi Muhammad. Mereka menyifati tuhannya dengan sifat-sifat yang tidak layak sama sekali bagi Tuhan yang disembah Nabi.",
                        "3": "Selanjutnya Allah menambahkan lagi pernyataan yang diperintahkan untuk disampaikan kepada orang-orang kafir dengan menyatakan bahwa mereka tidak menyembah Tuhan yang didakwahkan Nabi Muhammad, karena sifat-sifat-Nya berlainan dengan sifat-sifat \"Tuhan\" yang mereka sembah dan tidak mungkin dipertemukan antara kedua macam sifat tersebut.",
                        "4": "Sesudah Allah menyatakan tentang tidak mungkin ada persamaan sifat antara Tuhan yang disembah oleh Nabi saw dengan yang disembah oleh orang-orang kafir, maka dengan sendirinya tidak ada pula persamaan dalam hal ibadah. Tuhan yang disembah Nabi Muhammad adalah Tuhan yang Mahasuci dari sekutu dan tandingan, tidak menjelma pada seseorang atau memihak kepada suatu bangsa atau orang tertentu. Sedangkan \"Tuhan\" yang mereka sembah itu berbeda dari Tuhan yang tersebut di atas. Lagi pula ibadah nabi hanya untuk Allah saja, sedang ibadah mereka bercampur dengan syirik dan dicampuri dengan kelalaian dari Allah, maka yang demikian itu tidak dinamakan ibadah.\n\nPengulangan pernyataan yang sama seperti yang terdapat dalam ayat 3 dan 5 adalah untuk memperkuat dan membuat orang yang mengusulkan kepada Nabi saw berputus asa terhadap penolakan Nabi menyembah tuhan mereka selama setahun. Pengulangan seperti ini juga terdapat dalam Surah ar-Rahman/55 dan al-Mursalat/77. Hal ini adalah biasa dalam bahasa Arab.",
                        "5": "Sesudah Allah menyatakan tentang tidak mungkin ada persamaan sifat antara Tuhan yang disembah oleh Nabi saw dengan yang disembah oleh orang-orang kafir, maka dengan sendirinya tidak ada pula persamaan dalam hal ibadah. Tuhan yang disembah Nabi Muhammad adalah Tuhan yang Mahasuci dari sekutu dan tandingan, tidak menjelma pada seseorang atau memihak kepada suatu bangsa atau orang tertentu. Sedangkan \"Tuhan\" yang mereka sembah itu berbeda dari Tuhan yang tersebut di atas. Lagi pula ibadah nabi hanya untuk Allah saja, sedang ibadah mereka bercampur dengan syirik dan dicampuri dengan kelalaian dari Allah, maka yang demikian itu tidak dinamakan ibadah.\n\nPengulangan pernyataan yang sama seperti yang terdapat dalam ayat 3 dan 5 adalah untuk memperkuat dan membuat orang yang mengusulkan kepada Nabi saw berputus asa terhadap penolakan Nabi menyembah tuhan mereka selama setahun. Pengulangan seperti ini juga terdapat dalam Surah ar-Rahman/55 dan al-Mursalat/77. Hal ini adalah biasa dalam bahasa Arab.",
                        "6": "Kemudian dalam ayat ini, Allah mengancam orang-orang kafir dengan firman-Nya yaitu, \"Bagi kamu balasan atas amal perbuatanmu dan bagiku balasan atas amal perbuatanku.\" Dalam ayat lain Allah berfirman:\n\nBagi kami amalan kami, bagi kamu amalan kamu. (al-Baqarah/2: 139)"
                    }
                }
            }
        }
    }
}