{
    "60": {
        "number": "60",
        "name": "الممتحنة",
        "name_latin": "Al-Mumtahanah",
        "number_of_ayah": "13",
        "text": {
            "1": "يٰٓاَيُّهَا الَّذِيْنَ اٰمَنُوْا لَا تَتَّخِذُوْا عَدُوِّيْ وَعَدُوَّكُمْ اَوْلِيَاۤءَ تُلْقُوْنَ اِلَيْهِمْ بِالْمَوَدَّةِ وَقَدْ كَفَرُوْا بِمَا جَاۤءَكُمْ مِّنَ الْحَقِّۚ  يُخْرِجُوْنَ الرَّسُوْلَ وَاِيَّاكُمْ اَنْ تُؤْمِنُوْا بِاللّٰهِ رَبِّكُمْۗ اِنْ كُنْتُمْ خَرَجْتُمْ جِهَادًا فِيْ سَبِيْلِيْ وَابْتِغَاۤءَ مَرْضَاتِيْ تُسِرُّوْنَ اِلَيْهِمْ بِالْمَوَدَّةِ وَاَنَا۠ اَعْلَمُ بِمَآ اَخْفَيْتُمْ وَمَآ اَعْلَنْتُمْۗ وَمَنْ يَّفْعَلْهُ مِنْكُمْ فَقَدْ ضَلَّ سَوَاۤءَ السَّبِيْلِ ",
            "2": "اِنْ يَّثْقَفُوْكُمْ يَكُوْنُوْا لَكُمْ اَعْدَاۤءً وَّيَبْسُطُوْٓا اِلَيْكُمْ اَيْدِيَهُمْ وَاَلْسِنَتَهُمْ بِالسُّوْۤءِ وَوَدُّوْا لَوْ تَكْفُرُوْنَۗ ",
            "3": "لَنْ تَنْفَعَكُمْ اَرْحَامُكُمْ وَلَآ اَوْلَادُكُمْ ۛيَوْمَ الْقِيٰمَةِ ۛيَفْصِلُ بَيْنَكُمْۗ وَاللّٰهُ بِمَا تَعْمَلُوْنَ بَصِيْرٌ ",
            "4": "قَدْ كَانَتْ لَكُمْ اُسْوَةٌ حَسَنَةٌ فِيْٓ اِبْرٰهِيْمَ وَالَّذِيْنَ مَعَهٗۚ اِذْ قَالُوْا لِقَوْمِهِمْ اِنَّا بُرَءٰۤؤُا مِنْكُمْ وَمِمَّا تَعْبُدُوْنَ مِنْ دُوْنِ اللّٰهِ ۖ كَفَرْنَا بِكُمْ وَبَدَا بَيْنَنَا وَبَيْنَكُمُ الْعَدَاوَةُ وَالْبَغْضَاۤءُ اَبَدًا حَتّٰى تُؤْمِنُوْا بِاللّٰهِ وَحْدَهٗٓ اِلَّا قَوْلَ اِبْرٰهِيْمَ لِاَبِيْهِ لَاَسْتَغْفِرَنَّ لَكَ وَمَآ اَمْلِكُ لَكَ مِنَ اللّٰهِ مِنْ شَيْءٍۗ رَبَّنَا عَلَيْكَ تَوَكَّلْنَا وَاِلَيْكَ اَنَبْنَا وَاِلَيْكَ الْمَصِيْرُ ",
            "5": "رَبَّنَا لَا تَجْعَلْنَا فِتْنَةً لِّلَّذِيْنَ كَفَرُوْا وَاغْفِرْ لَنَا رَبَّنَاۚ اِنَّكَ اَنْتَ الْعَزِيْزُ الْحَكِيْمُ ",
            "6": "لَقَدْ كَانَ لَكُمْ فِيْهِمْ اُسْوَةٌ حَسَنَةٌ لِّمَنْ كَانَ يَرْجُو اللّٰهَ وَالْيَوْمَ الْاٰخِرَۗ وَمَنْ يَّتَوَلَّ فَاِنَّ اللّٰهَ هُوَ الْغَنِيُّ الْحَمِيْدُ ࣖ ",
            "7": "۞ عَسَى اللّٰهُ اَنْ يَّجْعَلَ بَيْنَكُمْ وَبَيْنَ الَّذِيْنَ عَادَيْتُمْ مِّنْهُمْ مَّوَدَّةًۗ وَاللّٰهُ قَدِيْرٌۗ وَاللّٰهُ غَفُوْرٌ رَّحِيْمٌ ",
            "8": "لَا يَنْهٰىكُمُ اللّٰهُ عَنِ الَّذِيْنَ لَمْ يُقَاتِلُوْكُمْ فِى الدِّيْنِ وَلَمْ يُخْرِجُوْكُمْ مِّنْ دِيَارِكُمْ اَنْ تَبَرُّوْهُمْ وَتُقْسِطُوْٓا اِلَيْهِمْۗ اِنَّ اللّٰهَ يُحِبُّ الْمُقْسِطِيْنَ ",
            "9": "اِنَّمَا يَنْهٰىكُمُ اللّٰهُ عَنِ الَّذِيْنَ قَاتَلُوْكُمْ فِى الدِّيْنِ وَاَخْرَجُوْكُمْ مِّنْ دِيَارِكُمْ وَظَاهَرُوْا عَلٰٓى اِخْرَاجِكُمْ اَنْ تَوَلَّوْهُمْۚ وَمَنْ يَّتَوَلَّهُمْ فَاُولٰۤىِٕكَ هُمُ الظّٰلِمُوْنَ ",
            "10": "يٰٓاَيُّهَا الَّذِيْنَ اٰمَنُوْٓا اِذَا جَاۤءَكُمُ الْمُؤْمِنٰتُ مُهٰجِرٰتٍ فَامْتَحِنُوْهُنَّۗ  اَللّٰهُ اَعْلَمُ بِاِيْمَانِهِنَّ فَاِنْ عَلِمْتُمُوْهُنَّ مُؤْمِنٰتٍ فَلَا تَرْجِعُوْهُنَّ اِلَى الْكُفَّارِۗ  لَا هُنَّ حِلٌّ لَّهُمْ وَلَا هُمْ يَحِلُّوْنَ لَهُنَّۗ وَاٰتُوْهُمْ مَّآ اَنْفَقُوْاۗ وَلَا جُنَاحَ عَلَيْكُمْ اَنْ تَنْكِحُوْهُنَّ اِذَآ اٰتَيْتُمُوْهُنَّ اُجُوْرَهُنَّۗ وَلَا تُمْسِكُوْا بِعِصَمِ الْكَوَافِرِ وَسْـَٔلُوْا مَآ اَنْفَقْتُمْ وَلْيَسْـَٔلُوْا مَآ اَنْفَقُوْاۗ ذٰلِكُمْ حُكْمُ اللّٰهِ ۗيَحْكُمُ بَيْنَكُمْۗ وَاللّٰهُ عَلِيْمٌ حَكِيْمٌ ",
            "11": "وَاِنْ فَاتَكُمْ شَيْءٌ مِّنْ اَزْوَاجِكُمْ اِلَى الْكُفَّارِ فَعَاقَبْتُمْ فَاٰتُوا الَّذِيْنَ ذَهَبَتْ اَزْوَاجُهُمْ مِّثْلَ مَآ اَنْفَقُوْاۗ وَاتَّقُوا اللّٰهَ الَّذِيْٓ اَنْتُمْ بِهٖ مُؤْمِنُوْنَ ",
            "12": "يٰٓاَيُّهَا النَّبِيُّ اِذَا جَاۤءَكَ الْمُؤْمِنٰتُ يُبَايِعْنَكَ عَلٰٓى اَنْ لَّا يُشْرِكْنَ بِاللّٰهِ شَيْـًٔا وَّلَا يَسْرِقْنَ وَلَا يَزْنِيْنَ وَلَا يَقْتُلْنَ اَوْلَادَهُنَّ وَلَا يَأْتِيْنَ بِبُهْتَانٍ يَّفْتَرِيْنَهٗ بَيْنَ اَيْدِيْهِنَّ وَاَرْجُلِهِنَّ وَلَا يَعْصِيْنَكَ فِيْ مَعْرُوْفٍ فَبَايِعْهُنَّ وَاسْتَغْفِرْ لَهُنَّ اللّٰهَ ۗاِنَّ اللّٰهَ غَفُوْرٌ رَّحِيْمٌ ",
            "13": "يٰٓاَيُّهَا الَّذِيْنَ اٰمَنُوْا لَا تَتَوَلَّوْا قَوْمًا غَضِبَ اللّٰهُ عَلَيْهِمْ قَدْ يَىِٕسُوْا مِنَ الْاٰخِرَةِ كَمَا يَىِٕسَ الْكُفَّارُ مِنْ اَصْحٰبِ الْقُبُوْرِ ࣖ "
        },
        "translations": {
            "id": {
                "name": "Wanita Yang Diuji",
                "text": {
                    "1": "Wahai orang-orang yang beriman! Janganlah kamu menjadikan musuh-Ku dan musuhmu sebagai teman-teman setia sehingga kamu sampaikan kepada mereka (berita-berita Muhammad), karena rasa kasih sayang; padahal mereka telah ingkar kepada kebenaran yang disampaikan kepadamu. Mereka mengusir Rasul dan kamu sendiri karena kamu beriman kepada Allah, Tuhanmu. Jika kamu benar-benar keluar untuk berjihad pada jalan-Ku dan mencari keridaan-Ku (janganlah kamu berbuat demikian). Kamu memberitahukan secara rahasia (berita-berita Muhammad) kepada mereka, karena rasa kasih sayang, dan Aku lebih mengetahui apa yang kamu sembunyikan dan apa yang kamu nyatakan. Dan barangsiapa di antara kamu yang melakukannya, maka sungguh, dia telah tersesat dari jalan yang lurus. ",
                    "2": "Jika mereka menangkapmu, niscaya mereka bertindak sebagai musuh bagimu lalu melepaskan tangan dan lidahnya kepadamu untuk menyakiti dan mereka ingin agar kamu (kembali) kafir. ",
                    "3": "Kaum kerabatmu dan anak-anakmu tidak akan bermanfaat bagimu pada hari Kiamat. Dia akan memisahkan antara kamu. Dan Allah Maha Melihat apa yang kamu kerjakan.",
                    "4": "Sungguh, telah ada suri teladan yang baik bagimu pada Ibrahim dan orang-orang yang bersama dengannya, ketika mereka berkata kepada kaumnya, “Sesungguhnya kami berlepas diri dari kamu dan dari apa yang kamu sembah selain Allah, kami mengingkari (kekafiran)mu dan telah nyata antara kami dan kamu ada permusuhan dan kebencian untuk selama-lamanya sampai kamu beriman kepada Allah saja,” kecuali perkataan Ibrahim kepada ayahnya, ”Sungguh, aku akan memohonkan ampunan bagimu, namun aku sama sekali tidak dapat menolak (siksaan) Allah terhadapmu.” (Ibrahim berkata), “Ya Tuhan kami, hanya kepada Engkau kami bertawakal dan hanya kepada Engkau kami bertobat dan hanya kepada Engkaulah kami kembali,",
                    "5": "Ya Tuhan kami, janganlah Engkau jadikan kami (sasaran) fitnah bagi orang-orang kafir. Dan ampunilah kami, ya Tuhan kami. Sesungguhnya Engkau yang Mahaperkasa, Mahabijaksana.”",
                    "6": "Sungguh, pada mereka itu (Ibrahim dan umatnya) terdapat suri teladan yang baik bagimu; (yaitu) bagi orang yang mengharap (pahala) Allah dan (keselamatan pada) hari kemudian, dan barangsiapa berpaling, maka sesungguhnya Allah, Dialah Yang Mahakaya, Maha Terpuji.",
                    "7": "Mudah-mudahan Allah menimbulkan kasih sayang di antara kamu dengan orang-orang yang pernah kamu musuhi di antara mereka. Allah Mahakuasa. Dan Allah Maha Pengampun, Maha Penyayang.",
                    "8": "Allah tidak melarang kamu berbuat baik dan berlaku adil terhadap orang-orang yang tidak memerangimu dalam urusan agama dan tidak mengusir kamu dari kampung halamanmu. Sesungguhnya Allah mencintai orang-orang yang berlaku adil.",
                    "9": "Sesungguhnya Allah hanya melarang kamu menjadikan mereka sebagai kawanmu orang-orang yang memerangi kamu dalam urusan agama dan mengusir kamu dari kampung halamanmu dan membantu (orang lain) untuk mengusirmu. Barangsiapa menjadikan mereka sebagai kawan, mereka itulah orang-orang yang zalim.",
                    "10": "Wahai orang-orang yang beriman! Apabila perempuan-perempuan mukmin datang berhijrah kepadamu, maka hendaklah kamu uji (keimanan) mereka. Allah lebih mengetahui tentang keimanan mereka; jika kamu telah mengetahui bahwa mereka (benar-benar) beriman maka janganlah kamu kembalikan mereka kepada orang-orang kafir (suami-suami mereka). Mereka tidak halal bagi orang-orang kafir itu dan orang-orang kafir itu tidak halal bagi mereka. Dan berikanlah kepada (suami) mereka mahar yang telah mereka berikan. Dan tidak ada dosa bagimu menikahi mereka apabila kamu bayar kepada mereka maharnya. Dan janganlah kamu tetap berpegang pada tali (pernikahan) dengan perempuan-perempuan kafir; dan hendaklah kamu minta kembali mahar yang telah kamu berikan; dan (jika suaminya tetap kafir) biarkan mereka meminta kembali mahar yang telah mereka bayar (kepada mantan istrinya yang telah beriman). Demikianlah hukum Allah yang ditetapkan-Nya di antara kamu. Dan Allah Maha Mengetahui, Mahabijaksana.",
                    "11": "Dan jika ada sesuatu (pengembalian mahar) yang belum kamu selesaikan dari istri-istrimu yang lari kepada orang-orang kafir, lalu kamu dapat mengalahkan mereka maka berikanlah (dari harta rampasan) kepada orang-orang yang istrinya lari itu sebanyak mahar yang telah mereka berikan. Dan bertakwalah kamu kepada Allah yang kepada-Nya kamu beriman.",
                    "12": "Wahai Nabi! Apabila perempuan-perempuan yang mukmin datang kepadamu untuk mengadakan bai‘at (janji setia), bahwa mereka tidak akan mempersekutukan sesuatu apa pun dengan Allah; tidak akan mencuri, tidak akan berzina, tidak akan membunuh anak-anaknya, tidak akan berbuat dusta yang mereka ada-adakan antara tangan dan kaki mereka dan tidak akan mendurhakaimu dalam urusan yang baik, maka terimalah janji setia mereka dan mohonkanlah ampunan untuk mereka kepada Allah. Sungguh, Allah Maha Pengampun, Maha Penyayang.",
                    "13": "Wahai orang-orang yang beriman! Janganlah kamu jadikan orang-orang yang dimurkai Allah sebagai penolongmu, sungguh, mereka telah putus asa terhadap akhirat sebagaimana orang-orang kafir yang telah berada dalam kubur juga berputus asa."
                }
            }
        },
        "tafsir": {
            "id": {
                "kemenag": {
                    "name": "Kemenag",
                    "source": "Aplikasi Quran Kementrian Agama Republik Indonesia",
                    "text": {
                        "1": "Ayat ini memperingatkan kaum Muslimin agar tidak mengadakan hubungan kasih sayang dengan kaum musyrik yang menjadi musuh Allah dan kaum Muslimin. Sebab, dengan adanya hubungan yang demikian itu, tanpa disadari mereka telah membukakan rahasia-rahasia kaum Muslimin, menyampaikan sesuatu yang akan dilaksanakan Rasulullah saw kepada mereka dalam usaha menegakkan kalimat Allah. Oleh karena itu, kaum Muslimin dilarang melakukan yang demikian sekalipun kepada kaum kerabatnya.\n\nMenjadikan orang-orang kafir yang memusuhi kaum Muslimin sebagai teman setia dan penolong adalah suatu hal yang dilarang. Hal ini tidak boleh dilakukan selama orang-orang kafir itu ingin menghancurkan agama Islam dan kaum Muslimin. \n\nAllah kemudian menjelaskan penyebab larangan menjadikan orang-orang kafir sebagai teman setia, yaitu:\n\n1.Mereka menyangkal dan tidak membenarkan semua yang dibawa Rasulullah. Mereka ingkar kepada Allah, Rasul-Nya, dan Al-Qur'an. Mungkinkah orang yang seperti itu dijadikan penolong-penolong dan teman setia? Kemudian disampaikan kepada mereka rahasia-rahasia yang bermanfaat bagi mereka dan menimbulkan bahaya bagi kaum Muslimin?\n\n2.Mereka telah mengusir Rasulullah saw dan orang-orang Muhajirin dari kampung halaman mereka karena beriman kepada Allah, bukan karena sebab yang lain.\n\nAyat ini sama maksudnya dengan firman Allah:\n\nDan mereka menyiksa orang-orang mukmin itu hanya karena (orang-orang mukmin itu) beriman kepada Allah Yang Mahaperkasa, Maha Terpuji (al-Buruj/85: 8)\n\nDan Firman Allah:\n\n(Yaitu) orang-orang yang diusir dari kampung halamannya tanpa alasan yang benar, hanya karena mereka berkata, \"Tuhan kami ialah Allah.\" Seandainya Allah tidak menolak (keganasan) sebagian manusia dengan sebagian yang lain, tentu telah dirobohkan biara-biara Nasrani, gereja-gereja, rumah-rumah ibadah orang Yahudi dan masjid-masjid, yang di dalamnya banyak disebut nama Allah. Allah pasti akan menolong orang yang menolong (agama)-Nya. Sungguh, Allah Mahakuat, Mahaperkasa (al-hajj/22: 40)\n\nAllah memperingatkan kaum Muslimin bahwa jika mereka keluar dari kampung halaman atau terusir karena berjihad di jalan Allah dan mencari keridaan-Nya, maka janganlah sekali-kali menjadikan orang-orang kafir itu sebagai teman setia dan penolong-penolong mereka. Cukuplah kaum Muslimin menderita akibat tindakan-tindakan mereka, dan jangan sekali-kali memberi kesempatan kepada mereka menambah penderitaan kaum Muslimin. Bagaimana mungkin ada di antara kaum Muslimin melakukan seperti yang dilakukan hathib yang menyampaikan kepada orang-orang kafir langkah-langkah yang akan diambil Rasulullah dalam menghadapi orang-orang kafir?\n\nAllah Mahatahu segala yang dilakukan hamba-hamba-Nya. Oleh karena itu, Dia menyampaikan hal tersebut kepada Rasulullah, sehingga beliau segera dapat mengambil tindakan. Dengan demikian, kaum Muslimin tidak dirugikan.\n\nPada akhir ayat ini ditegaskan bahwa barang siapa yang berkasih-kasihan dengan musuh Islam dan menjadikan mereka penolong-penolong, berarti ia telah menyimpang dari jalan yang lurus.",
                        "2": "Dalam ayat ini diterangkan sebab-sebab yang lain Allah melarang kaum Muslimin berteman akrab dan saling menolong dengan orang kafir, yaitu:\n\n1.Jika suatu waktu mereka menangkap atau mengalahkan kaum Muslimin, mereka pasti akan melakukan kezaliman yang di luar dugaan. Mereka berteman dengan kaum Muslimin semata-mata mencari keuntungan bagi diri dan golongan mereka. Bila tidak ada keuntungan yang diharapkan, mereka akan menjauhkan diri, bahkan akan menghancurkan kaum Muslimin.\n\n2.Mereka selalu berusaha menjelek-jelekkan dan memusuhi kaum Muslimin. Bagaimana mungkin ada satu atau sebagian dari kaum Muslimin membukakan rahasia kepada mereka atau berteman erat dengan mereka. Orang yang dapat dijadikan teman itu hanyalah orang yang menginginkan kebaikan untuk kita, bukan sebaliknya.\n\n3.Mereka mengharapkan kaum Muslimin mengingkari kebenaran dan kafir kepada Allah, sehingga kaum Muslimin sama dengan mereka, yaitu sama-sama kafir. Oleh karena itu, mereka hanya mau berteman erat atau bertolong-tolongan dengan kaum Muslimin selama hal itu bisa memenuhi keinginan-keinginan mereka.",
                        "3": "Pada hari Kiamat setiap orang mempertanggungjawabkan diri mereka masing-masing kepada Allah. Karib-kerabat, teman setia, anak-anak, atau orang tua sekalipun tidak dapat menolong seseorang di hari Kiamat. Yang dapat menolong seseorang dari siksa Allah hanyalah iman dan amal saleh yang dilakukan selama hidup di dunia.\n\nKarib-kerabat, teman setia, anak-anak dan orang tua tidak dapat dijadikan penolong di hari Kiamat karena masing-masing berusaha menghindarkan diri dari malapetaka yang akan menimpa, sehingga tidak sempat memikirkan kerabat atau temannya, sebagaimana firman Allah:\n\nMaka apabila datang suara yang memekakkan (tiupan sangkakala yang kedua), Pada hari itu manusia lari dari saudaranya, Dan dari ibu dan bapaknya, Dan dari istri dan anak-anaknya. Setiap orang dari mereka pada hari itu mempunyai urusan yang menyibukkannya. ('Abasa/80: 33-37)\n\nPada akhir ayat ini, Allah memberi peringatan bahwa Dia Maha Mengetahui semua yang dilakukan manusia, tidak ada satu pun yang luput dari pengetahuan-Nya. Oleh karena itu, Dia akan memberikan balasan yang seadil-adilnya. Maka itu berhati-hatilah dan jagalah dirimu sebaik mungkin.",
                        "4": "Allah memerintahkan kaum Muslimin untuk mencontoh Nabi Ibrahim dan orang-orang yang beriman besertanya, ketika ia berkata kepada kaumnya yang kafir dan menyembah berhala, \"Hai kaumku, sesungguhnya kami berlepas diri dari kamu semua, dan dari apa yang kamu sembah selain Allah.\"\n\nKemudian diterangkan bahwa yang dimaksud Ibrahim dengan berlepas diri itu ialah:\n\n1.Nabi Ibrahim mengingkari kaumnya, tidak mengacuhkan tuhan-tuhan mereka, dan tidak membenarkan perbuatan mereka yang menyembah patung-patung yang tidak dapat memberi manfaat dan mudarat kepada siapa pun. Allah berfirman: \n\nWahai manusia! Telah dibuat suatu perumpamaan. Maka dengarkanlah! Sesungguhnya segala yang kamu seru selain Allah tidak dapat menciptakan seekor lalat pun, walaupun mereka bersatu untuk menciptakannya. Dan jika lalat itu merampas sesuatu dari mereka, mereka tidak akan dapat merebutnya kembali dari lalat itu. Sama lemahnya yang menyembah dan yang disembah. (al-hajj/22: 73)\n\n2.Nabi Ibrahim mengatakan bahwa antara dia dengan kaumnya yang ingkar telah terjadi permusuhan dan saling membenci selamanya. Ibrahim menyatakan akan tetap menentang kaumnya sampai mereka meninggalkan perbuatan syirik. Jika mereka telah beriman, permusuhan itu baru akan berakhir.\n\nTerhadap ayahnya yang masih kafir, ia tidak mengambil sikap yang tegas seperti sikapnya terhadap kaumnya. Ia berjanji akan mendoakan agar Allah mengampuni dosa-dosa ayahnya. Dalam hal ini, Allah melarang kaum Muslimin mencontoh Ibrahim, sekalipun ia akhirnya berlepas tangan pula terhadap ayahnya, setelah nyata baginya keingkaran bapaknya itu.\n\nBenar ada di antara orang yang beriman mendoakan ayah-ayah mereka yang meninggal dalam keadaan musyrik. Mereka beralasan mencontoh perbuatan Ibrahim itu. Maka Allah membantah perbuatan mereka:\n\nTidak pantas bagi Nabi dan orang-orang yang beriman memohonkan ampunan (kepada Allah) bagi orang-orang musyrik, sekalipun orang-orang itu kaum kerabat(nya), setelah jelas bagi mereka, bahwa orang-orang musyrik itu penghuni neraka Jahanam. Adapun permohonan ampunan Ibrahim (kepada Allah) untuk bapaknya, tidak lain hanyalah karena suatu janji yang telah diikrarkannya kepada bapaknya. Maka ketika jelas bagi Ibrahim bahwa bapaknya adalah musuh Allah, maka Ibrahim berlepas diri darinya. Sungguh, Ibrahim itu seorang yang sangat lembut hatinya lagi penyantun. (at-Taubah/9: 113-114)\n\nSelanjutnya Nabi Ibrahim berkata kepada ayahnya bahwa dia tidak mampu menolongnya. Ia hanya bisa berdoa agar Allah memberi taufik berupa iman kepadanya.",
                        "5": "Sebelum Nabi Ibrahim berpisah dengan kaumnya yang tidak mau menerima seruannya, ia berdoa kepada Allah dengan hati yang tunduk dan berserah diri kepada-Nya. Dalam doanya ia berkata, \"Ya Tuhan kami, janganlah Engkau jadikan kami (sasaran) fitnah bagi orang-orang kafir.\"\n\nDengan perkataan lain, arti ayat ini ialah Nabi Ibrahim memohon agar Allah tidak memenangkan orang kafir atas orang beriman. Hal itu akan memberi kesempatan kepada orang kafir untuk memfitnah orang beriman. Kemenangan itu juga bisa menimbulkan keyakinan pada orang kafir bahwa mereka berada di jalan yang benar sedangkan orang beriman berada di jalan yang salah.\n\nDi akhir ayat, Nabi Ibrahim berdoa, \"Wahai Tuhan kami, ampunilah dan maafkanlah dosa kami sehingga perbuatan dosa itu seakan-akan tidak pernah kami kerjakan. Engkaulah tempat kami berlindung. Tuntutan-Mu sangat keras. Engkau melakukan dan menciptakan segala sesuatu sesuai dengan sifat, guna, dan faedahnya.\"",
                        "6": "Ayat ini mengulang perintah untuk menjadikan Nabi Ibrahim dan orang-orang yang beriman besertanya sebagai teladan yang baik dengan maksud agar perintah itu diperhatikan oleh orang-orang yang beriman. Hal ini terutama ditujukan bagi orang yang yakin akan bertemu dengan Allah di akhirat, dan mengharapkan pahala serta balasan surga sebagai tempat yang nikmat.\n\nOrang yang tidak mengikuti perintah Allah, dan tidak mengambil teladan dari orang-orang yang saleh, maka hendaklah mereka ketahui bahwa Allah sedikit pun tidak memerlukannya. Allah Maha Terpuji di langit dan di bumi, dan Dia tidak memerlukan bantuan makhluk-Nya dalam melaksanakan kehendak-Nya. Allah berfirman:\n\nDan Musa berkata, \"Jika kamu dan orang yang ada di bumi semuanya mengingkari (nikmat Allah), maka sesungguhnya Allah Mahakaya, Maha Terpuji. (Ibrahim/14: 8)",
                        "7": "Menurut al-hasan al-Basri dan Abu salih, ayat ini diturunkan berhubungan dengan Khuza'ah, Bani al-harits bin Ka'ab, Kinanah, Khuzaimah, dan kabilah-kabilah Arab lainnya. Mereka minta diadakan perdamaian dengan kaum Muslimin dengan mengemukakan ikrar tidak akan memerangi kaum Muslimin dan tidak menolong musuh-musuh mereka. Maka turunlah ayat ini yang memerintahkan kaum Muslimin untuk menerima permusuhan mereka.\n\nAyat ini menyatakan kepada Rasulullah dan orang-orang yang beriman bahwa mudah-mudahan Allah akan menjalinkan rasa cinta dan kasih sayang antara kaum Muslimin yang ada di Medinah dengan orang-orang musyrik Mekah yang selama ini membenci dan menjadi musuh mereka. Hal itu mudah bagi Allah, sebagai Zat Yang Mahakuasa dan menentukan segalanya. Apalagi jika orang-orang kafir mau beriman kepada Allah dan rasul-Nya, maka Allah akan mengampuni dosa-dosa yang telah mereka lakukan sebelumnya, yaitu dosa memusuhi Rasulullah dan kaum Muslimin.\n\nIsyarat yang terdapat dalam ayat ini terbukti kebenarannya pada pembebasan kota Mekah oleh kaum Muslimin, tanpa terjadi pertumpahan darah. Sewaktu Rasulullah memasuki kota Mekah, karena orang-orang musyrik melanggar perjanjian mereka dengan kaum Muslimin, mereka merasa gentar menghadapi tentara kaum Muslimin, dan bersembunyi di rumah-rumah mereka. Oleh karena itu, Rasulullah mengumumkan bahwa barang siapa memasuki Baitullah, maka dia mendapat keamanan, barang siapa memasuki Masjidil Haram, maka ia mendapat keamanan, dan barang siapa memasuki rumah Abu Sufyan, ia mendapat keamanan. Perintah itu ditaati oleh kaum musyrik dan mereka pun berlindung di Ka'bah, di Masjidil Haram, dan rumah Abu Sufyan. Maka waktu itu, kaum Muslimin yang telah hijrah bersama Rasulullah ke Medinah bertemu kembali dengan keluarganya yang masih musyrik dan tetap tinggal di Mekah, setelah beberapa tahun mereka berpisah. Maka terjalinlah kembali hubungan baik dan kasih sayang diantara mereka.\n\nKarena baiknya sikap kaum Muslimin kepada mereka, maka mereka berbondong-bondong masuk Islam. Firman Allah: \n\nApabila telah datang pertolongan Allah dan kemenangan, dan engkau melihat manusia berbondong-bondong masuk agama Allah. Maka bertasbihlah dengan memuji Tuhanmu dan mohonlah ampunan kepada-Nya. Sungguh, Dia Maha Penerima tobat. (an-Nasr/110:1-3)",
                        "8": "Diriwayatkan bahwa Ahmad bin hanbal menceritakan kepada beberapa imam yang lain dari 'Abdullah bin Zubair, ia berkata, \"Telah datang ke Medinah (dari Mekah) Qutailah binti 'Abdul 'Uzza, bekas istri Abu Bakar sebelum masuk Islam, untuk menemui putrinya Asma' binti Abu Bakar dengan membawa berbagai hadiah. Asma' enggan menerima hadiah itu dan tidak memperkenankan ibunya memasuki rumahnya. Kemudian Asma' mengutus seseorang kepada 'Aisyah agar menanyakan hal itu kepada Rasulullah. Maka turunlah ayat ini yang membolehkan Asma' menerima hadiah dan mengizinkan ibunya yang kafir itu tinggal di rumahnya.\n\nAllah tidak melarang orang-orang yang beriman berbuat baik, mengadakan hubungan persaudaraan, tolong-menolong, dan bantu-membantu dengan orang musyrik selama mereka tidak mempunyai niat menghancurkan Islam dan kaum Muslimin, tidak mengusir kaum Muslimin dari negeri-negeri mereka, dan tidak pula berteman akrab dengan orang yang hendak mengusir itu.\n\nAyat ini memberikan ketentuan umum dan prinsip agama Islam dalam menjalin hubungan dengan orang-orang yang bukan Islam dalam satu negara. Kaum Muslimin diwajibkan bersikap baik dan bergaul dengan orang-orang kafir, selama mereka bersikap dan ingin bergaul baik, terutama dengan kaum Muslimin.\n\nSeandainya dalam sejarah Islam, terutama pada masa Rasulullah saw dan masa para sahabat, terdapat tindakan kekerasan yang dilakukan oleh kaum Muslimin kepada orang-orang musyrik, maka tindakan itu semata-mata dilakukan untuk membela diri dari kezaliman dan siksaan yang dilakukan oleh pihak musyrik.\n\nDi Mekah, Rasulullah dan para sahabat disiksa dan dianiaya oleh orang-orang musyrik, sampai mereka terpaksa hijrah ke Medinah. Sesampai di Medinah, mereka pun dimusuhi oleh orang Yahudi yang bersekutu dengan orang-orang musyrik, sekalipun telah dibuat perjanjian damai antara mereka dengan Rasulullah. Oleh karena itu, Rasulullah terpaksa mengambil tindakan keras terhadap mereka. Demikian pula ketika kaum Muslimin berhadapan dengan kerajaan Persia dan Romawi, orang-orang kafir di sana telah memancing permusuhan sehingga terjadi peperangan.\n\nJadi ada satu prinsip yang perlu diingat dalam hubungan orang-orang Islam dengan orang-orang kafir, yaitu boleh mengadakan hubungan baik, selama pihak yang bukan Islam melakukan yang demikian pula. Hal ini hanya dapat dibuktikan dalam sikap dan perbuatan kedua belah pihak.\n\nDi Indonesia prinsip ini dapat dilakukan, selama tidak ada pihak agama lain bermaksud memurtadkan orang Islam atau menghancurkan Islam dan kaum Muslimin.",
                        "9": "Dalam ayat ini dijelaskan bahwa Allah hanya melarang kaum Muslimin bertolong-tolongan dengan orang-orang yang menghambat atau menghalangi manusia beribadah di jalan Allah, dan memurtadkan kaum Muslimin sehingga ia berpindah kepada agama lain, yang memerangi, mengusir, dan membantu pengusir kaum Muslimin dari negeri mereka. Dengan orang yang semacam itu, Allah dengan tegas melarang kaum Muslimin untuk berteman dengan mereka.\n\nDi akhir ayat ini, Allah mengingatkan kaum Muslimin yang menjadikan musuh-musuh mereka sebagai teman dan tolong-menolong dengan mereka, bahwa jika mereka melanggar larangan ini, maka mereka adalah orang-orang yang zalim.",
                        "10": "Ayat ini menerangkan perintah Allah kepada Rasulullah dan orang-orang yang beriman tentang sikap yang harus diambil, jika seorang perempuan beriman yang berasal dari daerah kafir datang menghadap atau minta perlindungan. Allah menyatakan bahwa apabila datang seorang perempuan dari daerah kafir yang mengucapkan dua kalimat syahadat dan tidak tampak padanya tanda-tanda keingkaran dan kemunafikan, maka perlu diperiksa lebih dahulu, apakah mereka benar telah beriman, atau datang karena melarikan diri dari suaminya, sedangkan ia sebenarnya tidak beriman.\n\nAllah memerintahkan yang demikian itu bukan karena Dia tidak mengetahui hal ihwal mereka. Allah Maha Mengetahui hakikat iman mereka, bahkan mengetahui semua yang terbesit dalam hati mereka. Akan tetapi, untuk kewaspadaan dan berjaga-jaga di kalangan kaum Muslimin yang sedang berperang menghadapi orang-orang kafir, maka usaha-usaha mengadakan penelitian itu harus dilakukan, walaupun orang itu kerabat sendiri.\n\nJika dalam pemeriksaan itu terbukti mereka adalah orang-orang yang beriman, maka jangan sekali-kali kaum Muslimin mengembalikan mereka ke daerah kafir, sebab perempuan-perempuan yang beriman tidak halal lagi bagi suaminya yang kafir. Sebaliknya, pria-pria yang kafir tidak halal bagi perempuan yang beriman.\n\nDari ayat ini dapat ditetapkan suatu hukum yang menyatakan bahwa jika seorang istri telah masuk Islam, berarti sejak itu ia telah bercerai dengan suaminya yang masih kafir. Oleh karena itu, ia haram kembali kepada suaminya. Ayat ini juga menguatkan hukum yang menyatakan bahwa haram hukumnya seorang perempuan muslimat kawin dengan laki-laki kafir.\n\nKemudian Allah menetapkan agar mas kawin yang telah diterima istri yang masuk Islam itu dikembalikan kepada suaminya. Menurut Imam Syafi'i, istri wajib mengembalikan mahar itu jika pihak suaminya yang kafir itu memintanya. Jika pihak suami tidak memintanya, maka mahar itu tidak wajib dikembalikan. Sebagian ulama berpendapat bahwa mahar yang wajib dikembalikan itu jika suaminya termasuk orang yang telah melakukan perjanjian damai dengan kaum Muslimin, sedang bagi suami yang tidak termasuk dalam perjanjian damai dengan kaum Muslimin maharnya tidak wajib dikembalikan. Sebagian ulama lain berpendapat bahwa hukum pengembalian mahar itu bukan wajib tetapi sunah dan itu pun jika diminta oleh suaminya.\n\nSementara itu kaum Muslimin dibolehkan mengawini perempuan-perempuan mukminat yang berhijrah itu dengan membayar mahar. Hal ini berarti bahwa perempuan itu tidak boleh dijadikan budak, karena mereka bukan berasal dari tawanan perang. Allah menganjurkan kaum Muslimin mengawini mereka agar diri mereka terpelihara. \n\nAllah menerangkan bahwa penyebab larangan melanjutkan perkawinan istri yang beriman dengan suami yang kafir itu adalah karena tidak akan ada hubungan perkawinan antara perempuan-perempuan yang sudah beriman dengan suami-suami mereka yang masih kafir dan berada di daerah kafir. Akad perkawinan mereka tidak berlaku lagi sejak sang istri masuk Islam. Sebaliknya jika yang pergi ke daerah kafir itu adalah istri-istri yang beriman kemudian ia menjadi kafir, kaum Muslimin diperintahkan untuk membiarkan mereka pergi. Akan tetapi, mereka harus mengembalikan barang-barang yang pernah diberikan suaminya yang Muslim.\n\nSemua yang disebutkan itu adalah hukum-hukum Allah yang wajib ditaati oleh setiap orang yang menghambakan diri kepada-Nya, karena dalam menetapkan hukum-Nya, Allah Maha Mengetahui kesanggupan hamba yang akan memikul hukum itu dan mengetahui sesuatu yang paling baik dilakukan oleh hamba-hamba-Nya. Dalam menetapkan hukum itu, Allah juga mengetahui faedah dan akibat menetapkan hukum serta keserasian hukum itu bagi yang memikulnya.",
                        "11": "Dalam ayat ini diterangkan hukum seorang istri mukminat yang murtad dan lari dari suaminya ke daerah kafir, sedang ia belum mengembalikan mahar yang pernah diterima dari suaminya yang Mukmin itu. Jika si suami menyerang daerah kafir, kemudian dapat menawan bekas istrinya, maka bekas istrinya itu boleh diambilnya kembali dengan mengganti mahar yang telah diterima oleh istri dari suami yang kafir.\n\nDiriwayatkan oleh Ibnu Abi hatim dari al-hasan bahwa ayat ini diturunkan berhubungan dengan peristiwa Ummul hakam binti Abi Sufyan yang telah murtad dan melarikan diri dari suaminya, kemudian ia menikah dengan seorang laki-laki dari Bani tsaqif. Ayat ini memerintahkan agar mas kawin yang diterima Ummul hakam dari suaminya yang kafir itu diganti dan diambilkan dari hasil rampasan perang, dan Ummul hakam kembali kepada suaminya semula (yang Muslim).\n\nMenurut riwayat Ibnu 'Abbas, mas kawin itu diambil dan diberikan kepada suami yang kafir sebelum harta rampasan perang dibagi lima sebanyak yang pernah diberikan suami yang kafir kepada perempuan yang lari itu.\n\nPada akhir ayat ini Allah memerintahkan agar kaum Muslimin bertakwa dan melaksanakan perintah-perintah-Nya dan menghentikan larangan-larangan-Nya, baik yang diterangkan pada ayat di atas, maupun yang disebut pada ayat-ayat yang lain serta yang terdapat di dalam hadis, jika mereka beriman kepada-Nya dan kepada Rasul-Nya.",
                        "12": "Allah menyatakan kepada Nabi Muhammad bahwa perempuan-perempuan yang menyatakan keimanan dan ketaatannya harus berjanji bahwa mereka tidak akan mempersekutukan Allah dengan sesuatu pun, tidak akan mencuri harta orang lain, tidak akan berzina, tidak akan menggugurkan anak dalam kandungannya, dan tidak akan mengerjakan yang dilarang, seperti meratapi orang mati dengan mengoyak-ngoyak pakaian, dan sebagainya. Bila mereka telah berjanji, maka pernyataan iman mereka harus diterima. Nabi juga diperintahkan untuk mengatakan kepada mereka bahwa mereka akan mendapat ampunan Allah dan pahala dari-Nya jika mereka konsekuen melaksanakan janji mereka itu. Nabi juga diminta untuk berdoa kepada Allah agar dosa-dosa mereka diampuni, karena sesungguhnya Allah Maha Pengampun lagi Maha Penyayang.\n\nDiriwayatkan oleh al-Bukhari dari 'Urwah bin Zubair bahwa 'Aisyah berkata, \"Rasulullah saw menguji perempuan yang hijrah sesuai ayat: ya ayyuhan-nabiyy idha ja'akal-mu'minat¦..innallaha gafurur-rahim. Barang siapa yang telah memenuhi syarat-syarat di atas, berarti perempuan itu telah mengikrarkan pernyataan bahwa dirinya beriman.\"\n\nDiriwayatkan pula oleh 'Urwah bin Zubair dari 'Aisyah, ia berkata, \"Telah datang Fathimah binti 'Utbah untuk menyatakan keimanannya kepada Rasulullah, maka beliau meminta ia berjanji tidak akan mempersekutukan Allah dengan sesuatu pun, tidak mencuri, tidak berzina, tidak menggugurkan kandungannya, maka Fathimah merasa malu menyebut janji itu sambil meletakkan tangan di atas kepalanya.\" Maka 'Aisyah berkata, \"Hendaklah engkau akui yang dikatakan Nabi itu. Demi Allah, kami tidak menyatakan keimanan kecuali dengan cara demikian.\" Fathimah melaksanakan yang diminta 'Aisyah itu, lalu Nabi menerima pengakuannya.\n\nMenurut riwayat yang lain bahwa Nabi Muhammad banyak menerima pernyataan beriman dari para perempuan ketika penaklukan Mekah. Di antara yang menyatakan keimanannya itu terdapat Hindun binti 'Utbah, istri Abu Sufyan, kepala suku Quraisy.",
                        "13": "Diriwayatkan oleh Ibnu Mundhir dari Ibnu Ishaq dari 'Ikrimah dan Abu Sa'id dari Ibnu 'Abbas, ia menerangkan bahwa 'Abdullah bin 'Umar dan Zaid bin haritsah bersahabat dengan orang-orang Yahudi. Maka turunlah ayat ini yang melarang kaum Muslimin berteman erat dengan orang yang dimurkai Allah.\n\nDalam ayat ini, Allah menegaskan kembali larangan menjadikan orang-orang Yahudi, Nasrani, dan musyrik Mekah yang berniat jahat terhadap kaum Muslimin sebagai wali atau teman akrab, karena dikhawatirkan orang-orang yang beriman akan menyampaikan rahasia-rahasia penting kepada mereka.\n\nPada akhir ayat ini, Allah menerangkan bahwa orang-orang kafir itu telah putus asa untuk memperoleh kebaikan dari Allah di akhirat, karena kedurhakaan mereka kepada Rasulullah saw yang telah diisyaratkan kedatangannya dalam kitab-kitab mereka. Padahal, persoalan itu sudah dikuatkan pula dengan bukti-bukti yang jelas dan mukjizat yang nyata. Keputusasaan mereka untuk memperoleh rahmat Allah di hari akhirat sama halnya dengan keputusasaan mereka di dalam kubur karena mereka tidak percaya adanya kebangkitan kembali di akhirat."
                    }
                }
            }
        }
    }
}