{
    "63": {
        "number": "63",
        "name": "المنٰفقون",
        "name_latin": "Al-Munafiqun",
        "number_of_ayah": "11",
        "text": {
            "1": "اِذَا جَاۤءَكَ الْمُنٰفِقُوْنَ قَالُوْا نَشْهَدُ اِنَّكَ لَرَسُوْلُ اللّٰهِ ۘوَاللّٰهُ يَعْلَمُ اِنَّكَ لَرَسُوْلُهٗ ۗوَاللّٰهُ يَشْهَدُ اِنَّ الْمُنٰفِقِيْنَ لَكٰذِبُوْنَۚ ",
            "2": "اِتَّخَذُوْٓا اَيْمَانَهُمْ جُنَّةً فَصَدُّوْا عَنْ سَبِيْلِ اللّٰهِ ۗاِنَّهُمْ سَاۤءَ مَا كَانُوْا يَعْمَلُوْنَ ",
            "3": "ذٰلِكَ بِاَنَّهُمْ اٰمَنُوْا ثُمَّ كَفَرُوْا فَطُبِعَ عَلٰى قُلُوْبِهِمْ فَهُمْ لَا يَفْقَهُوْنَ ",
            "4": "۞ وَاِذَا رَاَيْتَهُمْ تُعْجِبُكَ اَجْسَامُهُمْۗ وَاِنْ يَّقُوْلُوْا تَسْمَعْ لِقَوْلِهِمْۗ  كَاَنَّهُمْ خُشُبٌ مُّسَنَّدَةٌ  ۗيَحْسَبُوْنَ كُلَّ صَيْحَةٍ عَلَيْهِمْۗ هُمُ الْعَدُوُّ فَاحْذَرْهُمْۗ قَاتَلَهُمُ اللّٰهُ ۖاَنّٰى يُؤْفَكُوْنَ",
            "5": "وَاِذَا قِيْلَ لَهُمْ تَعَالَوْا يَسْتَغْفِرْ لَكُمْ رَسُوْلُ اللّٰهِ لَوَّوْا رُءُوْسَهُمْ وَرَاَيْتَهُمْ يَصُدُّوْنَ وَهُمْ مُّسْتَكْبِرُوْنَ ",
            "6": "سَوَاۤءٌ عَلَيْهِمْ اَسْتَغْفَرْتَ لَهُمْ اَمْ لَمْ تَسْتَغْفِرْ لَهُمْۗ  لَنْ يَّغْفِرَ اللّٰهُ لَهُمْۗ اِنَّ اللّٰهَ لَا يَهْدِى الْقَوْمَ الْفٰسِقِيْنَ ",
            "7": "هُمُ الَّذِيْنَ يَقُوْلُوْنَ لَا تُنْفِقُوْا عَلٰى مَنْ عِنْدَ رَسُوْلِ اللّٰهِ حَتّٰى يَنْفَضُّوْاۗ وَلِلّٰهِ خَزَاۤىِٕنُ السَّمٰوٰتِ وَالْاَرْضِۙ وَلٰكِنَّ الْمُنٰفِقِيْنَ لَا يَفْقَهُوْنَ ",
            "8": "يَقُوْلُوْنَ لَىِٕنْ رَّجَعْنَآ اِلَى الْمَدِيْنَةِ لَيُخْرِجَنَّ الْاَعَزُّ مِنْهَا الْاَذَلَّ ۗوَلِلّٰهِ الْعِزَّةُ وَلِرَسُوْلِهٖ وَلِلْمُؤْمِنِيْنَ وَلٰكِنَّ الْمُنٰفِقِيْنَ لَا يَعْلَمُوْنَ ࣖ ",
            "9": "يٰٓاَيُّهَا الَّذِيْنَ اٰمَنُوْا لَا تُلْهِكُمْ اَمْوَالُكُمْ وَلَآ اَوْلَادُكُمْ عَنْ ذِكْرِ اللّٰهِ ۚوَمَنْ يَّفْعَلْ ذٰلِكَ فَاُولٰۤىِٕكَ هُمُ الْخٰسِرُوْنَ ",
            "10": "وَاَنْفِقُوْا مِنْ مَّا رَزَقْنٰكُمْ مِّنْ قَبْلِ اَنْ يَّأْتِيَ اَحَدَكُمُ الْمَوْتُ فَيَقُوْلَ رَبِّ لَوْلَآ اَخَّرْتَنِيْٓ اِلٰٓى اَجَلٍ قَرِيْبٍۚ فَاَصَّدَّقَ وَاَكُنْ مِّنَ الصّٰلِحِيْنَ ",
            "11": "وَلَنْ يُّؤَخِّرَ اللّٰهُ نَفْسًا اِذَا جَاۤءَ اَجَلُهَاۗ وَاللّٰهُ خَبِيْرٌۢ بِمَا تَعْمَلُوْنَ ࣖ "
        },
        "translations": {
            "id": {
                "name": "Orang-Orang Munafik",
                "text": {
                    "1": "Apabila orang-orang munafik datang kepadamu (Muhammad), mereka berkata, “Kami mengakui, bahwa engkau adalah Rasul Allah.” Dan Allah mengetahui bahwa engkau benar-benar Rasul-Nya; dan Allah menyaksikan bahwa orang-orang munafik itu benar-benar pendusta.",
                    "2": "Mereka menjadikan sumpah-sumpah mereka sebagai perisai, lalu mereka menghalang-halangi (manusia) dari jalan Allah. Sungguh, betapa buruknya apa yang telah mereka kerjakan.",
                    "3": "Yang demikian itu karena sesungguhnya mereka telah beriman, kemudian menjadi kafir, maka hati mereka dikunci, sehingga mereka tidak dapat mengerti. ",
                    "4": "Dan apabila engkau melihat mereka, tubuh mereka mengagumkanmu. Dan jika mereka berkata, engkau mendengarkan tutur-katanya. Mereka seakan-akan kayu yang tersandar. Mereka mengira bahwa setiap teriakan ditujukan kepada mereka. Mereka itulah musuh (yang sebenarnya), maka waspadalah terhadap mereka; Allah membinasakan mereka. Bagaimanakah mereka dapat dipalingkan (dari kebenaran)?",
                    "5": "Dan apabila dikatakan kepada mereka, “Marilah (beriman), agar Rasulullah memohonkan ampunan bagimu,” mereka membuang muka dan engkau lihat mereka berpaling dengan menyombongkan diri. ",
                    "6": "Sama saja bagi mereka, engkau (Muhammad) mohonkan ampunan untuk mereka atau tidak engkau mohonkan ampunan bagi mereka, Allah tidak akan mengampuni mereka; sesungguhnya Allah tidak akan memberi petunjuk kepada orang-orang yang fasik.",
                    "7": "Mereka yang berkata (kepada orang-orang Ansar), “Janganlah kamu bersedekah kepada orang-orang (Muhajirin) yang ada di sisi Rasulullah sampai mereka bubar (meninggalkan Rasulullah).” Padahal milik Allah-lah perbendaharaan langit dan bumi, tetapi orang-orang munafik itu tidak memahami.",
                    "8": "Mereka berkata, “Sungguh, jika kita kembali ke Madinah (kembali dari perang Bani Mustalik), pastilah orang yang kuat akan mengusir orang-orang yang lemah dari sana.” Padahal kekuatan itu hanyalah bagi Allah, Rasul-Nya dan bagi orang-orang mukmin, tetapi orang-orang munafik itu tidak mengetahui.",
                    "9": "Wahai orang-orang yang beriman! Janganlah harta bendamu dan anak-anakmu melalaikan kamu dari mengingat Allah. Dan barangsiapa berbuat demikian, maka mereka itulah orang-orang yang rugi.",
                    "10": "Dan infakkanlah sebagian dari apa yang telah Kami berikan kepadamu sebelum kematian datang kepada salah seorang di antara kamu; lalu dia berkata (menyesali), “Ya Tuhanku, sekiranya Engkau berkenan menunda (kematian)ku sedikit waktu lagi, maka aku dapat bersedekah dan aku akan termasuk orang-orang yang saleh.”",
                    "11": "Dan Allah tidak akan menunda (kematian) seseorang apabila waktu kematiannya telah datang. Dan Allah Mahateliti apa yang kamu kerjakan."
                }
            }
        },
        "tafsir": {
            "id": {
                "kemenag": {
                    "name": "Kemenag",
                    "source": "Aplikasi Quran Kementrian Agama Republik Indonesia",
                    "text": {
                        "1": "Allah menerangkan bahwa apabila orang-orang munafik hadir pada majelis Nabi saw, di antaranya 'Abdullah bin Ubay, mereka mengakui dengan pengakuan yang tidak mengandung keraguan sedikit pun bahwa Muhammad saw itu benar-benar rasul dari sisi Allah, telah diberi wahyu, dan diturunkan kepadanya kitab Al-Qur'an sebagai rahmat kepada hamba-hamba Allah. Allah sebelumnya telah menandaskan bahwa Muhammad itu adalah rasul atau utusan-Nya kepada manusia seluruhnya, memberi kabar gembira dan ancaman untuk menyelamatkan mereka dari kesesatan, dan membawa mereka kepada petunjuk yang benar. Allah mengetahui kebohongan orang-orang munafik itu di dalam pengakuannya. Mereka itu benar-benar lain di mulut lain di hati. Orang munafik adalah orang yang beriman secara lahiriah, tetapi tidak secara batiniah.",
                        "2": "Pada ayat ini, Allah menerangkan bahwa dalam menguatkan pengakuannya yang palsu itu, orang-orang munafik itu berani bersumpah, tetapi hal itu hanya sebagai perisai untuk menyelamatkan diri dari hukuman bunuh, penahanan, atau pengambilan harta benda mereka sebagai ganimah, sebagaimana hukuman yang dijatuhkan kepada orang-orang kafir. Qatadah berkata, \"Setiap akan dijatuhi hukuman terhadap orang-orang munafik atas perbuatannya, mereka mengemukakan sumpah palsu untuk menyelamatkan jiwa, darah, dan harta benda mereka.\" Tindakan mereka tidak terbatas dengan hal itu saja. Mereka juga menghalang-halangi manusia untuk masuk dan menganut agama Islam. \n\nAyat ini ditutup dengan satu ketegasan bahwa perbuatan orang-orang munafik itu adalah perbuatan yang paling jahat. Mereka lebih suka memilih kekafiran daripada iman, dan menampakkan apa yang berbeda dalam hatinya. Di dunia mereka akan kecewa dan di akhirat akan menyesal. Mereka akan dihina di depan khalayak ramai dengan menyatakan kemunafikan mereka kepada orang-orang mukmin di dunia ini. Sedangkan di akhirat, mereka akan dimasukkan ke dalam neraka Jahanam. Sejalan dengan ayat ini firman Allah:\n\nSungguh, orang-orang munafik itu (ditempatkan) pada tingkatan yang paling bawah dari neraka. Dan kamu tidak akan mendapat seorang penolong pun bagi mereka. (an-Nisa'/4: 145)\n\nFirman Allah:\n\nAllah menjanjikan (mengancam) orang-orang munafik laki-laki dan perempuan dan orang-orang kafir dengan neraka Jahanam. Mereka kekal di dalamnya. Cukuplah (neraka) itu bagi mereka. Allah melaknat mereka; dan mereka mendapat azab yang kekal. (at-Taubah/9: 68)",
                        "3": "Pada ayat ini, Allah menerangkan bahwa perbuatan jahat dan hina orang-orang munafik itu adalah karena mereka itu menampakkan iman pada lahiriahnya, kemudian mereka kafir dan ingkar dalam batinnya. Mereka itu tadinya memang beriman, lalu mereka kafir dan menyembunyikan kekafirannya yang menyebabkan hati mereka dikunci mati sehingga tidak dapat lagi memahami dan mengetahui mana yang baik, mana yang buruk, dan sebagainya. Akhirnya mereka itu tidak ada bedanya dengan orang-orang yang bisu, tuli, dan buta, sebagaimana disebutkan di dalam firman Allah:\n\nDan perumpamaan bagi (penyeru) orang yang kafir adalah seperti (penggembala) yang meneriaki (binatang) yang tidak mendengar selain panggilan dan teriakan. (Mereka) tuli, bisu, dan buta, maka mereka tidak mengerti. (al-Baqarah/2: 171)",
                        "4": "Pada ayat ini, Allah menerangkan bahwa orang-orang munafik itu terlihat sangat menakjubkan. Tubuh mereka tegap-tegap, simpatik, dan lancar berbicara serta mengasyikkan. Apabila mereka berkata, orang senang mendengarnya karena tutur bahasanya yang teratur, menarik, dan tidak membosankan. Mereka tidak ubahnya seperti kayu yang tersandar, benda yang mempunyai bentuk, tetapi tidak bernyawa. Ini biasa dipakai sebagai perumpamaan bagi orang yang kelihatannya bagus, tetapi amal perbuatannya jelek. Lahiriahnya elok, tetapi hatinya busuk, tidak ubahnya dengan kayu yang di dalamnya kosong melompong, kelihatannya indah, tetapi tidak dapat digunakan, tidak dapat diharapkan daripadanya hal yang baik dan bermanfaat. \n\nSetiap ada kata-kata yang sifatnya amar ma'ruf nahi mungkar, mereka menyangka bahwa kata-kata itu ditujukan kepadanya. Mereka takut kalau-kalau kedudukan dan pangkatnya terancam dan rahasianya terbongkar. Cercaan dan cemoohan terhadap mereka akan datang dan mereka akan menjadi bulan-bulanan. Allah berfirman:\n\nMereka kikir terhadapmu. Apabila datang ketakutan (bahaya), kamu lihat mereka itu memandang kepadamu dengan mata yang terbalik-balik seperti orang yang pingsan karena akan mati, dan apabila ketakutan telah hilang, mereka mencaci kamu dengan lidah yang tajam. (al-Ahzab/33: 19)\n\nMereka itu sebenarnya adalah musuh, karena itu berhati-hatilah menghadapinya, jangan terpengaruh dengan keramah-tamahan mereka, dan jangan termakan dengan bujuk rayu mereka. Mereka kelihatan tersenyum, tetapi di dalam hatinya terpendam dendam yang mendalam, iktikad jahat yang membawa maut. Mereka itu dilaknat Allah dan jauh dari rahmat-Nya, karena perbuatan mereka yang sangat jahat. Penerangan dan penjelasan tentang kebenaran telah cukup diberikan kepada mereka, tetapi mereka itu membuang kebenaran itu, dan melaksanakan kebatilan yang dilarang oleh Allah",
                        "5": "Orang-orang munafik itu apabila diajak mendatangi Rasulullah saw agar beliau memintakan ampunan kepada Allah atas dosa-dosa yang telah diperbuat, mereka itu menolak mentah-mentah ajakan itu. Mereka memalingkan mukanya dengan gaya yang menunjukkan keangkuhan dan kesombongan. Hal ini disebutkan pula dalam firman Allah:\n\nDan apabila dikatakan kepada mereka, “Marilah (patuh) kepada apa yang telah diturunkan Allah dan (patuh) kepada Rasul,” (niscaya) engkau (Muhammad) melihat orang munafik menghalangi dengan keras darimu. (an-Nisa'/4: 61)",
                        "6": "Allah menerangkan bahwa bagi orang-orang munafik, dimintakan ampunan atau tidak, sama saja. Allah tidak akan mengampuni mereka. Dia telah menetapkan mereka termasuk orang-orang yang celaka karena perbuatan mereka yang bergelimang dosa dan menunjukkan dengan jelas kemunafikan serta keingkaran di dalam hati mereka yang disembunyikan. Allah tidak akan memberi petunjuk kepada orang-orang fasik yang kerjanya hanya berbuat jahat, tidak memperhatikan nasihat-nasihat yang baik, dan tidak akan menyadari peringatan yang diberikan kepadanya. Perkataannya penuh kebohongan dan keingkaran yang keterlaluan, sebagaimana Allah berfirman:\n\nSungguh, Allah tidak memberi petunjuk kepada pendusta dan orang yang sangat ingkar. (az-Zumar/39: 3)\n\nFirman Allah:\n\nSesungguhnya Allah tidak memberi petunjuk kepada orang yang melampaui batas dan pendusta. (Gafir/40: 28)\n\nDan firman Allah:\n\n(Sama saja) engkau (Muhammad) memohonkan ampunan bagi mereka atau tidak memohonkan ampunan bagi mereka. Walaupun engkau memohonkan ampunan bagi mereka tujuh puluh kali, Allah tidak akan memberi ampunan kepada mereka. Yang demikian itu karena mereka ingkar (kafir) kepada Allah dan rasul-Nya. Dan Allah tidak memberi petunjuk kepada orang-orang yang fasik. (at-Taubah/9: 80)",
                        "7": "Allah menjelaskan bahwa orang-orang munafik itu selalu menganjurkan agar orang-orang Ansar tidak memberi nafkah kepada orang-orang Muhajirin yang datang bersama-sama Muhammad saw dari Mekah dan membiarkan mereka menderita kelaparan, sehingga mereka akan meninggalkan Nabi saw. Anjuran dan anggapan orang-orang munafik itu keliru. Mereka tidak mengetahui bahwa semua yang ada di langit dan di bumi adalah kepunyaan Allah. Di tangan-Nya-lah kunci perbendaharaan rezeki manusia. Tidak seorang pun yang dapat memberikan sesuatu kepada yang lain kecuali dengan kehendak-Nya. Mereka tidak mau memahami sunatullah yang berlaku bagi makhluk-makhluk-Nya. Allah telah menjamin rezeki hamba-hamba-Nya di mana pun mereka berada. Setiap mereka bekerja dan berusaha, mereka akan memperoleh rezekinya.",
                        "8": "Pada ayat ini, Allah menerangkan bahwa 'Abdullah bin Ubay dan pengikut-pengikutnya merencanakan apabila kembali ke Medinah dari peperangan Bani Musthaliq, mereka akan mengusir orang-orang mukmin dari Medinah. Mereka merasa dan menganggap bahwa merekalah yang kuat, perkasa, dan mulia, sedangkan orang-orang mukmin itu lemah dan hina. Mereka tidak menyadari bahwa kekuatan, keperkasaan, dan kemuliaan berada di tangan Allah dan rasul-Nya, serta orang-orang mukmin yang telah dimuliakan-Nya. \n\nDiriwayatkan bahwa 'Abdullah putra 'Abdullah bin Ubay adalah orang yang benar-benar beriman. Ia pernah mencabut pedang mengancam ayahnya, 'Abdullah bin Ubay, ketika mereka sudah dekat di Medinah dan berkata, \"Demi Allah, saya tidak akan memasukkan pedangku ini ke dalam sarungnya, sehingga engkau mengucapkan, 'Bahwa Muhammad itulah yang mulia dan sayalah yang hina.\" 'Abdullah putra 'Abdullah bin Ubay tetap pada sikapnya, sehingga ayahnya mengucapkan pengakuan tersebut yaitu Muhammadlah yang mulia dan dia yang hina. \n\nOrang-orang munafik tidak mengetahui bahwa sesungguhnya kemuliaan itu ada pada Allah, rasul-Nya, dan orang-orang mukmin. Kemenangan terakhir ada pada orang-orang yang bertakwa dan Allah akan memberi pertolongan kepada orang-orang yang menegakkan agama-Nya, sebagaimana diterangkan dalam ayat lain:\n\nAllah telah menetapkan, \"Aku dan rasul-rasul-Ku pasti menang.\" Sungguh, Allah Mahakuat, Mahaperkasa. (al-Mujadalah/58: 21)",
                        "9": "Allah mengingatkan bahwa kesibukan mengurus harta benda dan memperhatikan persoalan anak-anak jangan membuat manusia lalai dari kewajibannya kepada Allah atau bahkan tidak menunaikannya. Hendaknya perhatian mereka terhadap dunia dan akhirat seimbang, sebagaimana tertuang dalam sebuah riwayat:\n\nBeramallah (amalan duniawi) seperti amalan seseorang yang mengira bahwa ia tidak akan meninggal selama-lamanya. Namun, waspadalah seperti kewaspadaan seseorang yang akan meninggal besok. (Riwayat al-Baihaqi dari Abdullah bin Ibnu 'Amru bin al-'As)\n\nDalam hadis lain, Nabi bersabda:\n\nBukanlah orang yang terbaik di antara kamu seseorang yang meninggalkan (kepentingan) dunianya karena akhirat, dan sebaliknya meninggalkan (kepentingan) akhiratnya karena urusan dunianya, sehingga ia mendapatkan (bagian) keduanya sekaligus, ini dikarenakan kehidupan dunia merupakan wasilah yang menyampaikan ke kehidupan akhirat dan janganlah kamu menjadi beban terhadap orang lain. (Riwayat Ibnu 'Asakir dari Anas bin Malik) \n\nDi sinilah letak keistimewaan dan keunggulan agama yang dibawa oleh junjungan kita Nabi Muhammad saw yaitu agama Islam. Agama yang tidak menghendaki umatnya bersifat materialistis, yang semua pikiran dan usahanya hanya ditujukan untuk mengumpulkan kekayaan dan kenikmatan dunia, seperti halnya orang-orang Yahudi. Islam juga agama yang tidak membenarkan umatnya hanya mementingkan akhirat saja, tenggelam dalam kerohanian, menjauhkan diri dari kelezatan hidup, membujang terus dan tidak kawin, sebagaimana halnya orang-orang Nasrani. Allah berfirman:\n\nWahai anak cucu Adam! Pakailah pakaianmu yang bagus pada setiap (memasuki) masjid, makan dan minumlah, tetapi jangan berlebihan. (al-A'raf/7: 31)\n\nFirman Allah:\n\nKatakanlah (Muhammad), \"Siapakah yang mengharamkan perhiasan dari Allah yang telah disediakan untuk hamba-hamba-Nya dan rezeki yang baik-baik? (al-A'raf/7: 32)\n\nAllah menegaskan pada akhir ayat 9 ini bahwa orang-orang yang sangat mementingkan urusan dunia dan meninggalkan kebahagiaan akhirat, berarti telah mengundang murka Allah. Mereka akan merugi karena menukar sesuatu yang kekal abadi dengan sesuatu yang fana dan hilang lenyap.",
                        "10": "Pada ayat ini, Allah menganjurkan agar orang-orang mukmin membelanjakan sebagian rezeki yang telah dikaruniakan kepadanya, sebagai tanda syukur atas nikmat-Nya. Hal itu bisa berupa menyantuni anak-anak yatim, orang-orang fakir miskin, dan sebagainya. Hal ini merupakan bekal untuk akhirat untuk dinikmati di hari kemudian. Janganlah kekayaan itu hanya ditumpuk untuk diwarisi oleh para ahli waris yang belum tentu akan memanfaatkannya dengan sebaik-baiknya serta mendatangkan kegembiraan, atau untuk disia-siakan yang akan mengakibatkan kekecewaan. Kekayaan yang ada pada seseorang, bagaimanapun banyaknya, hanya tiga macam yang menjadi miliknya, sebagaimana diriwayatkan bahwa Nabi saw bersabda: \n\nMutharrif bin Syu'bah meriwayatkan dari ayahnya berkata, \"Aku mendatangi Nabi saw, sedangkan beliau sedang membaca ayat 'alhakumut-takatsur.\" Lalu Nabi saw bersabda, \"(Ada seorang) manusia mengatakan 'hartaku-hartaku.\" Nabi saw bersabda lagi, \"Wahai manusia, kamu tidaklah memiliki harta (yang kamu kumpulkan), melainkan apa yang kamu makan maka telah habis, apa yang kamu pakai maka telah lusuh, dan apa yang kamu sedekahkan maka telah berlalu.\" (Riwayat Muslim)\n\nMembelanjakan harta benda untuk kemanfaataan dunia dan akhirat, janganlah ditunda-tunda sampai datang sakaratul maut. Dan jangan berandai-andai kalau-kalau umurnya masih bisa diperpanjang atau kematiannya masih bisa ditunda. Ia harus membelanjakan harta bendanya kepada yang diridai Allah, dan beramal baik sehingga ia dapat digolongkan bersama orang-orang yang saleh sebelum ajal tiba, karena apabila ajal telah sampai pada batasnya, tak dapat lagi diubah, dimajukan, atau ditangguhkan.",
                        "11": "Ayat ini menegaskan bahwa Allah tidak akan menunda kematian seseorang apabila telah sampai ajalnya. Oleh karena itu, bersiap-siaplah untuk menghadapi maut itu. Kumpulkanlah sebanyak-banyaknya bekal berupa amal saleh yang akan dibawa dan yang bermanfaat di akhirat nanti. \n\n\n\nFirman Allah:\n\nMaka adapun orang yang berat timbangan (kebaikan)nya, maka dia berada dalam kehidupan yang memuaskan (senang). Dan adapun orang yang ringan timbangan (kebaikan)nya, maka tempat kembalinya adalah neraka Hawiyah. Dan tahukah kamu apakah neraka Hawiyah itu? (Yaitu) api yang sangat panas. (al-Qari'ah/101: 6-11)\n\nAyat yang kesebelas ini ditutup dengan penegasan bahwa Allah itu Maha Mengetahui apa yang diperbuat hamba-Nya. Semua itu akan dibalas di hari kemudian, sesuai dengan amal perbuatannya. Kalau baik dimasukkan ke dalam surga, dan kalau jahat akan dimasukkan ke dalam neraka."
                    }
                }
            }
        }
    }
}