{
    "64": {
        "number": "64",
        "name": "التغابن",
        "name_latin": "At-Tagabun",
        "number_of_ayah": "18",
        "text": {
            "1": "يُسَبِّحُ لِلّٰهِ مَا فِى السَّمٰوٰتِ وَمَا فِى الْاَرْضِۗ لَهُ الْمُلْكُ وَلَهُ الْحَمْدُۖ وَهُوَ عَلٰى كُلِّ شَيْءٍ قَدِيْرٌ ",
            "2": "هُوَ الَّذِيْ خَلَقَكُمْ فَمِنْكُمْ كَافِرٌ وَّمِنْكُمْ مُّؤْمِنٌۗ وَاللّٰهُ بِمَا تَعْمَلُوْنَ بَصِيْرٌ ",
            "3": "خَلَقَ السَّمٰوٰتِ وَالْاَرْضَ بِالْحَقِّ وَصَوَّرَكُمْ فَاَحْسَنَ صُوَرَكُمْۚ وَاِلَيْهِ الْمَصِيْرُ ",
            "4": "يَعْلَمُ مَا فِى السَّمٰوٰتِ وَالْاَرْضِ وَيَعْلَمُ مَا تُسِرُّوْنَ وَمَا تُعْلِنُوْنَۗ وَاللّٰهُ عَلِيْمٌ ۢبِذَاتِ الصُّدُوْرِ ",
            "5": "اَلَمْ يَأْتِكُمْ نَبَؤُا الَّذِيْنَ كَفَرُوْا مِنْ قَبْلُ ۖفَذَاقُوْا وَبَالَ اَمْرِهِمْ وَلَهُمْ عَذَابٌ اَلِيْمٌ ",
            "6": "ذٰلِكَ بِاَنَّهٗ كَانَتْ تَّأْتِيْهِمْ رُسُلُهُمْ بِالْبَيِّنٰتِ فَقَالُوْٓا اَبَشَرٌ يَّهْدُوْنَنَاۖ فَكَفَرُوْا وَتَوَلَّوْا وَّاسْتَغْنَى اللّٰهُ ۗوَاللّٰهُ غَنِيٌّ حَمِيْدٌ ",
            "7": "زَعَمَ الَّذِيْنَ كَفَرُوْٓا اَنْ لَّنْ يُّبْعَثُوْاۗ قُلْ بَلٰى وَرَبِّيْ لَتُبْعَثُنَّ ثُمَّ لَتُنَبَّؤُنَّ بِمَا عَمِلْتُمْۗ وَذٰلِكَ عَلَى اللّٰهِ يَسِيْرٌ ",
            "8": "فَاٰمِنُوْا بِاللّٰهِ وَرَسُوْلِهٖ وَالنُّوْرِ الَّذِيْٓ اَنْزَلْنَاۗ وَاللّٰهُ بِمَا تَعْمَلُوْنَ خَبِيْرٌ ",
            "9": "يَوْمَ يَجْمَعُكُمْ لِيَوْمِ الْجَمْعِ ذٰلِكَ يَوْمُ التَّغَابُنِۗ وَمَنْ يُّؤْمِنْۢ بِاللّٰهِ وَيَعْمَلْ صَالِحًا يُّكَفِّرْ عَنْهُ سَيِّاٰتِهٖ وَيُدْخِلْهُ جَنّٰتٍ تَجْرِيْ مِنْ تَحْتِهَا الْاَنْهٰرُ خٰلِدِيْنَ فِيْهَآ اَبَدًاۗ ذٰلِكَ الْفَوْزُ الْعَظِيْمُ ",
            "10": "وَالَّذِيْنَ كَفَرُوْا وَكَذَّبُوْا بِاٰيٰتِنَآ اُولٰۤىِٕكَ اَصْحٰبُ النَّارِ خٰلِدِيْنَ فِيْهَاۗ وَبِئْسَ الْمَصِيْرُ ࣖ ",
            "11": "مَآ اَصَابَ مِنْ مُّصِيْبَةٍ اِلَّا بِاِذْنِ اللّٰهِ ۗوَمَنْ يُّؤْمِنْۢ بِاللّٰهِ يَهْدِ قَلْبَهٗ ۗوَاللّٰهُ بِكُلِّ شَيْءٍ عَلِيْمٌ ",
            "12": "وَاَطِيْعُوا اللّٰهَ وَاَطِيْعُوا الرَّسُوْلَۚ فَاِنْ تَوَلَّيْتُمْ فَاِنَّمَا عَلٰى رَسُوْلِنَا الْبَلٰغُ الْمُبِيْنُ ",
            "13": "اَللّٰهُ لَآ اِلٰهَ اِلَّا هُوَۗ وَعَلَى اللّٰهِ فَلْيَتَوَكَّلِ الْمُؤْمِنُوْنَ ",
            "14": "يٰٓاَيُّهَا الَّذِيْنَ اٰمَنُوْٓا اِنَّ مِنْ اَزْوَاجِكُمْ وَاَوْلَادِكُمْ عَدُوًّا لَّكُمْ فَاحْذَرُوْهُمْۚ وَاِنْ تَعْفُوْا وَتَصْفَحُوْا وَتَغْفِرُوْا فَاِنَّ اللّٰهَ غَفُوْرٌ رَّحِيْمٌ ",
            "15": "اِنَّمَآ اَمْوَالُكُمْ وَاَوْلَادُكُمْ فِتْنَةٌ  ۗوَاللّٰهُ عِنْدَهٗٓ اَجْرٌ عَظِيْمٌ ",
            "16": "فَاتَّقُوا اللّٰهَ مَا اسْتَطَعْتُمْ وَاسْمَعُوْا وَاَطِيْعُوْا وَاَنْفِقُوْا خَيْرًا لِّاَنْفُسِكُمْۗ وَمَنْ يُّوْقَ شُحَّ نَفْسِهٖ فَاُولٰۤىِٕكَ هُمُ الْمُفْلِحُوْنَ ",
            "17": "اِنْ تُقْرِضُوا اللّٰهَ قَرْضًا حَسَنًا يُّضٰعِفْهُ لَكُمْ وَيَغْفِرْ لَكُمْۗ وَاللّٰهُ شَكُوْرٌ حَلِيْمٌۙ ",
            "18": "عٰلِمُ الْغَيْبِ وَالشَّهَادَةِ الْعَزِيْزُ الْحَكِيْمُ ࣖ "
        },
        "translations": {
            "id": {
                "name": "Pengungkapan Kesalahan",
                "text": {
                    "1": "Apa yang ada di langit dan apa yang ada di bumi senantiasa bertasbih kepada Allah; milik-Nya semua kerajaan dan bagi-Nya (pula) segala puji; dan Dia Mahakuasa atas segala sesuatu. ",
                    "2": "Dialah yang menciptakan kamu, lalu di antara kamu ada yang kafir dan di antara kamu (juga) ada yang mukmin. Dan Allah Maha Melihat apa yang kamu kerjakan.",
                    "3": "Dia menciptakan langit dan bumi dengan (tujuan) yang benar, Dia membentuk rupamu lalu memperbagus rupamu, dan kepada-Nya tempat kembali. ",
                    "4": "Dia mengetahui apa yang di langit dan di bumi, dan mengetahui apa yang kamu rahasiakan dan apa yang kamu nyatakan. Dan Allah Maha Mengetahui segala isi hati. ",
                    "5": "Apakah belum sampai kepadamu (orang-orang kafir) berita orang-orang kafir dahulu? Maka mereka telah merasakan akibat buruk dari perbuatannya dan mereka memperoleh azab yang pedih. ",
                    "6": "Yang demikian itu karena sesungguhnya ketika rasul-rasul datang kepada mereka (membawa) keterangan-ke-terangan lalu mereka berkata, “Apakah  (pantas) manusia yang memberi petunjuk kepada kami?” Lalu mereka ingkar dan berpaling; padahal Allah tidak memerlukan (mereka). Dan Allah Mahakaya, Maha Terpuji. ",
                    "7": "Orang-orang yang kafir mengira, bahwa mereka tidak akan dibangkitkan. Katakanlah (Muhammad), “Tidak demikian, demi Tuhanku, kamu pasti dibangkitkan, kemudian diberitakan semua yang telah kamu kerjakan.” Dan yang demikian itu mudah bagi Allah. ",
                    "8": "Maka berimanlah kamu kepada Allah dan Rasul-Nya dan kepada cahaya (Al-Qur'an) yang telah Kami turunkan. Dan Allah Mahateliti terhadap apa yang kamu kerjakan.",
                    "9": "(Ingatlah) pada hari (ketika) Allah mengumpulkan kamu pada hari berhimpun, itulah hari pengungkapan kesalahan-kesalahan. Dan barangsiapa beriman kepada Allah dan mengerjakan kebajikan niscaya Allah akan menghapus kesalahan-kesalahannya dan memasukkannya ke dalam surga yang mengalir di bawahnya sungai-sungai, mereka kekal di dalamnya selama-lamanya. Itulah kemenangan yang agung. ",
                    "10": "Dan orang-orang yang kafir dan mendustakan ayat-ayat Kami, mereka itulah penghuni neraka, mereka kekal di dalamnya. Dan itulah seburuk-buruk tempat kembali. ",
                    "11": "Tidak ada sesuatu musibah yang menimpa (seseorang), kecuali dengan izin Allah; dan barangsiapa beriman kepada Allah, niscaya Allah akan memberi petunjuk kepada hatinya. Dan Allah Maha Mengetahui segala sesuatu. ",
                    "12": "Dan taatlah kepada Allah dan taatlah kepada Rasul. Jika kamu berpaling maka sesungguhnya kewajiban Rasul Kami hanyalah menyampaikan (amanah Allah) dengan terang. ",
                    "13": "(Dialah) Allah, tidak ada tuhan selain Dia. Dan hendaklah orang-orang mukmin bertawakal kepada Allah.",
                    "14": "Wahai orang-orang yang beriman! Sesungguhnya di antara istri-istrimu dan anak-anakmu ada yang menjadi musuh bagimu, maka berhati-hatilah kamu terhadap mereka; dan jika kamu maafkan dan kamu santuni serta ampuni (mereka), maka sungguh, Allah Maha Pengampun, Maha Penyayang.",
                    "15": "Sesungguhnya hartamu dan anak-anakmu hanyalah cobaan (bagimu), dan di sisi Allah pahala yang besar. ",
                    "16": "Maka bertakwalah kamu kepada Allah menurut kesanggupanmu dan dengarlah serta taatlah; dan infakkanlah harta yang baik untuk dirimu. Dan barang-siapa dijaga dirinya dari kekikiran, mereka itulah orang-orang yang beruntung. ",
                    "17": "Jika kamu meminjamkan kepada Allah dengan pinjaman yang baik, niscaya Dia melipatgandakan (balasan) untukmu dan mengampuni kamu. Dan Allah Maha Mensyukuri, Maha Penyantun.",
                    "18": "Yang Mengetahui yang gaib dan yang nyata. Yang Mahaperkasa, Mahabijaksana."
                }
            }
        },
        "tafsir": {
            "id": {
                "kemenag": {
                    "name": "Kemenag",
                    "source": "Aplikasi Quran Kementrian Agama Republik Indonesia",
                    "text": {
                        "1": "Allah menerangkan bahwa apa yang ada di langit dan di bumi bertasbih menyucikan-Nya. Ini berarti bahwa apa yang ada di langit dan di bumi menunjukkan kesucian dan kesempurnaan Allah serta semua makhluk itu tunduk dan menyerah kepada-Nya. Dialah Maharaja yang berwenang berbuat sesuai dengan kehendak-Nya terhadap semua yang ada, berhak dipuji atas penciptaan-Nya, karena Dia sumber segala kebaikan. Allah Mahakuasa atas segala sesuatu, apa yang dikehendaki-Nya pasti berwujud dan menjadi kenyataan tanpa ada yang dapat menghalangi-Nya. Sedangkan terhadap apa yang tidak dikehendaki-Nya, hal itu tidak akan ada.",
                        "2": "Ayat ini menerangkan bahwa Allahlah yang menciptakan semua yang ada menurut kehendak-Nya. Allah berfirman:\n\nAllah pencipta segala sesuatu dan Dia Maha Pemelihara atas segala sesuatu. (az-Zumar/39: 62)\n\nPada dasarnya manusia ketika dilahirkan dalam keadaan fitrah, tetapi sebagian dari manusia itu memilih kekafiran yang bertentangan dengan fitrahnya dan sebahagian lagi memilih iman sesuai dengan tuntutan fitrahnya, sebagaimana sabda Nabi saw:\n\nSetiap anak dilahirkan dalam keadaan fitrah (Islam). Maka kedua orang tualah yang akan menjadikannya seorang Yahudi, Nasrani, atau Majusi. (Riwayat al-Bukhari dan Muslim)\n\nAndaikata manusia itu mau memikirkan kejadiannya dan kejadian yang ada di alam raya ini, pasti cukup menjadi jaminan bagi manusia untuk kembali kepada yang hak dengan memilih iman, dan mensyukuri nikmat yang telah dianugerahkan kepadanya. Akan tetapi, manusia itu tidak sadar dan insaf atas semuanya itu, sehingga terjadilah perpecahan, mengingkari Tuhan yang menciptakannya, serta nikmat-nikmat yang telah dianugerahkan kepadanya. Selayaknya manusia itu menginsafi bahwa Allah melihat segala yang dikerjakannya, dan di akhirat nanti dia akan diberi balasan terhadap semua itu. Yang baik dibalas dengan surga, sedangkan yang jahat dibalas dengan siksaan dan dimasukkan ke dalam neraka Jahanam, sejahat-jahat tempat kediaman, sebagaimana Allah berfirman:\n\nSungguh, Jahanam itu seburuk-buruk tempat menetap dan tempat kediaman. (al-Furqan/25: 66)",
                        "3": "Ayat ini menerangkan bahwa Allah menciptakan langit dan bumi dengan tujuan yang benar, penuh kebijaksanaan, dan menjamin kebahagiaan makhluknya di dunia dan akhirat. Dia pulalah yang menjadikan manusia dalam bentuk yang sebagus-bagusnya, berbeda dengan makhluk yang lain. Manusia akan mempertanggungjawabkan segala perbuatannya di dunia lalu mendapat balasan yang setimpal, Allah berfirman:\n\nSungguh, Kami telah menciptakan manusia dalam bentuk yang sebaik-baiknya. (at-Tin/95: 4)\n\nDalam ayat lain Allah berfirman:\n\nDan takutlah pada hari (ketika) kamu semua dikembalikan kepada Allah. Kemudian setiap orang diberi balasan yang sempurna sesuai dengan apa yang telah dilakukannya, dan mereka tidak dizalimi (dirugikan). (al-Baqarah/2: 281)\n\nPenjelasan mengenai penciptaan dengan tujuan yang benar dapat dilihat pada uraian mengenai hal yang sama pada Surah ad-Dukhan/44: 38-39 dan sad/38: 27.",
                        "4": "Ayat ini menyatakan bahwa Allah Maha Mengetahui apa yang ada di langit dan di bumi. Tidak satu pun yang tersembunyi bagi-Nya. Dialah yang mengatur yang ada sesuai dengan ilmu-Nya yang luas dan kekuasaan-Nya yang mencakup dan meliputi segala sesuatu menurut kehendak-Nya, sebagaimana Allah berfirman:\n\nSesungguhnya urusan-Nya apabila Dia menghendaki sesuatu Dia hanya berkata kepadanya, \"Jadilah!\" Maka jadilah sesuatu itu. (Yasin/36: 82)\n\nAllah mengetahui segala sesuatu, baik yang dirahasiakan apalagi yang tampak nyata. Maka seyogyanya manusia berbuat sesuai dengan apa yang digariskan agama Allah yang dibawa junjungan kita Nabi Muhammad saw yaitu agama Islam, untuk mendapat rida-Nya, memperoleh pahala yang berlipat-ganda, dan berbahagia di dunia dan akhirat.\n\nAyat ke-4 ini ditutup dengan satu ketegasan bahwa Allah itu Maha Mengetahui segala isi hati, tidak ada sesuatu pun yang tersembunyi bagi-Nya. Firman Allah:\n\nSungguh, Allah Maha Mengetahui segala sesuatu. (al-'Ankabut/29: 62)\n\nDalam ayat lain Allah berfirman:\n\nSesungguhnya Allah Maha Mengetahui segala isi hati. (Luqman/31: 23)",
                        "5": "Orang-orang munafik itu apabila diajak mendatangi Rasulullah saw agar beliau memintakan ampunan kepada Allah atas dosa-dosa yang telah diperbuat, mereka itu menolak mentah-mentah ajakan itu. Mereka memalingkan mukanya dengan gaya yang menunjukkan keangkuhan dan kesombongan. Hal ini disebutkan pula dalam firman Allah:\n\nDan apabila dikatakan kepada mereka, \"Marilah (patuh) kepada apa yang telah diturunkan Allah dan (patuh) kepada Rasul,\" (niscaya) engkau (Muhammad) melihat orang munafik menghalangi dengan keras darimu. (an-Nisa'/4: 61)",
                        "6": "Allah memperingatkan orang-orang musyrik penduduk Mekah tentang kejadian-kejadian yang telah dialami oleh orang-orang yang mengingkari para rasul sebelum mereka, seperti kaum Nuh, kaum Hud, kaum Saleh, dan lainnya. Kepada mereka telah ditimpakan berbagai azab dan siksa yang bermacam-macam bentuknya. Ada yang berupa banjir yang menenggelamkan dan merusak apa yang ada di atas bumi, ada yang berupa angin topan yang menerbangkan dan menghancurkan bangunan-bangunan tempat tinggal mereka, dan lain sebagainya.\n\n(6) Allah menerangkan bahwa sebab-sebab ditimpakan berbagai azab kepada umat terdahulu itu ialah karena kecerobohan mereka mendustakan para rasul sesudah mereka diberi keterangan yang jelas, dan diperlihatkan mukjizat-mukjizat nyata. Mereka berkata, \"Satu hal yang ajaib bahwa orang yang akan memberi petunjuk kepada kami ialah manusia biasa yang tidak mempunyai sedikit pun kelebihan dari kami. Ia tidak mempunyai pikiran lebih unggul dari kami, dan tidak memiliki kekuatan dan kekuasaan untuk menundukkan kami.\" Dalam ayat yang lain Allah berfirman:\n\nMaka mereka berkata, \"Bagaimana kita akan mengikuti seorang manusia (biasa) di antara kita?\" (al-Qamar/54: 24)\n\nMereka tidak mengetahui bahwa para nabi dan rasul itu adalah orang-orang yang telah dipilih Allah menurut kehendak-Nya, sebagaimana diterangkan dalam firman-Nya:\n\nAllah lebih mengetahui di mana Dia menempatkan tugas kerasulan-Nya. (al-An'am/6: 124)\n\nSetelah keingkaran mereka berkepanjangan dan pembangkangan mereka berlarut-larut, maka Allah membinasakan mereka. Allah tidak memerlukan mereka serta tidak mempunyai kepentingan sedikit pun kepada mereka. Dia Mahakuasa, tidak mempunyai keperluan sedikit pun kepada sesuatu, Maha Terpuji atas segala nikmat yang telah ditetapkan kepada makhluk-Nya.",
                        "7": "Dalam ayat ini, Allah menerangkan bahwa orang musyrik beranggapan tidak akan ada hari kebangkitan, hari perhitungan, dan hari pembalasan. Anggapan mereka ini diungkapkan juga dalam ayat yang berbunyi:\n\nApabila kami telah menjadi tanah, apakah kami akan (dikembalikan) menjadi makhluk yang baru? (ar-Ra'd/13: 5)\n\nFirman Allah:\n\nSiapakah yang dapat menghidupkan tulang-belulang, yang telah hancur luluh? (Yasin/36: 78)\n\nAnggapan orang musyrik yang salah itu ditolak Allah dengan tegas. Allah menyatakan bahwa hari kebangkitan dan hari pembalasan itu pasti ada, dan semua manusia dihidupkan kembali pada hari itu. Lalu diberitakan semua yang pernah mereka perbuat di dunia sampai kepada yang sekecil-kecilnya untuk dihisab dan diberi balasan. Yang demikian ini bagi Allah sangat mudah dan tidak ada kesulitan sama sekali. Firman Allah:\n\nKatakanlah (Muhammad), \"Yang akan menghidupkannya ialah (Allah) yang menciptakannya pertama kali. Dan Dia Maha Mengetahui tentang segala makhluk. (Yasin/36:79)\n\nDalam ayat yang lain Allah berfirman:\n\nDan orang-orang yang kafir berkata, \"Hari Kiamat itu tidak akan datang kepada kami.\" Katakanlah, \"Pasti datang, demi Tuhanku yang mengetahui yang gaib, Kiamat itu pasti akan datang kepadamu. (Saba'/34: 3)",
                        "8": "Dalam ayat ini, Allah memerintahkan orang-orang musyrik, sesudah ditegaskan bahwa hari kebangkitan itu pasti ada, agar beriman kepada-Nya, Rasul-Nya, dan cahaya Al-Qur'an yang telah diturunkan-Nya, yang akan memberi petunjuk dan membimbing manusia ke jalan yang benar. Amal perbuatan mereka itu tidak ada yang tersembunyi bagi Allah. Semua diketahui-Nya dan akan dibalas pada hari kebangkitan nanti, yang baik maupun yang buruk.",
                        "9": "Dalam ayat ini, Allah menjelaskan bahwa pada hari Kiamat nanti Dia akan mengumpulkan orang-orang terdahulu dan yang datang kemudian di suatu lapangan, sebagaimana firman-Nya:\n\nItulah hari ketika semua manusia dikumpulkan (untuk dihisab), dan itulah hari yang disaksikan (oleh semua makhluk). (Hud/11: 103)\n\nFirman Allah dalam ayat lain:\n\nKatakanlah, \"(Ya), sesungguhnya orang-orang yang terdahulu dan yang kemudian, pasti semua akan dikumpulkan pada waktu tertentu, pada hari yang sudah dimaklumi.\" (al-Waqi'ah/56: 49-50)\n\nPada hari itulah nanti akan diteliti dan dibalas amal yang telah dilakukan setiap manusia di dunia ini. Semua amal, baik berupa kesalahan atau kebenaran, akan terungkap pada hari itu. Hari itulah yang dinamakan hari \"tagabun\". Orang-orang kafir yang telah menukar kehidupan akhirat dengan dunia yakni memilih kelezatan dunia dari kenikmatan akhirat, akan merugi dan tidak memperoleh keuntungan sedikit pun. Sedangkan orang-orang mukmin yang telah mengorbankan dirinya untuk memperoleh surga, mereka itulah yang beruntung dan tak akan merugi sedikit pun. Dalam sebuah hadis diriwayatkan:\n\nTidak seseorang masuk surga melainkan diperlihatkan kepadanya tempat (yang pernah disediakan baginya) di neraka, seandainya ia berbuat keburukan agar menambah kesyukuran. Dan tidaklah seseorang masuk neraka melainkan diperlihatkan kepadanya tempat (yang pernah disediakan baginya) di surga, seandainya ia berbuat kebaikan agar penyesalannya bertambah. (Riwayat Ahmad dan al-Bukhari dari Abu Hurairah)\n\nOrang-orang yang percaya kepada Allah dan taat kepada perintah-Nya, menjauhi larangan-Nya, niscaya dihapus semua kesalahan dan dosanya, serta diampuni dan dimasukkan ke dalam surga yang mengalir di bawahnya sungai-sungai. Mereka kekal di dalamnya, tidak akan mati, dan tidak akan keluar dari sana. Yang demikian itu adalah satu keuntungan dan kebahagiaan yang tiada taranya, karena telah terhindar dari kebinasaan dan kehancuran. Allah berfirman dalam ayat lain:\n\nTetapi barang siapa datang kepada-Nya dalam keadaan beriman, dan telah mengerjakan kebajikan, maka mereka itulah orang yang memperoleh derajat yang tinggi (mulia), (yaitu) surga-surga 'Adn, yang mengalir di bawahnya sungai-sungai, mereka kekal di dalamnya. Itulah balasan bagi orang yang menyucikan diri. (thaha/20: 75-76)",
                        "10": "Dalam ayat ini, Allah menerangkan bahwa orang-orang yang mengingkari keesaan-Nya, dan mendustakan ayat-ayat Al-Qur'an yang telah diturunkan kepada Nabi Muhammad, adalah penghuni neraka. Mereka akan tinggal kekal di dalamnya, sebagaimana Allah berfirman:\n\nAdapun orang-orang yang kafir dan mendustakan ayat-ayat Kami, mereka itu penghuni neraka, mereka kekal di dalamnya. (al-Baqarah/2: 39)\n\nDalam ayat yang lain Allah berfirman:\n\nAdapun orang-orang yang kafir dan mendustakan ayat-ayat Kami, mereka itu penghuni neraka. (al-Ma'idah/5: 10)\n\nAlangkah ruginya penghuni neraka karena tempat itu adalah seburuk-buruk tempat kembali, dan sejahat-jahat tempat tinggal, sebagaimana Allah berfirman:\n\nSungguh, Jahanam itu seburuk-buruk tempat menetap dan tempat kediaman. (al-Furqan/25: 66)",
                        "11": "Allah menerangkan bahwa apa yang menimpa manusia, baik yang merupakan kenikmatan dunia maupun yang berupa siksa adalah qadha' dan qadar, sesuai dengan kehendak Allah yang telah ditetapkan di muka bumi. Dalam berusaha keras, manusia hendaknya tidak menyesal dan merasa kecewa apabila menemui hal-hal yang tidak sesuai dengan usaha dan keinginannya. Hal itu di luar kemampuannya, karena ketentuan Allah-lah yang akan berlaku dan menjadi kenyataan. Sebagaimana firman-Nya:\n\nKatakanlah (Muhammad), \"Tidak akan menimpa kami melainkan apa yang telah ditetapkan Allah bagi kami.\" (at-Taubah/9: 51)\n\nAllah memberi petunjuk kepada orang yang beriman untuk melapangkan dadanya, menerima dengan segala senang hati apa yang terjadi pada dirinya, baik sesuai dengan yang diinginkan, maupun yang tidak, karena ia yakin bahwa kesemuanya itu dari Allah. Ibnu Abbas menafsirkan bahwa Allah memberikan kepada orang mukmin dalam hatinya suatu keyakinan. Begitu pula ketika seseorang ditimpa musibah, ia mengatakan inna lillahi wa inna ilaihi raji'un, hal itu karena iman yang menyebabkan sabar dan akhirnya musibah itu ringan baginya.",
                        "12": "Allah memerintahkan agar manusia taat kepada-Nya dan rasul-Nya dengan melaksanakan perintah-Nya dan meninggalkan larangan-Nya. Manakala mereka itu tetap tidak menaati dan patuh, ketahuilah bahwa tugas Rasulullah hanyalah sekedar menyampaikan apa yang menjadi tugas dan kewajibannya, sebagaimana ditegaskan dalam firman Allah:\n\nJika kamu berpaling, maka ketahuilah bahwa kewajiban rasul Kami hanyalah menyampaikan (amanat) dengan jelas. (al-Ma'idah/5: 92)",
                        "13": "Allah menjelaskan bahwa Dialah Tuhan Yang Maha Esa, tidak ada Tuhan selain Dia. Maka hendaklah kita semua mengesakan-Nya, berbakti kepada-Nya dengan ikhlas, dan tidak menyekutukan-Nya dengan sesuatu apa pun, sebagaimana dijelaskan dalam firman-Nya:\n\n(Dialah) Tuhan timur dan barat, tidak ada tuhan selain Dia, maka jadikanlah Dia sebagai pelindung. (al-Muzzammil/73: 9)\n\nDan dijelaskan pula dalam ayat lain:\n\nDan sembahlah Allah dan janganlah kamu mempersekutukan-Nya dengan sesuatu apa pun. (an-Nisa'/4: 36)\n\nKarena Allah adalah Maha Pencipta dan Maha Pemberi rezeki. Kepada Allah-lah orang-orang mukmin itu hendaknya bertawakal. Firman Allah:\n\nDan bertawakallah kamu hanya kepada Allah, jika kamu orang-orang beriman. (al-Ma'idah/5: 23)",
                        "14": "Allah menjelaskan bahwa ada di antara istri-istri dan anak-anak yang menjadi musuh bagi suami dan orang tuanya yang mencegah mereka berbuat baik dan mendekatkan diri kepada Allah, menghalangi mereka beramal saleh yang berguna bagi akhirat mereka. Bahkan adakalanya menjerumuskan mereka kepada perbuatan maksiat, perbuatan haram yang dilarang oleh agama.\n\nKarena rasa cinta dan sayang kepada istri dan anaknya, agar keduanya hidup mewah dan senang, seorang suami atau ayah tidak segan berbuat yang dilarang agama, seperti korupsi dan lainnya. Oleh karena itu, ia harus berhati-hati, dan sabar menghadapi anak istrinya. Mereka perlu dibimbing, tidak terlalu ditekan, sebaiknya dimaafkan dan tidak dimarahi, tetapi diampuni. Allah sendiri pun Maha Pengampun, lagi Maha Penyayang, sebagaimana dijelaskan dalam firman-Nya:\n\nTetapi jika kamu bersabar, itu lebih baik bagimu. Allah Maha Pengampun, Maha Penyayang. (an-Nisa'/4: 25)",
                        "15": "Allah menerangkan bahwa cinta terhadap harta dan anak adalah cobaan. Jika tidak berhati-hati, akan mendatangkan bencana. Tidak sedikit orang, karena cintanya yang berlebihan kepada harta dan anaknya, berani berbuat yang bukan-bukan dan melanggar ketentuan agama. Dalam ayat ini, harta didahulukan dari anak karena ujian dan bencana harta itu lebih besar, sebagaimana firman Allah:\n\nSekali-kali tidak! Sungguh, manusia itu benar-benar melampaui batas, apabila melihat dirinya serba cukup. (al-'Alaq/96: 6-7)\n\nDijelaskan pula dalam sabda Nabi saw.\n\nSesungguhnya bagi tiap-tiap umat ada cobaan dan sesungguhnya cobaan umatku (yang berat) ialah harta, (Riwayat Ahmad, at-Tirmidhi, ath-thabrani, dan al-hakim, dari Ka'ab bin 'Iyadh)\n\nKalau manusia dapat menahan diri, tidak akan berlebihan cintanya kepada harta dan anaknya, jika cintanya kepada Allah lebih besar daripada cintanya kepada yang lain, maka ia akan mendapat pahala yang besar dan berlipat ganda.",
                        "16": "Allah memerintahkan agar manusia yang mempunyai harta, anak, dan istri bertakwa kepada-Nya sekuat tenaga dan kemampuannya, sebagaimana dijelaskan oleh sabda Nabi saw:\n\nApabila saya perintahkan kamu dengan sesuatu maka laksanakanlah dengan maksimal dan apa yang saya larang melakukannya, maka jauhilah ia. (Riwayat al-Bukhari dari Abu Hurairah)\n\n\n\nDalam firman Allah juga dijelaskan:\n\nBertakwalah kepada Allah sebenar-benar takwa kepada-Nya dan janganlah kamu mati kecuali dalam keadaan muslim. (Ali 'Imran/3: 102)\n\nSelanjutnya Allah memerintahkan orang-orang beriman agar mendengar dan patuh kepada perintah Allah dan rasul-Nya. Tidak terpengaruh oleh keadaan sekelilingnya, sehingga melanggar apa yang dilarang agama. Harta benda agar dibelanjakan untuk meringankan penderitaan fakir miskin, menolong orang-orang yang memerlukan pertolongan, dan untuk membantu berbagai kegiatan yang berguna bagi umat dan agama, yang membawa kebahagiaan dunia dan akhirat. Yang demikian itu jauh lebih baik daripada menumpuk harta dan memanjakan anak. \n\nAyat ke-16 ini ditutup dengan satu penegasan bahwa orang yang menjauhi kebakhilan dan ketamakan pada harta adalah orang yang beruntung. Ia akan mencapai keinginannya di dunia dan akhirat, serta disenangi oleh teman-temannya. Di akhirat nanti, ia sangat berbahagia karena dekat dengan Tuhannya, disenangi, diridai, dan dimasukkan ke dalam surga.",
                        "17": "Allah menerangkan bahwa orang yang meminjamkan kepada-Nya dengan pinjaman yang baik sewaktu di dunia yakni membelanjakan harta-bendanya di jalan yang diridai-Nya, mendekatkan diri kepada-Nya dengan ikhlas dan hati yang lega, akan dilipatgandakan pahalanya. Satu kebaikan akan dibalas dengan sepuluh sampai tujuh ratus pahala. Bahkan akan dilipatgandakan lebih dari itu, sesuai dengan keikhlasannya yang mantap di dalam hati, sebagaimana dijelaskan dalam firman Allah:\n\nBarang siapa meminjami Allah dengan pinjaman yang baik maka Allah melipatgandakan ganti kepadanya dengan banyak. (al-Baqarah/2: 245)\n\nSelain daripada itu, dosanya pun akan diampuni Allah. Dia Maha Pembalas jasa, melipatgandakan pahala bagi orang yang taat kepada-Nya, lagi Maha Penyantun. Allah tidak menyegerakan azab kepada orang yang berdosa, meskipun dosa dan kesalahannya bertumpuk.",
                        "18": "Ayat ini menjelaskan bahwa Allah Maha Mengetahui yang gaib apalagi yang tampak. Apa saja yang dikerjakan oleh manusia, semuanya tercatat dan tersimpan di sisi-Nya. Tidak satu pun yang luput sekalipun sebesar biji sawi, sebagaimana dijelaskan oleh Allah dengan firman-Nya:\n\nKitab apakah ini, tidak ada yang tertinggal, yang kecil dan yang besar melainkan tercatat semuanya,\" (al-Kahf/18: 49)\n\nAyat di atas mendorong manusia untuk berinfak, karena segala perbuatan pasti terlihat oleh Allah dan dibalas dengan berlipat ganda.\n\nAmal yang tercatat dalam kitab seseorang akan dibalas oleh Allah dengan sangat teliti. Yang baik dibalas dengan baik yaitu surga, dan yang jahat dibalas dengan siksa di dalam neraka. Dia itu Mahaperkasa dan Mahakuasa. Semua kehendak-Nya terwujud menjadi kenyataan, Mahabijaksana mengatur ciptaan-Nya, memberikan apa yang baik kepada siapa yang dikehendaki-Nya."
                    }
                }
            }
        }
    }
}