{
    "69": {
        "number": "69",
        "name": "الحاۤقّة",
        "name_latin": "Al-Haqqah",
        "number_of_ayah": "52",
        "text": {
            "1": "اَلْحَاۤقَّةُۙ",
            "2": "مَا الْحَاۤقَّةُ ۚ ",
            "3": "وَمَآ اَدْرٰىكَ مَا الْحَاۤقَّةُ ۗ ",
            "4": "كَذَّبَتْ ثَمُوْدُ وَعَادٌ ۢبِالْقَارِعَةِ ",
            "5": "فَاَمَّا ثَمُوْدُ فَاُهْلِكُوْا بِالطَّاغِيَةِ ",
            "6": "وَاَمَّا عَادٌ فَاُهْلِكُوْا بِرِيْحٍ صَرْصَرٍ عَاتِيَةٍۙ",
            "7": "سَخَّرَهَا عَلَيْهِمْ سَبْعَ لَيَالٍ وَّثَمٰنِيَةَ اَيَّامٍۙ حُسُوْمًا فَتَرَى الْقَوْمَ فِيْهَا صَرْعٰىۙ  كَاَنَّهُمْ اَعْجَازُ نَخْلٍ خَاوِيَةٍۚ",
            "8": "فَهَلْ تَرٰى لَهُمْ مِّنْۢ بَاقِيَةٍ ",
            "9": "وَجَاۤءَ فِرْعَوْنُ وَمَنْ قَبْلَهٗ وَالْمُؤْتَفِكٰتُ بِالْخَاطِئَةِۚ",
            "10": "فَعَصَوْا رَسُوْلَ رَبِّهِمْ فَاَخَذَهُمْ اَخْذَةً رَّابِيَةً ",
            "11": "اِنَّا لَمَّا طَغَا الْمَاۤءُ حَمَلْنٰكُمْ فِى الْجَارِيَةِۙ",
            "12": "لِنَجْعَلَهَا لَكُمْ تَذْكِرَةً وَّتَعِيَهَآ اُذُنٌ وَّاعِيَةٌ ",
            "13": "فَاِذَا نُفِخَ فِى الصُّوْرِ نَفْخَةٌ وَّاحِدَةٌ ۙ",
            "14": "وَّحُمِلَتِ الْاَرْضُ وَالْجِبَالُ فَدُكَّتَا دَكَّةً وَّاحِدَةًۙ",
            "15": "فَيَوْمَىِٕذٍ وَّقَعَتِ الْوَاقِعَةُۙ",
            "16": "وَانْشَقَّتِ السَّمَاۤءُ فَهِيَ يَوْمَىِٕذٍ وَّاهِيَةٌۙ",
            "17": "وَّالْمَلَكُ عَلٰٓى اَرْجَاۤىِٕهَاۗ وَيَحْمِلُ عَرْشَ رَبِّكَ فَوْقَهُمْ يَوْمَىِٕذٍ ثَمٰنِيَةٌ  ۗ",
            "18": "يَوْمَىِٕذٍ تُعْرَضُوْنَ لَا تَخْفٰى مِنْكُمْ خَافِيَةٌ ",
            "19": "فَاَمَّا مَنْ اُوْتِيَ كِتٰبَهٗ بِيَمِيْنِهٖ فَيَقُوْلُ هَاۤؤُمُ اقْرَءُوْا كِتٰبِيَهْۚ ",
            "20": "اِنِّيْ ظَنَنْتُ اَنِّيْ مُلٰقٍ حِسَابِيَهْۚ",
            "21": "فَهُوَ فِيْ عِيْشَةٍ رَّاضِيَةٍۚ",
            "22": "فِيْ جَنَّةٍ عَالِيَةٍۙ",
            "23": "قُطُوْفُهَا دَانِيَةٌ ",
            "24": "كُلُوْا وَاشْرَبُوْا هَنِيْۤـًٔا ۢبِمَآ اَسْلَفْتُمْ فِى الْاَيَّامِ الْخَالِيَةِ ",
            "25": "وَاَمَّا مَنْ اُوْتِيَ كِتٰبَهٗ بِشِمَالِهٖ ەۙ فَيَقُوْلُ يٰلَيْتَنِيْ لَمْ اُوْتَ كِتٰبِيَهْۚ",
            "26": "وَلَمْ اَدْرِ مَا حِسَابِيَهْۚ",
            "27": "يٰلَيْتَهَا كَانَتِ الْقَاضِيَةَۚ",
            "28": "مَآ اَغْنٰى عَنِّيْ مَالِيَهْۚ ",
            "29": "هَلَكَ عَنِّيْ سُلْطٰنِيَهْۚ",
            "30": "خُذُوْهُ فَغُلُّوْهُۙ",
            "31": "ثُمَّ الْجَحِيْمَ صَلُّوْهُۙ",
            "32": "ثُمَّ فِيْ سِلْسِلَةٍ ذَرْعُهَا سَبْعُوْنَ ذِرَاعًا فَاسْلُكُوْهُۗ",
            "33": "اِنَّهٗ كَانَ لَا يُؤْمِنُ بِاللّٰهِ الْعَظِيْمِۙ",
            "34": "وَلَا يَحُضُّ عَلٰى طَعَامِ الْمِسْكِيْنِۗ",
            "35": "فَلَيْسَ لَهُ الْيَوْمَ هٰهُنَا حَمِيْمٌۙ",
            "36": "وَّلَا طَعَامٌ اِلَّا مِنْ غِسْلِيْنٍۙ",
            "37": "لَّا يَأْكُلُهٗٓ اِلَّا الْخَاطِـُٔوْنَ ࣖ ",
            "38": "فَلَآ اُقْسِمُ بِمَا تُبْصِرُوْنَۙ",
            "39": "وَمَا لَا تُبْصِرُوْنَۙ",
            "40": "اِنَّهٗ لَقَوْلُ رَسُوْلٍ كَرِيْمٍۙ",
            "41": "وَّمَا هُوَ بِقَوْلِ شَاعِرٍۗ قَلِيْلًا مَّا تُؤْمِنُوْنَۙ",
            "42": "وَلَا بِقَوْلِ كَاهِنٍۗ قَلِيْلًا مَّا تَذَكَّرُوْنَۗ",
            "43": "تَنْزِيْلٌ مِّنْ رَّبِّ الْعٰلَمِيْنَ ",
            "44": "وَلَوْ تَقَوَّلَ عَلَيْنَا بَعْضَ الْاَقَاوِيْلِۙ",
            "45": "لَاَخَذْنَا مِنْهُ بِالْيَمِيْنِۙ",
            "46": "ثُمَّ لَقَطَعْنَا مِنْهُ الْوَتِيْنَۖ",
            "47": "فَمَا مِنْكُمْ مِّنْ اَحَدٍ عَنْهُ حَاجِزِيْنَۙ",
            "48": "وَاِنَّهٗ لَتَذْكِرَةٌ لِّلْمُتَّقِيْنَ ",
            "49": "وَاِنَّا لَنَعْلَمُ اَنَّ مِنْكُمْ مُّكَذِّبِيْنَۗ",
            "50": "وَاِنَّهٗ لَحَسْرَةٌ عَلَى الْكٰفِرِيْنَۚ",
            "51": "وَاِنَّهٗ لَحَقُّ الْيَقِيْنِ ",
            "52": "فَسَبِّحْ بِاسْمِ رَبِّكَ الْعَظِيْمِ ࣖ"
        },
        "translations": {
            "id": {
                "name": "Hari Kiamat",
                "text": {
                    "1": "Hari Kiamat,",
                    "2": "apakah hari Kiamat itu?",
                    "3": "Dan tahukah kamu apakah hari Kiamat itu?",
                    "4": "Kaum Samud, dan ‘Ad telah mendustakan hari Kiamat.",
                    "5": "Maka adapun kaum Samud, mereka telah dibinasakan dengan suara yang sangat keras,",
                    "6": "sedangkan kaum ‘Ad, mereka telah dibinasakan dengan angin topan yang sangat dingin,",
                    "7": "Allah menimpakan angin itu kepada mereka selama tujuh malam delapan hari terus-menerus; maka kamu melihat kaum ‘Ad pada waktu itu mati bergelimpangan seperti batang-batang pohon kurma yang telah kosong (lapuk).",
                    "8": "Maka adakah kamu melihat seorang pun yang masih tersisa di antara mereka?",
                    "9": "Kemudian datang Fir‘aun dan orang-orang yang sebelumnya dan (penduduk) negeri-negeri yang dijungkirbalikkan karena kesalahan yang besar.",
                    "10": "Maka mereka mendurhakai utusan Tuhannya, Allah menyiksa mereka dengan siksaan yang sangat keras. ",
                    "11": "Sesungguhnya ketika air naik (sampai ke gunung), Kami membawa (nenek moyang) kamu ke dalam kapal, ",
                    "12": "agar Kami jadikan (peristiwa itu) sebagai peringatan bagi kamu dan agar diperhatikan oleh telinga yang mau mendengar. ",
                    "13": "Maka apabila sangkakala ditiup sekali tiup,",
                    "14": "dan diangkatlah bumi dan gunung-gunung, lalu dibenturkan keduanya sekali benturan.",
                    "15": "Maka pada hari itu terjadilah hari Kiamat, ",
                    "16": "dan terbelahlah langit, karena pada hari itu langit menjadi rapuh.",
                    "17": "Dan para malaikat berada di berbagai penjuru langit. Pada hari itu delapan malaikat menjunjung ‘Arsy (singgasana) Tuhanmu di atas (kepala) mereka. ",
                    "18": "Pada hari itu kamu dihadapkan (kepada Tuhanmu), tidak ada sesuatu pun dari kamu yang tersembunyi (bagi Allah). ",
                    "19": "Adapun orang yang kitabnya  diberikan di tangan kanannya, maka dia berkata, “Ambillah, bacalah kitabku (ini).” ",
                    "20": "Sesungguhnya aku yakin, bahwa (suatu saat) aku akan menerima perhitungan terhadap diriku. ",
                    "21": "Maka orang itu berada dalam kehidupan yang diridai,",
                    "22": "dalam surga yang tinggi, ",
                    "23": "buah-buahannya dekat,",
                    "24": "(kepada mereka dikatakan), “Makan dan minumlah dengan nikmat karena amal yang telah kamu kerjakan pada hari-hari yang telah lalu.” ",
                    "25": "Dan adapun orang yang kitabnya diberikan di tangan kirinya, maka dia berkata, “Alangkah baiknya jika kitabku (ini) tidak diberikan kepadaku.",
                    "26": "Sehingga aku tidak mengetahui bagaimana perhitunganku. ",
                    "27": "Wahai, kiranya (kematian) itulah yang menyudahi segala sesuatu. ",
                    "28": "Hartaku sama sekali tidak berguna bagiku. ",
                    "29": "Kekuasaanku telah hilang dariku.”",
                    "30": "(Allah berfirman), “Tangkaplah dia lalu belenggulah tangannya ke lehernya.” ",
                    "31": "Kemudian masukkanlah dia ke dalam api neraka yang menyala-nyala. ",
                    "32": "Kemudian belitlah dia dengan rantai yang panjangnya tujuh puluh hasta. ",
                    "33": "Sesungguhnya dialah orang yang tidak beriman kepada Allah Yang Mahabesar. ",
                    "34": "Dan juga dia tidak mendorong (orang lain) untuk memberi makan orang miskin. ",
                    "35": "Maka pada hari ini di sini tidak ada seorang teman pun baginya. ",
                    "36": "Dan tidak ada makanan (baginya) kecuali dari darah dan nanah. ",
                    "37": "Tidak ada yang memakannya kecuali orang-orang yang berdosa. ",
                    "38": "Maka Aku bersumpah demi apa yang kamu lihat, ",
                    "39": "dan demi apa yang tidak kamu lihat.",
                    "40": "Sesungguhnya ia (Al-Qur'an) itu benar-benar wahyu (yang diturunkan kepada) Rasul yang mulia,",
                    "41": "dan ia (Al-Qur'an) bukanlah perkataan seorang penyair. Sedikit sekali kamu beriman kepadanya. ",
                    "42": "Dan bukan pula perkataan tukang tenung. Sedikit sekali kamu mengambil pelajaran darinya. ",
                    "43": "Ia (Al-Qur'an) adalah wahyu yang diturunkan dari Tuhan seluruh alam. ",
                    "44": "Dan sekiranya dia (Muhammad) mengada-adakan sebagian perkataan atas (nama) Kami, ",
                    "45": "pasti Kami pegang dia pada tangan kanannya. ",
                    "46": "Kemudian Kami potong pembuluh jantungnya. ",
                    "47": "Maka tidak seorang pun dari kamu yang dapat menghalangi (Kami untuk menghukumnya). ",
                    "48": "Dan sungguh, (Al-Qur'an) itu pelajaran bagi orang-orang yang bertakwa. ",
                    "49": "Dan sungguh, Kami mengetahui bahwa di antara kamu ada orang yang mendustakan.",
                    "50": "Dan sungguh, (Al-Qur'an) itu akan menimbulkan penyesalan bagi orang-orang kafir (di akhirat).",
                    "51": "Dan Sungguh, (Al-Qur'an) itu kebenaran yang meyakinkan. ",
                    "52": "Maka bertasbihlah dengan (menyebut) nama Tuhanmu Yang Mahaagung. "
                }
            }
        },
        "tafsir": {
            "id": {
                "kemenag": {
                    "name": "Kemenag",
                    "source": "Aplikasi Quran Kementrian Agama Republik Indonesia",
                    "text": {
                        "1": "Al-haqqah menurut bahasa berarti yang pasti terjadi. Hari Kiamat dinamai al-haqqah karena hari itu pasti terjadi. Tentang keadaan dan sifatnya tidak dapat dijelaskan dan diterangkan oleh manusia, karena pengetahuan tentang hari Kiamat termasuk pengetahuan yang gaib. Apa yang diketahui manusia tentang hari Kiamat terbatas pada yang disampaikan Al-Qur'an. Dalam ayat yang lain, Allah berfirman:\n\nMereka menanyakan kepadamu (Muhammad) tentang Kiamat, \"Kapan terjadi?\" Katakanlah, \"Sesungguhnya pengetahuan tentang Kiamat itu ada pada Tuhanku; tidak ada (seorang pun) yang dapat menjelaskan waktu terjadinya selain Dia. (Kiamat) itu sangat berat (huru-haranya bagi makhluk) yang di langit dan di bumi, tidak akan datang kepadamu kecuali secara tiba-tiba.\" Mereka bertanya kepadamu seakan-akan engkau mengetahuinya. Katakanlah (Muhammad), \"Sesungguhnya pengetahuan tentang (hari Kiamat) ada pada Allah, tetapi kebanyakan manusia tidak mengetahui.\" (al-A'raf/7: 187)\n\nHari Kiamat, sebagaimana beberapa perkara gaib lainnya, hanya diketahui Allah. Firman-Nya:\n\nSesungguhnya hanya di sisi Allah ilmu tentang hari Kiamat; dan Dia yang menurunkan hujan, dan mengetahui apa yang ada dalam rahim. Dan tidak ada seorang pun yang dapat mengetahui (dengan pasti) apa yang akan dikerjakannya besok. Dan tidak ada seorang pun yang dapat mengetahui di bumi mana dia akan mati. Sungguh, Allah Maha Mengetahui, Maha Mengenal. (Luqman/31: 34)\n\nApa yang dapat dijadikan sumber pengetahuan untuk mengetahui terjadinya hari Kiamat itu? Dari pertanyaan ini dipahami bahwa ada beberapa hal yang dapat memberikan keterangan kepada manusia tentang proses kejadian yang terjadi pada hari Kiamat, karena pengetahuan tentang hari Kiamat itu adalah pengetahuan yang dapat dicapai oleh makhluk dengan bantuan berbagai macam pengetahuan. Memang kejadian hari Kiamat tidak dapat dikira-kirakan. Kejadian dan peristiwanya lebih hebat dari yang pernah digambarkan oleh siapa pun. Karena hakikat hari Kiamat tidak dapat diketahui makhluk, orang-orang musyrik tidak dapat mengingkarinya. Jika mereka mengingkarinya, berarti mereka mengingkari sesuatu yang tidak dapat diketahui atau dicapai oleh pikiran mereka.",
                        "2": "Al-haqqah menurut bahasa berarti yang pasti terjadi. Hari Kiamat dinamai al-haqqah karena hari itu pasti terjadi. Tentang keadaan dan sifatnya tidak dapat dijelaskan dan diterangkan oleh manusia, karena pengetahuan tentang hari Kiamat termasuk pengetahuan yang gaib. Apa yang diketahui manusia tentang hari Kiamat terbatas pada yang disampaikan Al-Qur'an. Dalam ayat yang lain, Allah berfirman:\n\nMereka menanyakan kepadamu (Muhammad) tentang Kiamat, \"Kapan terjadi?\" Katakanlah, \"Sesungguhnya pengetahuan tentang Kiamat itu ada pada Tuhanku; tidak ada (seorang pun) yang dapat menjelaskan waktu terjadinya selain Dia. (Kiamat) itu sangat berat (huru-haranya bagi makhluk) yang di langit dan di bumi, tidak akan datang kepadamu kecuali secara tiba-tiba.\" Mereka bertanya kepadamu seakan-akan engkau mengetahuinya. Katakanlah (Muhammad), \"Sesungguhnya pengetahuan tentang (hari Kiamat) ada pada Allah, tetapi kebanyakan manusia tidak mengetahui.\" (al-A'raf/7: 187)\n\nHari Kiamat, sebagaimana beberapa perkara gaib lainnya, hanya diketahui Allah. Firman-Nya:\n\nSesungguhnya hanya di sisi Allah ilmu tentang hari Kiamat; dan Dia yang menurunkan hujan, dan mengetahui apa yang ada dalam rahim. Dan tidak ada seorang pun yang dapat mengetahui (dengan pasti) apa yang akan dikerjakannya besok. Dan tidak ada seorang pun yang dapat mengetahui di bumi mana dia akan mati. Sungguh, Allah Maha Mengetahui, Maha Mengenal. (Luqman/31: 34)\n\nApa yang dapat dijadikan sumber pengetahuan untuk mengetahui terjadinya hari Kiamat itu? Dari pertanyaan ini dipahami bahwa ada beberapa hal yang dapat memberikan keterangan kepada manusia tentang proses kejadian yang terjadi pada hari Kiamat, karena pengetahuan tentang hari Kiamat itu adalah pengetahuan yang dapat dicapai oleh makhluk dengan bantuan berbagai macam pengetahuan. Memang kejadian hari Kiamat tidak dapat dikira-kirakan. Kejadian dan peristiwanya lebih hebat dari yang pernah digambarkan oleh siapa pun. Karena hakikat hari Kiamat tidak dapat diketahui makhluk, orang-orang musyrik tidak dapat mengingkarinya. Jika mereka mengingkarinya, berarti mereka mengingkari sesuatu yang tidak dapat diketahui atau dicapai oleh pikiran mereka.",
                        "3": "Al-haqqah menurut bahasa berarti yang pasti terjadi. Hari Kiamat dinamai al-haqqah karena hari itu pasti terjadi. Tentang keadaan dan sifatnya tidak dapat dijelaskan dan diterangkan oleh manusia, karena pengetahuan tentang hari Kiamat termasuk pengetahuan yang gaib. Apa yang diketahui manusia tentang hari Kiamat terbatas pada yang disampaikan Al-Qur'an. Dalam ayat yang lain, Allah berfirman:\n\nMereka menanyakan kepadamu (Muhammad) tentang Kiamat, \"Kapan terjadi?\" Katakanlah, \"Sesungguhnya pengetahuan tentang Kiamat itu ada pada Tuhanku; tidak ada (seorang pun) yang dapat menjelaskan waktu terjadinya selain Dia. (Kiamat) itu sangat berat (huru-haranya bagi makhluk) yang di langit dan di bumi, tidak akan datang kepadamu kecuali secara tiba-tiba.\" Mereka bertanya kepadamu seakan-akan engkau mengetahuinya. Katakanlah (Muhammad), \"Sesungguhnya pengetahuan tentang (hari Kiamat) ada pada Allah, tetapi kebanyakan manusia tidak mengetahui.\" (al-A'raf/7: 187)\n\nHari Kiamat, sebagaimana beberapa perkara gaib lainnya, hanya diketahui Allah. Firman-Nya:\n\nSesungguhnya hanya di sisi Allah ilmu tentang hari Kiamat; dan Dia yang menurunkan hujan, dan mengetahui apa yang ada dalam rahim. Dan tidak ada seorang pun yang dapat mengetahui (dengan pasti) apa yang akan dikerjakannya besok. Dan tidak ada seorang pun yang dapat mengetahui di bumi mana dia akan mati. Sungguh, Allah Maha Mengetahui, Maha Mengenal. (Luqman/31: 34)\n\nApa yang dapat dijadikan sumber pengetahuan untuk mengetahui terjadinya hari Kiamat itu? Dari pertanyaan ini dipahami bahwa ada beberapa hal yang dapat memberikan keterangan kepada manusia tentang proses kejadian yang terjadi pada hari Kiamat, karena pengetahuan tentang hari Kiamat itu adalah pengetahuan yang dapat dicapai oleh makhluk dengan bantuan berbagai macam pengetahuan. Memang kejadian hari Kiamat tidak dapat dikira-kirakan. Kejadian dan peristiwanya lebih hebat dari yang pernah digambarkan oleh siapa pun. Karena hakikat hari Kiamat tidak dapat diketahui makhluk, orang-orang musyrik tidak dapat mengingkarinya. Jika mereka mengingkarinya, berarti mereka mengingkari sesuatu yang tidak dapat diketahui atau dicapai oleh pikiran mereka.",
                        "4": "Dalam ayat ini, diterangkan bahwa kaum Samud dan kaum 'Ad tidak mempercayai adanya hari Kiamat. Mereka tidak percaya bahwa nanti akan terjadi kehancuran dunia dan peristiwa dahsyat yang huru-haranya tidak tertanggungkan. Hal ini juga difirmankan Allah:\n\n(Kaum) Samud telah mendustakan (rasulnya) karena mereka melampaui batas (zalim), ketika bangkit orang yang paling celaka di antara mereka, lalu Rasul Allah (Saleh) berkata kepada mereka, \"(Biarkanlah) unta betina dari Allah ini dengan minumannya.\" Namun mereka mendustakannya dan menyembelihnya, karena itu Tuhan membinasakan mereka karena dosanya, lalu diratakan-Nya (dengan tanah). (as-Syams/91: 11-14)",
                        "5": "Kaum Samud telah dihancurkan Allah dengan thagiyah yaitu suara petir yang mengguntur dari langit yang membinasakan semua yang ada di permukaan bumi. Disebut thagiyah (sesuatu yang luar biasa) karena memang suara itu luar biasa; tidak seperti suara petir yang pernah terjadi. Mereka diazab oleh Tuhan karena telah bertindak melampaui batas yang telah ditetapkan Nabi Saleh terhadap mereka. Mereka membunuh unta betina yang diperintahkan Nabi Saleh untuk dijaga dengan baik.\n\nPada firman Allah yang lain diterangkan bahwa kaum Samud dibinasakan dengan sa'iqah (petir).\n\nDan adapun kaum Samud, mereka telah Kami beri petunjuk tetapi mereka lebih menyukai kebutaan (kesesatan) daripada petunjuk itu, maka mereka disambar petir sebagai azab yang menghinakan disebabkan apa yang telah mereka kerjakan. (Fussilat/41: 17)",
                        "6": "Adapun kaum 'Ad dibinasakan Allah dengan angin dingin yang sangat kencang (sarsar 'atiyah). Dalam ayat lain, Allah berfirman:\n\nMaka Kami tiupkan angin yang sangat bergemuruh kepada mereka dalam beberapa hari yang nahas, karena Kami ingin agar mereka itu merasakan siksaan yang menghinakan dalam kehidupan di dunia. Sedangkan azab akhirat pasti lebih menghinakan dan mereka tidak diberi pertolongan. (Fussilat/41: 16)",
                        "7": "Angin dingin yang sangat kencang itu bertiup di negeri mereka tidak henti-hentinya selama tujuh malam delapan hari, memusnahkan rumah-rumah, istana-istana, harta-benda, binatang ternak, tanaman-tanaman, dan semua yang ada di negeri mereka.\n\nKaum 'Ad atau bangsa 'Ad merupakan bangsa ras semitik, yang hidup sekitar 5000-4000 tahun yang lalu. Kaum ini hidup di wilayah Arabia Selatan, di suatu kawasan bukit-bukit al-Ahqaf (lihat Surah al-Ahqaf/46: 21), atau yang sekarang dikenal dengan nama Rab al-Khali, yang membentang antara Yaman bagian selatan sampai ke wilayah Oman. Mayoritas kaum 'Ad telah menolak kerasulan dan misi Nabi Hud. Mereka mendapat azab dari Allah berupa angin yang sangat dingin lagi kencang yang berlangsung terus menerus selama tujuh malam delapan hari. Data ilmiah paleogeologik tentang peristiwa itu belum didapatkan. Namun mungkin kita dapat membandingkannya dengan apa yang terjadi di Amerika Serikat, tepatnya di Negara bagian New Orleans, ketika wilayah itu diterjang oleh Badai Katrina (Katrina Hurricane) pada tanggal 23-31 Agustus 2005 yang lalu. Katrina Hurricane ini mempunyai kecepatan badai 280 km/jam, tekanan (minimal) 902 mbar (hPa: 26.65 inHg); suhu badai cukup hangat, sekitar 28,4 oC, berlangsung selama lebih kurang 8 (delapan) hari, terus menerus. Wilayah hantamannya meliputi Bahamas, Florida Selatan, Kuba, Louisiana (utamanya Greater New Orleans), Mississippi, Alabama, Florida Panhandle, dan sebagian besar pantai timur Amerika Utara. Radius Katrina Hurricane ini sekitar 160 km dari titik sentral badai itu. Korban manusia meninggal 1.836 jiwa. Korban harta sebesar US$ 84 Miliar. Katrina Hurricane ini tercatat sebagai jenis Badai Atlantik yang terkuat ke-enam dalam sejarah Amerika, atau terkuat ketiga, yang terjadi pada musim landfall (musim gugur) di Amerika Serikat. Sebagai perbandingan Galveston Hurricane yang terjadi pada tahun 1900 di Amerika Serikat menelan korban jiwa antara 6000-12.000 orang. Dengan demikian, angin atau badai yang sangat dingin lagi kencang, yang menimpa kaum 'Ad selama tujuh malam delapan hari terus menerus, mungkin mirip atau jauh lebih hebat dari Katrina Hurricane ini; karena suhunya sangat dingin dan mampu menghancurkan suatu kaum (umat).\n\nPerkataan \"tujuh malam delapan hari\" memberi peringatan bahwa angin kencang dunia itu benar-benar merupakan azab bagi mereka, dan menimpa seluruh yang ada di negeri itu.",
                        "8": "Angin dingin yang sangat kencang itu bertiup di negeri mereka tidak henti-hentinya selama tujuh malam delapan hari, memusnahkan rumah-rumah, istana-istana, harta-benda, binatang ternak, tanaman-tanaman, dan semua yang ada di negeri mereka.\n\nKaum 'Ad atau bangsa 'Ad merupakan bangsa ras semitik, yang hidup sekitar 5000-4000 tahun yang lalu. Kaum ini hidup di wilayah Arabia Selatan, di suatu kawasan bukit-bukit al-Ahqaf (lihat Surah al-Ahqaf/46: 21), atau yang sekarang dikenal dengan nama Rab al-Khali, yang membentang antara Yaman bagian selatan sampai ke wilayah Oman. Mayoritas kaum 'Ad telah menolak kerasulan dan misi Nabi Hud. Mereka mendapat azab dari Allah berupa angin yang sangat dingin lagi kencang yang berlangsung terus menerus selama tujuh malam delapan hari. Data ilmiah paleogeologik tentang peristiwa itu belum didapatkan. Namun mungkin kita dapat membandingkannya dengan apa yang terjadi di Amerika Serikat, tepatnya di Negara bagian New Orleans, ketika wilayah itu diterjang oleh Badai Katrina (Katrina Hurricane) pada tanggal 23-31 Agustus 2005 yang lalu. Katrina Hurricane ini mempunyai kecepatan badai 280 km/jam, tekanan (minimal) 902 mbar (hPa: 26.65 inHg); suhu badai cukup hangat, sekitar 28,4 oC, berlangsung selama lebih kurang 8 (delapan) hari, terus menerus. Wilayah hantamannya meliputi Bahamas, Florida Selatan, Kuba, Louisiana (utamanya Greater New Orleans), Mississippi, Alabama, Florida Panhandle, dan sebagian besar pantai timur Amerika Utara. Radius Katrina Hurricane ini sekitar 160 km dari titik sentral badai itu. Korban manusia meninggal 1.836 jiwa. Korban harta sebesar US$ 84 Miliar. Katrina Hurricane ini tercatat sebagai jenis Badai Atlantik yang terkuat ke-enam dalam sejarah Amerika, atau terkuat ketiga, yang terjadi pada musim landfall (musim gugur) di Amerika Serikat. Sebagai perbandingan Galveston Hurricane yang terjadi pada tahun 1900 di Amerika Serikat menelan korban jiwa antara 6000-12.000 orang. Dengan demikian, angin atau badai yang sangat dingin lagi kencang, yang menimpa kaum 'Ad selama tujuh malam delapan hari terus menerus, mungkin mirip atau jauh lebih hebat dari Katrina Hurricane ini; karena suhunya sangat dingin dan mampu menghancurkan suatu kaum (umat).\n\nPerkataan \"tujuh malam delapan hari\" memberi peringatan bahwa angin kencang dunia itu benar-benar merupakan azab bagi mereka, dan menimpa seluruh yang ada di negeri itu.",
                        "9": "Dalam ayat-ayat ini, diterangkan bahwa Fir'aun dan kaum Lut beserta pengikut-pengikutnya juga telah berbuat kerusakan yang besar yaitu mendustakan para rasul yang diutus Allah kepada mereka. Oleh karena itu, mereka diazab oleh Tuhan. Dalam ayat lain, Allah berfirman:\n\nSemuanya telah mendustakan rasul-rasul maka berlakulah ancaman-Ku (atas mereka). (Qaf/50: 14)",
                        "10": "Dalam ayat ini Allah memerintahkan kaum Muslimin agar melakukan amal saleh dengan mengatakan, \"Wahai orang-orang yang beriman kepada Allah dan rasul -Nya, apakah kamu sekalian mau Aku tunjukkan suatu perniagaan yang bermanfaat dan pasti mendatangkan keuntungan yang berlipat ganda dan keberuntungan yang kekal atau melepaskan kamu dari api neraka.\"\n\nUngkapan ayat di atas memberikan pengertian bahwa amal saleh dengan pahala yang besar, sama hebatnya dengan perniagaan yang tak pernah merugi karena ia akan masuk surga dan selamat dari api neraka. Firman Allah:\n\nSesungguhnya Allah membeli dari orang-orang mukmin, baik diri maupun harta mereka dengan memberikan surga untuk mereka. (at-Taubah/9: 111)\n\nKemudian disebutkan bentuk-bentuk perdagangan yang memberikan keuntungan yang besar itu, yaitu:\n\n1.Senantiasa beriman kepada Allah, para malaikat, kitab-kitab-Nya, rasul-rasul-Nya, adanya hari Kiamat, qadha' dan qadar Allah.\n\n2.Mengerjakan amal saleh semata-mata karena Allah bukan karena ria adalah perwujudan iman seseorang.\n\n3.Berjihad di jalan Allah. Berjihad ialah segala macam upaya dan usaha yang dilakukan untuk menegakkan agama Allah. Ada dua macam jihad yang disebut dalam ayat ini yaitu berjihad dengan jiwa raga dan berjihad dengan harta. Berjihad dengan jiwa dan raga ialah berperang melawan musuh-musuh agama yang menginginkan kehancuran Islam dan kaum Muslimin. Berjihad dengan harta yaitu membelanjakan harta benda untuk menegakkan kalimat Allah, seperti untuk biaya berperang, mendirikan masjid, rumah ibadah, sekolah, rumah sakit, dan kepentingan umum lainnya.\n\nDi samping itu, ada bentuk-bentuk jihad yang lain, yaitu jihad menentang hawa nafsu, mengendalikan diri, berusaha membentuk budi pekerti yang baik pada diri sendiri, menghilangkan rasa iri, dan sebagainya. \n\nPada akhir ayat ini ditegaskan bahwa iman dan jihad itu adalah perbuatan yang paling baik akibatnya, baik untuk diri sendiri, anak-anak, keluarga, harta benda, dan masyarakat, jika manusia itu memahami dengan sebenar-benarnya.",
                        "11": "Dalam ayat ini Allah memerintahkan kaum Muslimin agar melakukan amal saleh dengan mengatakan, \"Wahai orang-orang yang beriman kepada Allah dan rasul -Nya, apakah kamu sekalian mau Aku tunjukkan suatu perniagaan yang bermanfaat dan pasti mendatangkan keuntungan yang berlipat ganda dan keberuntungan yang kekal atau melepaskan kamu dari api neraka.\"\n\nUngkapan ayat di atas memberikan pengertian bahwa amal saleh dengan pahala yang besar, sama hebatnya dengan perniagaan yang tak pernah merugi karena ia akan masuk surga dan selamat dari api neraka. Firman Allah:\n\nSesungguhnya Allah membeli dari orang-orang mukmin, baik diri maupun harta mereka dengan memberikan surga untuk mereka. (at-Taubah/9: 111)\n\nKemudian disebutkan bentuk-bentuk perdagangan yang memberikan keuntungan yang besar itu, yaitu:\n\n1.Senantiasa beriman kepada Allah, para malaikat, kitab-kitab-Nya, rasul-rasul-Nya, adanya hari Kiamat, qadha' dan qadar Allah.\n\n2.Mengerjakan amal saleh semata-mata karena Allah bukan karena ria adalah perwujudan iman seseorang.\n\n3.Berjihad di jalan Allah. Berjihad ialah segala macam upaya dan usaha yang dilakukan untuk menegakkan agama Allah. Ada dua macam jihad yang disebut dalam ayat ini yaitu berjihad dengan jiwa raga dan berjihad dengan harta. Berjihad dengan jiwa dan raga ialah berperang melawan musuh-musuh agama yang menginginkan kehancuran Islam dan kaum Muslimin. Berjihad dengan harta yaitu membelanjakan harta benda untuk menegakkan kalimat Allah, seperti untuk biaya berperang, mendirikan masjid, rumah ibadah, sekolah, rumah sakit, dan kepentingan umum lainnya.\n\nDi samping itu, ada bentuk-bentuk jihad yang lain, yaitu jihad menentang hawa nafsu, mengendalikan diri, berusaha membentuk budi pekerti yang baik pada diri sendiri, menghilangkan rasa iri, dan sebagainya. \n\nPada akhir ayat ini ditegaskan bahwa iman dan jihad itu adalah perbuatan yang paling baik akibatnya, baik untuk diri sendiri, anak-anak, keluarga, harta benda, dan masyarakat, jika manusia itu memahami dengan sebenar-benarnya.",
                        "12": "Ayat-ayat ini menerangkan azab yang telah ditimpakan kepada kaum Nuh, sehingga mereka semua musnah. Yang tinggal hanya orang-orang yang ikut bersama Nabi Nuh menaiki bahtera atau kapal. Diterangkan bahwa setelah air menggenangi seluruh negeri disertai hembusan angin topan yang dahsyat, Allah memerintahkan agar Nabi Nuh dan orang-orang yang beriman bersamanya menaiki bahtera yang telah disediakan, agar mereka tidak termasuk orang-orang yang tenggelam.\n\nBerdasarkan keterangan ini, sebahagian mufasir berpendapat bahwa Nabi Nuh merupakan bapak manusia kedua setelah Adam, karena hanya beliau dan orang-orang yang bersamanya yang masih hidup, yang kemudian menurunkan seluruh manusia yang ada sekarang.\n\nAllah menyelamatkan semua orang-orang yang beriman dari banjir dan topan itu, serta menenggelamkan dan memusnahkan orang-orang yang ingkar kepada Nuh, agar peristiwa itu dijadikan iktibar dan pelajaran oleh orang-orang yang datang kemudian. Dengan demikian, Allah memperlihatkan kepada manusia kekuasaan dan kebesaran-Nya.\n\nAllah menceritakan kisah itu juga bertujuan agar telinga orang-orang yang benar-benar beriman kepada-Nya dapat mendengar dan mengambil manfaat dari wahyu-wahyu yang diturunkan-Nya serta mengamalkan pesan-pesan yang dibawanya.",
                        "13": "Dalam ayat ini diterangkan bahwa apabila Allah berkehendak mendatangkan hari Kiamat, maka Ia memerintahkan Malaikat Israfil meniup sangkakala pertama. Firman Allah:\n\nLalu ditiuplah sangkakala, maka seketika itu mereka keluar dari kuburnya (dalam keadaan hidup), menuju kepada Tuhannya. (Yasin/36: 51)",
                        "14": "Pada saat itu berguncanglah seluruh bumi, dan gunung-gunung terangkat dari tempat-tempatnya kemudian saling berbenturan. Berguncangnya bumi dan bergeraknya gunung menandakan bahwa telah terjadi gempa dahsyat yang menghancurkan seluruh yang ada di permukaan bumi, termasuk manusia yang berdiam di atasnya. Pada firman Allah yang lain diterangkan:\n\nDan (ingatlah) pada hari (ketika) Kami perjalankan gunung-gunung dan engkau akan melihat bumi itu rata dan Kami kumpulkan mereka (seluruh manusia), dan tidak Kami tinggalkan seorang pun dari mereka. (al-Kahf/18: 47)",
                        "15": "Pada saat terjadinya hari Kiamat itu, langit dalam keadaan lemah sehingga terbelah. Jika diperhatikan hukum-hukum Allah yang berlaku di ruang angkasa, maka yang dikemukakan ayat ini sesuai dengan hukum itu. Masing-masing planet di ruang angkasa itu mempunyai daya tarik-menarik. Dengan adanya daya tersebut, maka seluruh planet-planet menjadi selalu beredar pada garis edar yang tetap, tidak jatuh dan tidak menyimpang. Seandainya salah satu saja di antara planet yang banyak itu bergeser dari falaknya, maka hilanglah keseimbangan tarik-menarik yang ada antara planet-planet itu, sehingga planet yang kecil tertarik oleh planet yang besar. Terjadilah tabrakan antara planet-planet itu yang menghancurkan seluruh alam ini.\n\nKajian saintifik modern saat ini menyatakan bahwa jagad-raya seisinya ini diawali pembentukannya dari adanya singularity. Singularity adalah sesuatu dimana calon/bakal ruang, energi, materi, dan waktu masih terkumpul menjadi satu (manunggal). Dentuman Besar (Big Bang) meledakkan singularity ini dan berkembanglah seperti spiral-kerucut yang terus menerus berekspansi melebar dan melebar terus. Sejak Big Bang itulah, waktu mulai memisahkan diri dari ruang, begitu pula energi, materi, dan gaya-gaya, dan selama bermiliar-miliar tahun terbentuklah seluruh jagad-raya yang berisi miliaran galaksi. Ruang dan waktu terus mengalami ekspansi meluas. Bahiruddin S. Mahmud menjelaskan bahwa ekspansi jagad raya bukannya tak terbatas dan terus menerus. Laju ekspansi atau perkembangan ini berangsur-angsur menurun, karena gaya gravitasi antar galaksi (yang mereka sesamanya terus saling menjauh) mulai mengendor, sehingga suatu saat akan berhentilah ekspansi jagad raya itu.\n\nKetika jagad raya atau alam semesta menghentikan aktivitas ekspansinya (perluasannya), masa penyusutannya (pemadatannya) pun dimulai. Jika ekspansi diawali dari singularity, Big Bang, dan ekspansi alam semesta; maka penyusutan alam semesta atau pemadatan (kontraksi) alam semesta diawali dengan alam semesta yang secara perlahan menyusut, di mana ruang, waktu, energi, materi, dan gaya-gaya akan bersatu kembali menjadi singularity. Penyusutan ini makin lama makin cepat, dari dimensi waktu miliaran tahun, jutaan tahun, puluhan tahun, tahunan, bulanan, mingguan, harian, terus ke jam, menit, detik, mikro-detik dan akhirnya terjadi ledakan hebat yang disebut Big Crunch (Kompresan Besar) menjadi singularity kembali. Jadi Big Crunch, adalah seperti Big Bang dalam arah yang berbalikkan. Proses penyusutan alam semesta menuju Big Crunch ini, berlangsung dengan periode waktu yang sangat lama, kemudian semakin cepat, dan super cepat!! Menurut Paul Davies, ketika alam semesta telah memadat sampai seper-seratus (1/100) dari luasnya yang sekarang ini, maka efek tekanannya akan mengakibatkan suhu yang meninggi sampai mencapai titik didih benda cair; dan bumi menjadi tempat yang tidak layak huni lagi. Galaksi sudah tidak dapat dibedakan satu sama lainnya, karena mereka telah berfusi, dan merapat satu sama lainnya. Selanjutnya gerak kepadatan makin naik hingga mencapai titik api pijar. Pada saat inilah antariksa tampak bagaikan bola api plasma yang pijar. Kemungkinan inilah yang disebut dalam Surah al-Ma'arij/70: 8, \"Pada hari ketika langit menjadi seperti luluhan perak.\" \n\nKetika terjadi proses ke arah Big Crunch itu, yaitu proses pemadatan atau penyusutan alam semesta, maka semua materi pecah kembali menjadi materi-materi fundamental seperti quark, elektron, dan sebagainya, gaya-gaya seperti gaya gravitasi, elektromagnetik, nuklir kuat, dan nuklir lemah mulai menyatu kembali. Saat itulah benda-benda langit mulai kehilangan gaya-gaya gravitasinya, dan akibatnya terjadilah tubrukan-tubrukan dahsyat antar planet, sehingga bumi berbenturan dengan planet-planet lainnya, gunung-gunung berbenturan karena hilangnya gaya gravitasi yang menopangnya sehingga berbenturan sesamanya. Langit antariksa mulai lemah karena ketiadaan topangan gaya gravitasi, dan mulai menyusut/ mengerut dan retak/terbelah. Proses ini menimbulkan suara gemuruh dahsyat, yang dipuncaki dengan dentuman Big Crunch. Apakah sangkakala (sur) yang dimaksud adalah mulainya suara gemuruh ketika terjadi proses penyusutan ini? Wallahu a'lam bis-sawab. Akhirnya setelah dentuman Big Crunch kembalilah ke singularity lagi, semua serba fana, kecuali Allah, sebagaimana firman-Nya: \n\nSemua yang ada di bumi itu akan binasa, tetapi wajah Tuhanmu yang memiliki kebesaran dan kemuliaan tetap kekal. (ar-Rahman/55: 26-27)",
                        "16": "Pada saat terjadinya hari Kiamat itu, langit dalam keadaan lemah sehingga terbelah. Jika diperhatikan hukum-hukum Allah yang berlaku di ruang angkasa, maka yang dikemukakan ayat ini sesuai dengan hukum itu. Masing-masing planet di ruang angkasa itu mempunyai daya tarik-menarik. Dengan adanya daya tersebut, maka seluruh planet-planet menjadi selalu beredar pada garis edar yang tetap, tidak jatuh dan tidak menyimpang. Seandainya salah satu saja di antara planet yang banyak itu bergeser dari falaknya, maka hilanglah keseimbangan tarik-menarik yang ada antara planet-planet itu, sehingga planet yang kecil tertarik oleh planet yang besar. Terjadilah tabrakan antara planet-planet itu yang menghancurkan seluruh alam ini.\n\nKajian saintifik modern saat ini menyatakan bahwa jagad-raya seisinya ini diawali pembentukannya dari adanya singularity. Singularity adalah sesuatu dimana calon/bakal ruang, energi, materi, dan waktu masih terkumpul menjadi satu (manunggal). Dentuman Besar (Big Bang) meledakkan singularity ini dan berkembanglah seperti spiral-kerucut yang terus menerus berekspansi melebar dan melebar terus. Sejak Big Bang itulah, waktu mulai memisahkan diri dari ruang, begitu pula energi, materi, dan gaya-gaya, dan selama bermiliar-miliar tahun terbentuklah seluruh jagad-raya yang berisi miliaran galaksi. Ruang dan waktu terus mengalami ekspansi meluas. Bahiruddin S. Mahmud menjelaskan bahwa ekspansi jagad raya bukannya tak terbatas dan terus menerus. Laju ekspansi atau perkembangan ini berangsur-angsur menurun, karena gaya gravitasi antar galaksi (yang mereka sesamanya terus saling menjauh) mulai mengendor, sehingga suatu saat akan berhentilah ekspansi jagad raya itu.\n\nKetika jagad raya atau alam semesta menghentikan aktivitas ekspansinya (perluasannya), masa penyusutannya (pemadatannya) pun dimulai. Jika ekspansi diawali dari singularity, Big Bang, dan ekspansi alam semesta; maka penyusutan alam semesta atau pemadatan (kontraksi) alam semesta diawali dengan alam semesta yang secara perlahan menyusut, di mana ruang, waktu, energi, materi, dan gaya-gaya akan bersatu kembali menjadi singularity. Penyusutan ini makin lama makin cepat, dari dimensi waktu miliaran tahun, jutaan tahun, puluhan tahun, tahunan, bulanan, mingguan, harian, terus ke jam, menit, detik, mikro-detik dan akhirnya terjadi ledakan hebat yang disebut Big Crunch (Kompresan Besar) menjadi singularity kembali. Jadi Big Crunch, adalah seperti Big Bang dalam arah yang berbalikkan. Proses penyusutan alam semesta menuju Big Crunch ini, berlangsung dengan periode waktu yang sangat lama, kemudian semakin cepat, dan super cepat!! Menurut Paul Davies, ketika alam semesta telah memadat sampai seper-seratus (1/100) dari luasnya yang sekarang ini, maka efek tekanannya akan mengakibatkan suhu yang meninggi sampai mencapai titik didih benda cair; dan bumi menjadi tempat yang tidak layak huni lagi. Galaksi sudah tidak dapat dibedakan satu sama lainnya, karena mereka telah berfusi, dan merapat satu sama lainnya. Selanjutnya gerak kepadatan makin naik hingga mencapai titik api pijar. Pada saat inilah antariksa tampak bagaikan bola api plasma yang pijar. Kemungkinan inilah yang disebut dalam Surah al-Ma'arij/70: 8, \"Pada hari ketika langit menjadi seperti luluhan perak.\" \n\nKetika terjadi proses ke arah Big Crunch itu, yaitu proses pemadatan atau penyusutan alam semesta, maka semua materi pecah kembali menjadi materi-materi fundamental seperti quark, elektron, dan sebagainya, gaya-gaya seperti gaya gravitasi, elektromagnetik, nuklir kuat, dan nuklir lemah mulai menyatu kembali. Saat itulah benda-benda langit mulai kehilangan gaya-gaya gravitasinya, dan akibatnya terjadilah tubrukan-tubrukan dahsyat antar planet, sehingga bumi berbenturan dengan planet-planet lainnya, gunung-gunung berbenturan karena hilangnya gaya gravitasi yang menopangnya sehingga berbenturan sesamanya. Langit antariksa mulai lemah karena ketiadaan topangan gaya gravitasi, dan mulai menyusut/ mengerut dan retak/terbelah. Proses ini menimbulkan suara gemuruh dahsyat, yang dipuncaki dengan dentuman Big Crunch. Apakah sangkakala (sur) yang dimaksud adalah mulainya suara gemuruh ketika terjadi proses penyusutan ini? Wallahu a'lam bis-sawab. Akhirnya setelah dentuman Big Crunch kembalilah ke singularity lagi, semua serba fana, kecuali Allah, sebagaimana firman-Nya: \n\nSemua yang ada di bumi itu akan binasa, tetapi wajah Tuhanmu yang memiliki kebesaran dan kemuliaan tetap kekal. (ar-Rahman/55: 26-27)",
                        "17": "Pada hari Kiamat, para malaikat berada di segenap penjuru langit. Delapan malaikat menjunjung 'Arasy Allah di atas kepalanya. Persoalan malaikat dan 'Arasy ini adalah persoalan yang gaib, tidak seorang pun yang mengetahuinya. Tidak dijelaskan bentuk 'Arasy yang dipikul para malaikat itu, dan ke mana mereka membawanya. Oleh karena itu, kita menerima semuanya itu berdasarkan iman kita kepada Allah.",
                        "18": "Pada hari Kiamat itu seluruh manusia dihadapkan ke hadirat Allah, untuk dihisab dan ditimbang amal dan perbuatannya. Tidak ada satu pun perbuatan dan amal manusia yang luput dari pengetahuan Allah sejak dari yang sekecil-kecilnya sampai kepada yang sebesar-besarnya, sejak dari yang tersembunyi dan yang nyata, yang halus dan yang kasar; semuanya diketahui Allah.\n\nPada hari itu yang dapat menolong seseorang hanyalah Allah semata. Pertolongan itu diberikan berdasarkan amal mereka selama hidup di dunia.",
                        "19": "Ayat ini menggambarkan hamba Allah yang beriman dan beramal saleh pada hari Kiamat. Ketika itu, mereka merasa gembira karena jarak perjalanan yang akan ditempuhnya untuk mencapai tujuan yang dicita-citakan semakin dekat dengan tempat yang disediakan Allah baginya.\n\nPerasaan gembira yang demikian sebenarnya telah mereka rasakan sejak roh mereka berpisah dengan jasad. Ketika itu, mereka telah melihat tanda-tanda keberuntungan, sebagaimana firman Allah:\n\n(Yaitu) orang yang ketika diwafatkan oleh para malaikat dalam keadaan baik, mereka (para malaikat) mengatakan (kepada mereka), \"Salamun 'alaikum, masuklah ke dalam surga karena apa yang telah kamu kerjakan.\" (an-Nahl/16: 32)\n\nMereka selalu ingat janji Allah dalam firman-Nya:\n\nKejutan yang dahsyat tidak membuat mereka merasa sedih, dan para malaikat akan menyambut mereka (dengan ucapan), \"Inilah harimu yang telah dijanjikan kepadamu.\" (al-Anbiya'/21: 103)\n\nMaka hari yang mereka tunggu-tunggu itu tiba dan orang-orang mukmin menerima catatan amalnya dengan tangan kanan yang disodorkan dari sebelah kanannya, maka meledaklah kegembiraan dalam hati mereka. Mereka pun ingin agar catatan amal itu dibaca oleh teman-temannya yang sama keadaannya dengan mereka, dengan mengatakan, \"Hai teman-temanku yang sama-sama memperoleh keridaan Allah, inilah catatan bahwa kita sama. Ambillah dan bacalah isinya, tentu kamu akan mengetahui bahwa kita semua mendapatkan buku catatan dari sebelah kanan dan sama-sama akan mendapat pahala dari Allah.\" Maka mereka pun bersama-sama bergembira.",
                        "20": "Dengan bangga dan penuh kepuasan orang-orang mukmin berkata, \"Aku telah yakin bahwa Tuhan akan menghisabku dan aku akan mempertanggungjawabkan seluruh perbuatanku hari ini. Karena itulah, selama hidup di dunia aku beriman kepada Allah serta melaksanakan perintah dan menjauhi larangan-Nya yang disampaikan Nabi Muhammad. Aku pun yakin bahwa Tuhanku akan menghisab dan menimbang amal perbuatanku.\"\n\nMenurut adh-ahhak, setiap perkataan dhann (dugaan) yang berhubungan dengan orang-orang yang beriman, yang terdapat dalam Al-Qur'an berarti yakin, dan kalau berhubungan dengan orang-orang kafir berarti ragu-ragu.\n\nAl-hasan berkata, \"Sesungguhnya orang-orang yang beriman mempunyai dugaan yang mendekati keyakinan (dhann) yang paling baik kepada Tuhannya, lalu mereka meningkatkan amalnya untuk akhirat, sedangkan orang-orang munafik mempunyai keragu-raguan (dhann) yang paling buruk terhadap Tuhannya; maka ia mempunyai amal yang buruk pula untuk akhirat.\"\n\nDemikian pula dalam ayat ini. Perkataan dhanantu berarti \"aku yakin\" bukan \"aku ragu\", atau \"aku menduga\". Arti yang semakna dengan ini terdapat pula pada firman Allah:\n\nMengapa orang-orang mukmin dan mukminat tidak berbaik sangka terhadap diri mereka sendiri, ketika kamu mendengar berita bohong itu dan berkata, \"Ini adalah (suatu berita) bohong yang nyata.\" (an-Nur/24: 12)",
                        "21": "Pada ayat ini, diterangkan bahwa balasan yang diterima orang-orang yang menerima catatan amalnya dengan tangan kanan adalah berada dalam kehidupan yang diridai. Hidup yang diridai itu adalah hidup yang dicita-citakan oleh setiap orang yang beriman, yaitu hidup yang diridai Allah, seluruh manusia, bahkan seluruh makhluk Allah. Tidak ada satu pun yang menaruh iri, dengki, dendam, dan benci kepadanya, sehingga segala sesuatu yang dihadapinya adalah baik dan menimbulkan kebaikan kepada dirinya. Tidak ada sesuatu yang menyakitkan hatinya dan tidak ada perbuatan atau sikap yang menyinggung perasaannya, semuanya enak didengar dan dirasakan.\n\nDalam firman Allah yang lalu diterangkan bahwa jiwa yang tenang adalah jiwa yang hidup dalam kehidupan yang diridai dan termasuk kelompok hamba-hamba Allah:\n\nWahai jiwa yang tenang! Kembalilah kepada Tuhanmu dengan hati yang rida dan diridai-Nya. Maka masuklah ke dalam golongan hamba-hamba-Ku, dan masuklah ke dalam surga-Ku. (al-Fajr/89: 27-30)",
                        "22": "Ayat ini menerangkan keadaan tempat yang disediakan bagi orang-orang yang beriman di akhirat nanti, yakni suatu tempat yang indah, dan nyaman dengan kebun-kebun dan taman-taman yang menyenangkan hati orang yang memandangnya, dan pohon-pohon yang berbuah rendah, mudah dipetik oleh siapa saja yang menghendakinya, baik sambil berdiri, sambil duduk maupun sambil berbaring.\n\nDalam ayat yang lain, Allah berfirman:\n\nDi sana mereka duduk bersandar di atas dipan, di sana mereka tidak melihat (merasakan teriknya) matahari dan tidak pula dingin yang berlebihan. Dan naungan (pepohonan)nya dekat di atas mereka dan dimudahkan semudah-mudahnya untuk memetik (buah)nya. (al-Insan/76: 13-14)",
                        "23": "Ayat ini menerangkan keadaan tempat yang disediakan bagi orang-orang yang beriman di akhirat nanti, yakni suatu tempat yang indah, dan nyaman dengan kebun-kebun dan taman-taman yang menyenangkan hati orang yang memandangnya, dan pohon-pohon yang berbuah rendah, mudah dipetik oleh siapa saja yang menghendakinya, baik sambil berdiri, sambil duduk maupun sambil berbaring.\n\nDalam ayat yang lain, Allah berfirman:\n\nDi sana mereka duduk bersandar di atas dipan, di sana mereka tidak melihat (merasakan teriknya) matahari dan tidak pula dingin yang berlebihan. Dan naungan (pepohonan)nya dekat di atas mereka dan dimudahkan semudah-mudahnya untuk memetik (buah)nya. (al-Insan/76: 13-14)",
                        "24": "Para malaikat berkata kepada orang-orang yang menerima catatan amalnya dengan tangan kanan di dalam surga, \"Makanlah segala macam jenis buah-buahan dan segala rupa makanan yang ditemukan di dalam surga ini, dan minum pulalah sepuas hati minuman-minuman yang enak dan menyegarkan. Tidak ada satu pun yang dapat melarang kamu mengambilnya, semuanya itu disediakan untuk kamu sekalian. Semuanya itu disediakan karena kamu sekalian telah beriman kepada Allah, mengerjakan amal yang saleh serta tunduk dan menyerahkan diri kepada-Nya selama kamu hidup di dunia dahulu.\"\n\nDari perkataan \"bima aslaftum\" (karena amal yang telah kamu kerjakan) dapat dipahami bahwa pahala yang diterima di akhirat nanti adalah balasan dari hasil iman dan amal perbuatan yang dilakukan selama hidup di dunia. Hal ini berarti bahwa mustahil seorang hamba memperoleh pahala dari Allah jika ia tidak beriman dan beramal.\n\nDari perkataan hani'an (dengan sedap) dapat dipahami bahwa makanan dan minuman yang diberikan di dalam surga adalah makanan dan minuman yang luar biasa enaknya, dan tidak pernah ada yang seenak itu rasanya di dunia.",
                        "25": "Dalam ayat ini diterangkan keadaan orang kafir di akhirat ketika menerima catatan amal perbuatan yang mereka kerjakan selama hidup di dunia. Kepada mereka disampaikan catatan amal perbuatannya dari sebelah kiri dan menerimanya dengan tangan kiri. Setelah membaca catatan itu, timbullah ketakutan dalam hatinya karena berdasarkan catatan itu, ia pasti dimasukkan ke dalam neraka. Ia berkata, \"Alangkah jeleknya perbuatanku dan alangkah bahagianya aku seandainya amalku yang berisi seperti ini tidak diberikan kepadaku, aku tidak menyangka bahwa semua perbuatanku di dunia tercatat dalam kitab ini.\"\n\nOrang kafir berada dalam ketakutan yang luar biasa ketika menerima catatan amalnya, seakan-akan telah ditimpa azab yang dahsyat. Padahal mereka belum ditimpa azab tersebut. Hal ini memberi pengertian bahwa azab rohani itu lebih berat dari azab jasmani.",
                        "26": "Pernyataan bahwa azab rohani lebih berat dirasakan dari azab jasmani diperkuat oleh perkataan orang-orang kafir itu, \"Alangkah bahagianya aku, jika aku tidak mengetahui catatan amalku, sehingga aku tidak mengetahui azab yang akan ditimpakan kepadaku nanti di dalam neraka.\"",
                        "27": "Ayat ini seakan-akan memberi pengertian bahwa orang kafir itu tidak mengetahui sedikit pun bahwa akan terjadi hari Kiamat, akan terjadi kehidupan setelah mati, yang waktu itu amal baik dibalas pahala yang berlipat ganda sedang perbuatan jahat dibalasi dengan siksa yang pedih. Oleh karena itu, mereka berkata, \"Alangkah baiknya seandainya mati yang telah menimpa diriku di dunia dahulu, merupakan akhir seluruh kehidupanku, tidak dibangkitkan lagi seperti sekarang, sehingga aku tidak menemui penderitaan yang berat.\"\n\nTetapi sebenarnya orang kafir itu telah mengetahui dengan yakin selama mereka hidup di dunia akan adanya hari seperti ini. Memang demikianlah sifat-sifat orang kafir yang selalu mengingkari keyakinan mereka. \n\nDan (ingatlah) ketika Tuhanmu mengeluarkan dari sulbi (tulang belakang) anak cucu Adam keturunan mereka dan Allah mengambil kesaksian terhadap roh mereka (seraya berfirman), \"Bukankah Aku ini Tuhanmu?\" Mereka menjawab, \"Betul (Engkau Tuhan kami), kami bersaksi.\" (Kami lakukan yang demikian itu) agar di hari Kiamat kamu tidak mengatakan, \"Sesungguhnya ketika itu kami lengah terhadap ini.\" (al-A'raf/7: 172)\n\nMereka mengharapkan urusan mereka selesai semua dengan kematian, semata-mata karena takut disiksa, bukan karena tidak mengetahui bahwa akan ada hari Kiamat dan hari penghisaban.",
                        "28": "Ayat ini menerangkan tentang jalan pikiran orang kafir sewaktu hidup di dunia. Menurut mereka, yang menentukan keadaan dan derajat seseorang ialah pangkat, kekuasaan, dan harta. Dengan harta, mereka akan dapat memperoleh segala yang diinginkan, dan dengan pangkat dan kekuasaan, mereka dapat memuaskan hawa nafsu. Setelah berada di akhirat, jelaslah bagi mereka kekeliruan jalan pikiran semacam itu, sehingga terucap juga di mulut mereka perasaan hati waktu itu dengan mengatakan, \"Harta yang aku miliki waktu berada di dunia dahulu tidak dapat menolong dan menghindarkanku dari siksa Allah. Demikian pula kekuasaan yang telah aku miliki di dunia telah lenyap pada saat ini, sehingga aku tidak mempunyai seorang penolong pun.\"\n\nAnggapan orang kafir waktu di dunia bahwa yang menentukan segala sesuatu itu adalah harta dan kekuasaan diterangkan dalam firman Allah: \n\nDan dia memiliki kekayaan besar, maka dia berkata kepada kawannya (yang beriman) ketika bercakap-cakap dengan dia, \"Hartaku lebih banyak daripada hartamu dan pengikutku lebih kuat.\" (al-Kahf/18: 34)\n\nDan mereka berkata, \"Kami memiliki lebih banyak harta dan anak-anak (daripada kamu) dan kami tidak akan diazab.\" (Saba'/34: 35)",
                        "29": "Ayat ini menerangkan tentang jalan pikiran orang kafir sewaktu hidup di dunia. Menurut mereka, yang menentukan keadaan dan derajat seseorang ialah pangkat, kekuasaan, dan harta. Dengan harta, mereka akan dapat memperoleh segala yang diinginkan, dan dengan pangkat dan kekuasaan, mereka dapat memuaskan hawa nafsu. Setelah berada di akhirat, jelaslah bagi mereka kekeliruan jalan pikiran semacam itu, sehingga terucap juga di mulut mereka perasaan hati waktu itu dengan mengatakan, \"Harta yang aku miliki waktu berada di dunia dahulu tidak dapat menolong dan menghindarkanku dari siksa Allah. Demikian pula kekuasaan yang telah aku miliki di dunia telah lenyap pada saat ini, sehingga aku tidak mempunyai seorang penolong pun.\"\n\nAnggapan orang kafir waktu di dunia bahwa yang menentukan segala sesuatu itu adalah harta dan kekuasaan diterangkan dalam firman Allah: \n\nDan dia memiliki kekayaan besar, maka dia berkata kepada kawannya (yang beriman) ketika bercakap-cakap dengan dia, \"Hartaku lebih banyak daripada hartamu dan pengikutku lebih kuat.\" (al-Kahf/18: 34)\n\nDan mereka berkata, \"Kami memiliki lebih banyak harta dan anak-anak (daripada kamu) dan kami tidak akan diazab.\" (Saba'/34: 35)",
                        "30": "Karena sikap orang kafir yang demikian dan berdasarkan catatan amalnya, maka Allah memerintahkan malaikat untuk melaksanakan hukuman kepada orang kafir itu. Pada waktu Kiamat, mereka dalam keadaan menderita, terhina, dan tidak dapat melepaskan diri sedikit pun dari keadaan yang demikian. Bahkan, azab itu ditambah lagi dengan membelenggu mereka. Hal ini memberi pengertian bahwa orang kafir di dalam neraka tidak mempunyai satu cara pun untuk mengurangi dan meringankan rasa azab yang pedih itu.",
                        "31": "Karena sikap orang kafir yang demikian dan berdasarkan catatan amalnya, maka Allah memerintahkan malaikat untuk melaksanakan hukuman kepada orang kafir itu. Pada waktu Kiamat, mereka dalam keadaan menderita, terhina, dan tidak dapat melepaskan diri sedikit pun dari keadaan yang demikian. Bahkan, azab itu ditambah lagi dengan membelenggu mereka. Hal ini memberi pengertian bahwa orang kafir di dalam neraka tidak mempunyai satu cara pun untuk mengurangi dan meringankan rasa azab yang pedih itu.",
                        "32": "Karena sikap orang kafir yang demikian dan berdasarkan catatan amalnya, maka Allah memerintahkan malaikat untuk melaksanakan hukuman kepada orang kafir itu. Pada waktu Kiamat, mereka dalam keadaan menderita, terhina, dan tidak dapat melepaskan diri sedikit pun dari keadaan yang demikian. Bahkan, azab itu ditambah lagi dengan membelenggu mereka. Hal ini memberi pengertian bahwa orang kafir di dalam neraka tidak mempunyai satu cara pun untuk mengurangi dan meringankan rasa azab yang pedih itu.",
                        "33": "Penyebab orang kafir ditimpa azab yang sangat pedih adalah karena selain mempersekutukan Allah, mereka adalah para pemuka dari kaum kafir yang mempelopori kekafiran, dan tidak mendorong dirinya dan orang lain untuk memberi makan fakir miskin.\n\nDisebutkan juga dalam ayat ini keharusan memberi makan fakir-miskin setelah beriman kepada Allah. Hal ini menunjukkan betapa tingginya nilai perbuatan memberi makan fakir-miskin di sisi Allah, sehingga dalam firman-Nya yang lain dinyatakan bahwa orang yang tidak memberi makan fakir-miskin adalah orang yang mendustakan agama.\n\nTahukah kamu (orang) yang mendustakan agama? Maka itulah orang yang menghardik anak yatim, dan tidak mendorong memberi makan orang miskin. (al-Ma'un/107: 1-3)\n\nDengan perkataan lain dapat dikatakan bahwa tanda orang yang benar-benar beriman kepada Allah ialah senang membantu orang-orang fakir-miskin, karena usaha itu merupakan peningkatan dari imannya.",
                        "34": "Penyebab orang kafir ditimpa azab yang sangat pedih adalah karena selain mempersekutukan Allah, mereka adalah para pemuka dari kaum kafir yang mempelopori kekafiran, dan tidak mendorong dirinya dan orang lain untuk memberi makan fakir miskin.\n\nDisebutkan juga dalam ayat ini keharusan memberi makan fakir-miskin setelah beriman kepada Allah. Hal ini menunjukkan betapa tingginya nilai perbuatan memberi makan fakir-miskin di sisi Allah, sehingga dalam firman-Nya yang lain dinyatakan bahwa orang yang tidak memberi makan fakir-miskin adalah orang yang mendustakan agama.\n\nTahukah kamu (orang) yang mendustakan agama? Maka itulah orang yang menghardik anak yatim, dan tidak mendorong memberi makan orang miskin. (al-Ma'un/107: 1-3)\n\nDengan perkataan lain dapat dikatakan bahwa tanda orang yang benar-benar beriman kepada Allah ialah senang membantu orang-orang fakir-miskin, karena usaha itu merupakan peningkatan dari imannya.",
                        "35": "Dalam ayat ini diterangkan keadaan orang musyrik di dalam neraka:\n\n1.Mereka tidak mempunyai seorang pun teman atau penolong. Sebagaimana diketahui bahwa manusia itu adalah makhluk sosial. Hidup manusia yang berbahagia adalah jika mereka dapat memenuhi kepentingan pribadinya dan kepentingan hidup dalam pergaulan bermasyarakat. Jika di dunia dalam keadaan biasa, manusia merasa tersiksa hidup sendirian, tentu di akhirat akan lebih tersiksa lagi.\n\n2.Makanan mereka adalah darah dan nanah, suatu makanan yang tidak termakan oleh orang ketika hidup di dunia.",
                        "36": "Dalam ayat ini diterangkan keadaan orang musyrik di dalam neraka:\n\n1.Mereka tidak mempunyai seorang pun teman atau penolong. Sebagaimana diketahui bahwa manusia itu adalah makhluk sosial. Hidup manusia yang berbahagia adalah jika mereka dapat memenuhi kepentingan pribadinya dan kepentingan hidup dalam pergaulan bermasyarakat. Jika di dunia dalam keadaan biasa, manusia merasa tersiksa hidup sendirian, tentu di akhirat akan lebih tersiksa lagi.\n\n2.Makanan mereka adalah darah dan nanah, suatu makanan yang tidak termakan oleh orang ketika hidup di dunia.",
                        "37": "Makanan yang dimakan oleh orang kafir itu, yang terdiri dari darah dan nanah, adalah makanan yang sangat jijik dan tiada termakan oleh siapa pun. Hal ini menunjukkan gambaran kehidupan neraka yang penuh kehinaan.",
                        "38": "Menurut Muqatil bahwa ayat-ayat ini diturunkan berhubungan dengan sikap para pemuka Quraisy ketika mendengar bacaan ayat-ayat Al-Qur'an, seperti perkataan al-Walid bin al-Mugirah bahwa sesungguhnya Muhammad seorang pesihir, perkataan Abu Jahal bahwa Muhammad seorang penyair, dan perkataan 'Uqbah bahwa Muhammad seorang tukang tenung. Ayat ini membantah perkataan-perkataan itu.\n\nAllah menegaskan kepada orang musyrik Mekah dengan bersumpah dengan makhluk-Nya, baik yang dapat dilihat, diketahui, dan dirasakan dengan pancaindra maupun tidak, bahwa Al-Qur'an yang diturunkan kepada Muhammad itu benar-benar wahyu dari-Nya. Al-Qur'an bukan perkataan Muhammad atau perkataan yang diada-adakan Muhammad kemudian dikatakan sebagai firman Allah.\n\nDari perkataan bima tubsirun (segala yang dapat kamu lihat) dapat dipahami bahwa sebenarnya orang musyrik Mekah seharusnya dapat meyakinkan bahwa Al-Qur'an itu berasal dari Allah, bukan buatan Muhammad. Hal ini berdasarkan pada pengetahuan yang ada pada mereka, seperti pengetahuan tentang Muhammad, pengetahuan tentang gaya bahasa dan keindahan bahasa Arab yang terdapat dalam Al-Qur'an, dan isi Al-Qur'an itu sendiri. Kemudian dari perkataan \"wama la tubsirun\" (dan apa yang tidak kamu lihat) dipahami bahwa banyak hal yang tidak diketahui oleh orang musyrik Mekah. Jika mereka mengetahui yang demikian itu, tentu akan dapat menambah keyakinan dan kepercayaan mereka kepada Muhammad.",
                        "39": "Menurut Muqatil bahwa ayat-ayat ini diturunkan berhubungan dengan sikap para pemuka Quraisy ketika mendengar bacaan ayat-ayat Al-Qur'an, seperti perkataan al-Walid bin al-Mugirah bahwa sesungguhnya Muhammad seorang pesihir, perkataan Abu Jahal bahwa Muhammad seorang penyair, dan perkataan 'Uqbah bahwa Muhammad seorang tukang tenung. Ayat ini membantah perkataan-perkataan itu.\n\nAllah menegaskan kepada orang musyrik Mekah dengan bersumpah dengan makhluk-Nya, baik yang dapat dilihat, diketahui, dan dirasakan dengan pancaindra maupun tidak, bahwa Al-Qur'an yang diturunkan kepada Muhammad itu benar-benar wahyu dari-Nya. Al-Qur'an bukan perkataan Muhammad atau perkataan yang diada-adakan Muhammad kemudian dikatakan sebagai firman Allah.\n\nDari perkataan bima tubsirun (segala yang dapat kamu lihat) dapat dipahami bahwa sebenarnya orang musyrik Mekah seharusnya dapat meyakinkan bahwa Al-Qur'an itu berasal dari Allah, bukan buatan Muhammad. Hal ini berdasarkan pada pengetahuan yang ada pada mereka, seperti pengetahuan tentang Muhammad, pengetahuan tentang gaya bahasa dan keindahan bahasa Arab yang terdapat dalam Al-Qur'an, dan isi Al-Qur'an itu sendiri. Kemudian dari perkataan \"wama la tubsirun\" (dan apa yang tidak kamu lihat) dipahami bahwa banyak hal yang tidak diketahui oleh orang musyrik Mekah. Jika mereka mengetahui yang demikian itu, tentu akan dapat menambah keyakinan dan kepercayaan mereka kepada Muhammad.",
                        "40": "Menurut Muqatil bahwa ayat-ayat ini diturunkan berhubungan dengan sikap para pemuka Quraisy ketika mendengar bacaan ayat-ayat Al-Qur'an, seperti perkataan al-Walid bin al-Mugirah bahwa sesungguhnya Muhammad seorang pesihir, perkataan Abu Jahal bahwa Muhammad seorang penyair, dan perkataan 'Uqbah bahwa Muhammad seorang tukang tenung. Ayat ini membantah perkataan-perkataan itu.\n\nAllah menegaskan kepada orang musyrik Mekah dengan bersumpah dengan makhluk-Nya, baik yang dapat dilihat, diketahui, dan dirasakan dengan pancaindra maupun tidak, bahwa Al-Qur'an yang diturunkan kepada Muhammad itu benar-benar wahyu dari-Nya. Al-Qur'an bukan perkataan Muhammad atau perkataan yang diada-adakan Muhammad kemudian dikatakan sebagai firman Allah.\n\nDari perkataan bima tubsirun (segala yang dapat kamu lihat) dapat dipahami bahwa sebenarnya orang musyrik Mekah seharusnya dapat meyakinkan bahwa Al-Qur'an itu berasal dari Allah, bukan buatan Muhammad. Hal ini berdasarkan pada pengetahuan yang ada pada mereka, seperti pengetahuan tentang Muhammad, pengetahuan tentang gaya bahasa dan keindahan bahasa Arab yang terdapat dalam Al-Qur'an, dan isi Al-Qur'an itu sendiri. Kemudian dari perkataan \"wama la tubsirun\" (dan apa yang tidak kamu lihat) dipahami bahwa banyak hal yang tidak diketahui oleh orang musyrik Mekah. Jika mereka mengetahui yang demikian itu, tentu akan dapat menambah keyakinan dan kepercayaan mereka kepada Muhammad.",
                        "41": "Al-Qur'an bukan syair seperti yang biasa diucapkan penyair-penyair mereka, karena Al-Qur'an di samping indah susunan gaya bahasanya juga mempunyai isi yang dalam. Syair-syair yang diucapkan para penyair mereka tidak memiliki susunan gaya bahasa seindah susunan dan gaya bahasa Al-Qur'an dan tidak mempunyai arti yang tinggi. Banyak terdapat ayat Al-Qur'an yang menantang orang musyrik agar membuat yang serupa atau sebanding dengan Al-Qur'an, tetapi mereka tidak sanggup melakukannya. \n\nDan jika kamu meragukan (Al-Qur'an) yang Kami turunkan kepada hamba Kami (Muhammad), maka buatlah satu surah semisal dengannya dan ajaklah penolong-penolongmu selain Allah, jika kamu orang-orang yang benar. Jika kamu tidak mampu membuatnya, dan (pasti) tidak akan mampu, maka takutlah kamu akan api neraka yang bahan bakarnya manusia dan batu, yang disediakan bagi orang-orang kafir. (al-Baqarah/2: 23-24)\n\nDitegaskan pula bahwa Al-Qur'an itu juga bukan berasal dari perkataan tukang tenung. Biasanya tukang tenung teman setan karena mereka menenung itu semata-mata mencari-cari bisikan setan. Padahal Al-Qur'an mencela perbuatan setan, sehingga dengan demikian, ia bukan bisikan setan dan bukan pula hasil tukang tenung. Sehubungan dengan itu, ayat ini menyanggah orang-orang musyrik agar tidak buru-buru berkesimpulan bahwa Al-Qur'an itu adalah tenung hanya karena belum atau tidak mengetahui isi Al-Qur'an. Sangat sedikit di antara mereka yang mau beriman kepada Al-Qur'an ketika itu, dan mau mengambil pelajaran dari isinya. Mukjizat Qur'an terletak pada isi. Makin tinggi ilmu pengetahuan seseorang, akan makin mudah mencerna maksudnya, di samping nilai bahasanya.\n\nUmat Islam Indonesia pada umumnya kesulitan membuktikan dan mengetahui letak kemukjizatan Al-Qur'an dari segi bahasa, karena untuk mengetahui ketinggian susunan kata-kata haruslah dapat merasakan keindahan gaya dan bahasa itu sendiri. Oleh karena itu, untuk mengetahui ketinggian Al-Qur'an, cukup dengan mengetahui pendapat dan sikap para sastrawan Arab penantang Islam terhadap Al-Qur'an itu. Di antaranya adalah Abu al-Walid, yaitu seorang pemimpin dan sastrawan Arab yang terkenal pada masa itu. Ia pernah diutus kaumnya kepada Nabi saw untuk meminta beliau menghentikan dakwahnya. Mendengar permintaan Abu al-Walid itu, Nabi saw membaca Surah Fussilat/41 dari ayat pertama hingga akhir ayat 14. Abu al-Walid terpesona mendengar ayat-ayat itu, sehingga ia termenung memikirkan keindahan gaya bahasanya. Lalu ia langsung kembali kepada kaumnya. Ketika ditanya tentang hasil pertemuan itu, ia mengatakan kepada kaumnya, \"Aku belum pernah mendengar kata-kata yang seindah itu. Apa yang dibaca itu bukanlah syair, sihir, atau kata-kata ahli tenung. Mendengar jawaban Abu al-Walid, mereka menuduh bahwa ia telah terkena sihir oleh Muhammad dan berkhianat kepada agama nenek moyang mereka. Di antara pemuka dan sesepuh Quraisy adalah al-Walid bin al-Mugirah. Orang ini pernah mendengar ayat-ayat Al-Qur'an yang dibacakan Nabi. Maka ia berkata kepada kaumnya (Bani Makhzum), \"Baru-baru ini aku mendengar dari Muhammad suatu ucapan yang menurutku bukanlah perkataan manusia atau jin. Ucapan itu enak didengar, bagus disimak, laksana sebatang pohon, yang atasnya berbuah, dan bawahnya terhunjam ke tanah. Dia benar-benar unggul dan tidak akan dapat diungguli. Di samping dua orang tersebut, banyak juga sastrawan Arab pada waktu itu yang mencoba membuat yang serupa ayat-ayat Al-Qur'an , tetapi tidak seorang pun yang sanggup melakukannya.\n\nDari kedua ayat ini dapat dipahami bahwa sangat sedikit di antara kaum musyrik Mekah yang mengakui bahwa Al-Qur'an adalah kitab yang diturunkan Allah kepada Muhammad, begitu juga yang mengambil pelajaran dari isinya. Yang demikian itu adalah karena:\n\n1.Mereka takut dikucilkan oleh kaumnya dengan mempelajari Al-Qur'an, walaupun hati dan pikiran mereka telah mengakuinya, seperti halnya pada Abu al-Walid dan al-Walid bin al-Mugirah.\n\n2.Sebahagian mereka tidak mengetahui isinya karena tidak mau mempelajarinya dengan sungguh-sungguh. Mereka lebih dahulu mendustakannya.",
                        "42": "Al-Qur'an bukan syair seperti yang biasa diucapkan penyair-penyair mereka, karena Al-Qur'an di samping indah susunan gaya bahasanya juga mempunyai isi yang dalam. Syair-syair yang diucapkan para penyair mereka tidak memiliki susunan gaya bahasa seindah susunan dan gaya bahasa Al-Qur'an dan tidak mempunyai arti yang tinggi. Banyak terdapat ayat Al-Qur'an yang menantang orang musyrik agar membuat yang serupa atau sebanding dengan Al-Qur'an, tetapi mereka tidak sanggup melakukannya. \n\nDan jika kamu meragukan (Al-Qur'an) yang Kami turunkan kepada hamba Kami (Muhammad), maka buatlah satu surah semisal dengannya dan ajaklah penolong-penolongmu selain Allah, jika kamu orang-orang yang benar. Jika kamu tidak mampu membuatnya, dan (pasti) tidak akan mampu, maka takutlah kamu akan api neraka yang bahan bakarnya manusia dan batu, yang disediakan bagi orang-orang kafir. (al-Baqarah/2: 23-24)\n\nDitegaskan pula bahwa Al-Qur'an itu juga bukan berasal dari perkataan tukang tenung. Biasanya tukang tenung teman setan karena mereka menenung itu semata-mata mencari-cari bisikan setan. Padahal Al-Qur'an mencela perbuatan setan, sehingga dengan demikian, ia bukan bisikan setan dan bukan pula hasil tukang tenung. Sehubungan dengan itu, ayat ini menyanggah orang-orang musyrik agar tidak buru-buru berkesimpulan bahwa Al-Qur'an itu adalah tenung hanya karena belum atau tidak mengetahui isi Al-Qur'an. Sangat sedikit di antara mereka yang mau beriman kepada Al-Qur'an ketika itu, dan mau mengambil pelajaran dari isinya. Mukjizat Qur'an terletak pada isi. Makin tinggi ilmu pengetahuan seseorang, akan makin mudah mencerna maksudnya, di samping nilai bahasanya.\n\nUmat Islam Indonesia pada umumnya kesulitan membuktikan dan mengetahui letak kemukjizatan Al-Qur'an dari segi bahasa, karena untuk mengetahui ketinggian susunan kata-kata haruslah dapat merasakan keindahan gaya dan bahasa itu sendiri. Oleh karena itu, untuk mengetahui ketinggian Al-Qur'an, cukup dengan mengetahui pendapat dan sikap para sastrawan Arab penantang Islam terhadap Al-Qur'an itu. Di antaranya adalah Abu al-Walid, yaitu seorang pemimpin dan sastrawan Arab yang terkenal pada masa itu. Ia pernah diutus kaumnya kepada Nabi saw untuk meminta beliau menghentikan dakwahnya. Mendengar permintaan Abu al-Walid itu, Nabi saw membaca Surah Fussilat/41 dari ayat pertama hingga akhir ayat 14. Abu al-Walid terpesona mendengar ayat-ayat itu, sehingga ia termenung memikirkan keindahan gaya bahasanya. Lalu ia langsung kembali kepada kaumnya. Ketika ditanya tentang hasil pertemuan itu, ia mengatakan kepada kaumnya, \"Aku belum pernah mendengar kata-kata yang seindah itu. Apa yang dibaca itu bukanlah syair, sihir, atau kata-kata ahli tenung. Mendengar jawaban Abu al-Walid, mereka menuduh bahwa ia telah terkena sihir oleh Muhammad dan berkhianat kepada agama nenek moyang mereka. Di antara pemuka dan sesepuh Quraisy adalah al-Walid bin al-Mugirah. Orang ini pernah mendengar ayat-ayat Al-Qur'an yang dibacakan Nabi. Maka ia berkata kepada kaumnya (Bani Makhzum), \"Baru-baru ini aku mendengar dari Muhammad suatu ucapan yang menurutku bukanlah perkataan manusia atau jin. Ucapan itu enak didengar, bagus disimak, laksana sebatang pohon, yang atasnya berbuah, dan bawahnya terhunjam ke tanah. Dia benar-benar unggul dan tidak akan dapat diungguli. Di samping dua orang tersebut, banyak juga sastrawan Arab pada waktu itu yang mencoba membuat yang serupa ayat-ayat Al-Qur'an , tetapi tidak seorang pun yang sanggup melakukannya.\n\nDari kedua ayat ini dapat dipahami bahwa sangat sedikit di antara kaum musyrik Mekah yang mengakui bahwa Al-Qur'an adalah kitab yang diturunkan Allah kepada Muhammad, begitu juga yang mengambil pelajaran dari isinya. Yang demikian itu adalah karena:\n\n1.Mereka takut dikucilkan oleh kaumnya dengan mempelajari Al-Qur'an, walaupun hati dan pikiran mereka telah mengakuinya, seperti halnya pada Abu al-Walid dan al-Walid bin al-Mugirah.\n\n2.Sebahagian mereka tidak mengetahui isinya karena tidak mau mempelajarinya dengan sungguh-sungguh. Mereka lebih dahulu mendustakannya.",
                        "43": "Al-Qur'an benar-benar berasal dari Tuhan Maha Pencipta, Maha Pengatur, Maha Penjaga dan Maha Menguasai seluruh alam.",
                        "44": "Kedua ayat ini menegaskan bahwa Al-Qur'an itu benar-benar berasal dari Allah, bukan buatan Muhammad, syair, atau khayalan tukang tenung, karena tidak seorang makhluk pun yang sanggup membuat seperti ayat-ayat Al-Qur'an itu. Allah menegaskan bahwa seandainya Nabi Muhammad mengatakan sesuatu tentang-Nya dan mengucapkan perkataan yang dikatakannya berasal dari-Nya, padahal Ia tidak pernah menyatakan atau mengatakannya, Allah pasti pegang tangan kanannya untuk menerima hukuman dari-Nya. Bagi Allah tidaklah berat dan sukar menghukumnya dengan hukuman yang sangat besar sekalipun, karena Ia Mahakuasa atas segala sesuatu.\n\nUngkapan \"memegang tangan kanan\" (al-akhdhu bil yamin) dalam ayat ini merupakan ungkapan untuk suatu tindakan yang dilakukan terhadap orang yang berada di bawah kekuasaan seseorang, dengan maksud memberi hukuman kepada orang itu. Contohnya seperti seorang raja yang memberikan hukuman kepada seorang pemberontak.\n\nDalam ayat ini, ungkapan tersebut dipakai untuk menyatakan bahwa bagi Allah tidak ada suatu keberatan pun untuk melakukan suatu tindakan terhadap Muhammad, kalau ia mengadakan sesuatu yang tidak benar terhadap-Nya. Hal itu sebagai hukuman bagi Nabi saw, bagaimana pun beratnya hukuman itu.\n\nAyat ini juga mengisyaratkan bahwa seandainya Al-Qur'an itu buatan Muhammad, pasti akan ditolak oleh manusia dan beliau akan gagal dalam melaksanakan dakwahnya. Kenyataan yang terjadi adalah sebaliknya, Muhammad diterima oleh orang-orang beriman karena mereka percaya akan kebenaran Al-Qur'an. Dan ternyata pula bahwa agama Islam makin hari makin berkembang.",
                        "45": "Kedua ayat ini menegaskan bahwa Al-Qur'an itu benar-benar berasal dari Allah, bukan buatan Muhammad, syair, atau khayalan tukang tenung, karena tidak seorang makhluk pun yang sanggup membuat seperti ayat-ayat Al-Qur'an itu. Allah menegaskan bahwa seandainya Nabi Muhammad mengatakan sesuatu tentang-Nya dan mengucapkan perkataan yang dikatakannya berasal dari-Nya, padahal Ia tidak pernah menyatakan atau mengatakannya, Allah pasti pegang tangan kanannya untuk menerima hukuman dari-Nya. Bagi Allah tidaklah berat dan sukar menghukumnya dengan hukuman yang sangat besar sekalipun, karena Ia Mahakuasa atas segala sesuatu.\n\nUngkapan \"memegang tangan kanan\" (al-akhdhu bil yamin) dalam ayat ini merupakan ungkapan untuk suatu tindakan yang dilakukan terhadap orang yang berada di bawah kekuasaan seseorang, dengan maksud memberi hukuman kepada orang itu. Contohnya seperti seorang raja yang memberikan hukuman kepada seorang pemberontak.\n\nDalam ayat ini, ungkapan tersebut dipakai untuk menyatakan bahwa bagi Allah tidak ada suatu keberatan pun untuk melakukan suatu tindakan terhadap Muhammad, kalau ia mengadakan sesuatu yang tidak benar terhadap-Nya. Hal itu sebagai hukuman bagi Nabi saw, bagaimana pun beratnya hukuman itu.\n\nAyat ini juga mengisyaratkan bahwa seandainya Al-Qur'an itu buatan Muhammad, pasti akan ditolak oleh manusia dan beliau akan gagal dalam melaksanakan dakwahnya. Kenyataan yang terjadi adalah sebaliknya, Muhammad diterima oleh orang-orang beriman karena mereka percaya akan kebenaran Al-Qur'an. Dan ternyata pula bahwa agama Islam makin hari makin berkembang.",
                        "46": "Pada kedua ayat ini ditegaskan lagi kekuasaan Allah terhadap makhluk-Nya. Seandainya Allah ingin melakukan sesuatu kepada hamba-hamba-Nya, tidak seorang pun yang dapat menghalanginya, sekalipun tindakan itu adalah tindakan yang menentukan hidup-matinya seseorang, seperti tindakan memutuskan urat nadi jantungnya, yang berakibat kematiannya. Demikian pula kepada Muhammad. Seandainya dia berdusta terhadap Allah, tentu Allah akan marah kepadanya dan menghukumnya dengan hukuman mati, yaitu dengan memutus pembuluh darahnya. Tidak ada seorang pun yang dapat menghalangi-Nya dari melaksanakan hukuman itu.",
                        "47": "Pada kedua ayat ini ditegaskan lagi kekuasaan Allah terhadap makhluk-Nya. Seandainya Allah ingin melakukan sesuatu kepada hamba-hamba-Nya, tidak seorang pun yang dapat menghalanginya, sekalipun tindakan itu adalah tindakan yang menentukan hidup-matinya seseorang, seperti tindakan memutuskan urat nadi jantungnya, yang berakibat kematiannya. Demikian pula kepada Muhammad. Seandainya dia berdusta terhadap Allah, tentu Allah akan marah kepadanya dan menghukumnya dengan hukuman mati, yaitu dengan memutus pembuluh darahnya. Tidak ada seorang pun yang dapat menghalangi-Nya dari melaksanakan hukuman itu.",
                        "48": "Al-Qur'an bukanlah perkataan penyair, bukan hasil tenung tukang tenung, dan bukan pula perkataan Muhammad, tetapi adalah kalam Allah yang diturunkan-Nya kepada Nabi Muhammad saw untuk disampaikan kepada umat manusia. Dengan Al-Qur'an itu, manusia akan beriman dan akan mendapat petunjuk dalam mengayuh bahtera kehidupannya ke pulau yang dicita-citakannya, yaitu kebahagiaan hidup di dunia dan di akhirat.\n\nDari ayat ini dipahami bahwa manusia dalam mencapai kebahagiaan hidup di dunia dan di akhirat, memerlukan petunjuk-petunjuk. Petunjuk itu ada yang dapat dicapai oleh akal pikiran, dan ada yang tidak. Yang dapat dicapai oleh akal pikiran ialah seperti bagaimana cara mereka hidup, mencari nafkah, menanam padi, memelihara binatang ternak, bagaimana melindungi diri dari kehujanan dan kepanasan, dan sebagainya. Ada pula petunjuk yang tidak dapat dicapai oleh akal pikiran manusia, sehingga harus ada yang menunjukkannya. Hanya Allah, sebagai pencipta, pemilik dan penguasa seluruh makhluk, yang bisa memberikan petunjuk itu. Semua petunjuk Allah itu termuat dalam Al-Qur'an dan dijelaskan oleh sunah Nabi saw, serta diberikan kepada orang berpikir. Apakah orang kafir memikirkan yang demikian itu?",
                        "49": "Ayat ini merupakan peringatan keras kepada kaum musyrik. Dijelaskan bahwa Allah Maha Mengetahui segala sesuatu yang terdapat di alam ini, sejak dari yang kecil sampai yang besar, yang halus sampai yang kasar, serta yang tidak tampak sampai yang tampak. Oleh karena itu, Allah mengetahui setiap orang yang mendustakan Al-Qur'an, mengingkari rasul, dan melakukan perbuatan-perbuatan yang terlarang. Maka Allah akan melakukan tindakan dan menghukum dengan seadil-adilnya di antara manusia, sesuai dengan perbuatannya.\n\nDari perkataan \"minkum\" (sebahagian kamu) yang terdapat dalam ayat ini dapat dipahami bahwa ada di antara orang musyrik itu yang mempercayai kebenaran Al-Qur'an dan Rasulullah. Akan tetapi, karena hawa nafsu, takut dipencilkan kaumnya, takut kehilangan pangkat dan harta, mereka mendustakannya. Allah berfirman:\n\nSesungguhnya dia telah memikirkan dan menetapkan (apa yang ditetapkannya), maka celakalah dia! Bagaimana dia menetapkan? Sekali lagi, celakalah dia! Bagaimana dia menetapkan? Kemudian dia (merenung) memikirkan, lalu berwajah masam dan cemberut, kemudian berpaling (dari kebenaran) dan menyombongkan diri, lalu dia berkata, \"(Al-Qur'an) ini hanyalah sihir yang dipelajari (dari orang-orang dahulu). Ini hanyalah perkataan manusia.\" (al-Muddatstsir/74: 18-25)",
                        "50": "Dalam ayat ini dijelaskan bahwa Al-Qur'an menimbulkan kekecewaan bagi orang kafir, baik selama hidup di dunia maupun di akhirat. Di dunia mereka kecewa karena pengaruh agama Islam bertambah kuat sehingga pengaruh kepercayaan syirik makin berkurang, bahkan akhirnya hilang seluruhnya tanpa bekas sedikit pun. Al-Qur'an menyatakan kebatilan kepercayaan mereka, seperti menyembah patung yang tidak dapat menimbulkan mudarat dan manfaat.\n\nDi akhirat nanti setelah mengalami azab yang dahsyat, mereka menyesal kenapa tidak mengikuti seruan Nabi Muhammad, seperti yang dilakukan orang-orang yang beriman. Akan tetapi, penyesalan mereka itu tidak ada gunanya lagi karena pintu tobat telah tertutup.",
                        "51": "Dalam ayat ini, ditegaskan lagi bahwa Al-Qur'an adalah suatu yang benar dan nyata kebenarannya. Ia benar-benar berasal dari Tuhan semesta alam, bukan perkataan yang diada-adakan Muhammad.",
                        "52": "Oleh karena itu, Nabi Muhammad diperintahkan untuk bertasbih dengan menyebut nama Allah dan bersyukur kepada-Nya karena Dia telah melimpahkan rahmat yang tidak terhingga kepadanya dan kepada seluruh manusia berupa Al-Qur'an, sebagai petunjuk dalam mencapai kebahagiaan hidup di dunia dan di akhirat. Sesungguhnya Tuhan yang telah memberi rahmat itu adalah Tuhan Yang Mahaagung."
                    }
                }
            }
        }
    }
}