{
    "77": {
        "number": "77",
        "name": "المرسلٰت",
        "name_latin": "Al-Mursalat",
        "number_of_ayah": "50",
        "text": {
            "1": "وَالْمُرْسَلٰتِ عُرْفًاۙ",
            "2": "فَالْعٰصِفٰتِ عَصْفًاۙ",
            "3": "وَّالنّٰشِرٰتِ نَشْرًاۙ",
            "4": "فَالْفٰرِقٰتِ فَرْقًاۙ",
            "5": "فَالْمُلْقِيٰتِ ذِكْرًاۙ",
            "6": "عُذْرًا اَوْ نُذْرًاۙ",
            "7": "اِنَّمَا تُوْعَدُوْنَ لَوَاقِعٌۗ",
            "8": "فَاِذَا النُّجُوْمُ طُمِسَتْۙ",
            "9": "وَاِذَا السَّمَاۤءُ فُرِجَتْۙ",
            "10": "وَاِذَا الْجِبَالُ نُسِفَتْۙ",
            "11": "وَاِذَا الرُّسُلُ اُقِّتَتْۗ",
            "12": "لِاَيِّ يَوْمٍ اُجِّلَتْۗ",
            "13": "لِيَوْمِ الْفَصْلِۚ",
            "14": "وَمَآ اَدْرٰىكَ مَا يَوْمُ الْفَصْلِۗ",
            "15": "وَيْلٌ يَّوْمَىِٕذٍ لِّلْمُكَذِّبِيْنَ ",
            "16": "اَلَمْ نُهْلِكِ الْاَوَّلِيْنَۗ",
            "17": "ثُمَّ نُتْبِعُهُمُ الْاٰخِرِيْنَ ",
            "18": "كَذٰلِكَ نَفْعَلُ بِالْمُجْرِمِيْنَ ",
            "19": "وَيْلٌ يَّوْمَىِٕذٍ لِّلْمُكَذِّبِيْنَ ",
            "20": "اَلَمْ نَخْلُقْكُّمْ مِّنْ مَّاۤءٍ مَّهِيْنٍۙ",
            "21": "فَجَعَلْنٰهُ فِيْ قَرَارٍ مَّكِيْنٍ",
            "22": "اِلٰى قَدَرٍ مَّعْلُوْمٍۙ",
            "23": "فَقَدَرْنَاۖ فَنِعْمَ الْقٰدِرُوْنَ ",
            "24": "وَيْلٌ يَّوْمَىِٕذٍ لِّلْمُكَذِّبِيْنَ ",
            "25": "اَلَمْ نَجْعَلِ الْاَرْضَ كِفَاتًاۙ",
            "26": "اَحْيَاۤءً وَّاَمْوَاتًاۙ",
            "27": "وَّجَعَلْنَا فِيْهَا رَوَاسِيَ شٰمِخٰتٍ وَّاَسْقَيْنٰكُمْ مَّاۤءً فُرَاتًاۗ",
            "28": "وَيْلٌ يَّوْمَىِٕذٍ لِّلْمُكَذِّبِيْنَ ",
            "29": "اِنْطَلِقُوْٓا اِلٰى مَا كُنْتُمْ بِهٖ تُكَذِّبُوْنَۚ",
            "30": "اِنْطَلِقُوْٓا اِلٰى ظِلٍّ ذِيْ ثَلٰثِ شُعَبٍ ",
            "31": "لَا ظَلِيْلٍ وَّلَا يُغْنِيْ مِنَ اللَّهَبِۗ",
            "32": "اِنَّهَا تَرْمِيْ بِشَرَرٍ كَالْقَصْرِۚ",
            "33": "كَاَنَّهٗ جِمٰلَتٌ صُفْرٌۗ",
            "34": "وَيْلٌ يَّوْمَىِٕذٍ لِّلْمُكَذِّبِيْنَ ",
            "35": "هٰذَا يَوْمُ لَا يَنْطِقُوْنَۙ",
            "36": "وَلَا يُؤْذَنُ لَهُمْ فَيَعْتَذِرُوْنَ ",
            "37": "وَيْلٌ يَّوْمَىِٕذٍ لِّلْمُكَذِّبِيْنَ ",
            "38": "هٰذَا يَوْمُ الْفَصْلِ جَمَعْنٰكُمْ وَالْاَوَّلِيْنَ ",
            "39": "فَاِنْ كَانَ لَكُمْ كَيْدٌ فَكِيْدُوْنِ ",
            "40": "وَيْلٌ يَّوْمَىِٕذٍ لِّلْمُكَذِّبِيْنَ ࣖ ",
            "41": "اِنَّ الْمُتَّقِيْنَ فِيْ ظِلٰلٍ وَّعُيُوْنٍۙ",
            "42": "وَّفَوَاكِهَ مِمَّا يَشْتَهُوْنَۗ",
            "43": "كُلُوْا وَاشْرَبُوْا هَنِيْۤـًٔا ۢبِمَا كُنْتُمْ تَعْمَلُوْنَ ",
            "44": "اِنَّا كَذٰلِكَ نَجْزِى الْمُحْسِنِيْنَ ",
            "45": "وَيْلٌ يَّوْمَىِٕذٍ لِّلْمُكَذِّبِيْنَ ",
            "46": "كُلُوْا وَتَمَتَّعُوْا قَلِيْلًا اِنَّكُمْ مُّجْرِمُوْنَ ",
            "47": "وَيْلٌ يَّوْمَىِٕذٍ لِّلْمُكَذِّبِيْنَ ",
            "48": "وَاِذَا قِيْلَ لَهُمُ ارْكَعُوْا لَا يَرْكَعُوْنَ ",
            "49": "وَيْلٌ يَّوْمَىِٕذٍ لِّلْمُكَذِّبِيْنَ ",
            "50": "فَبِاَيِّ حَدِيْثٍۢ بَعْدَهٗ يُؤْمِنُوْنَ ࣖ   ۔"
        },
        "translations": {
            "id": {
                "name": "Malaikat Yang Diutus",
                "text": {
                    "1": "Demi (malaikat-malaikat) yang diutus untuk membawa kebaikan,",
                    "2": "dan (malaikat-malaikat) yang terbang dengan kencangnya,",
                    "3": "dan (malaikat-malaikat) yang menyebarkan (rahmat Allah) dengan seluas-luasnya,",
                    "4": "dan (malaikat-malaikat) yang membedakan (antara yang baik dan yang buruk) dengan sejelas-jelasnya,",
                    "5": "dan (malaikat-malaikat) yang menyampaikan wahyu,",
                    "6": "untuk menolak alasan-alasan atau memberi peringatan.",
                    "7": "Sungguh, apa yang dijanjikan kepadamu pasti terjadi.",
                    "8": "Maka apabila bintang-bintang dihapuskan,",
                    "9": "dan apabila langit terbelah,",
                    "10": "dan apabila gunung-gunung dihancurkan menjadi debu,",
                    "11": "dan apabila rasul-rasul telah ditetapkan waktunya.",
                    "12": "(Niscaya dikatakan kepada mereka), “Sampai hari apakah ditangguhkan (azab orang-orang kafir itu)?”",
                    "13": "Sampai hari keputusan.",
                    "14": "Dan tahukah kamu apakah hari ke-putusan itu?",
                    "15": "Celakalah pada hari itu, bagi mereka yang mendustakan (kebenaran).",
                    "16": "Bukankah telah Kami binasakan orang-orang yang dahulu?",
                    "17": "Lalu Kami susulkan (azab Kami terhadap) orang-orang yang datang kemudian.",
                    "18": "Demikianlah Kami perlakukan orang-orang yang berdosa.",
                    "19": "Celakalah pada hari itu, bagi mereka yang mendustakan (kebenaran).",
                    "20": "Bukankah Kami menciptakan kamu dari air yang hina (mani),",
                    "21": "kemudian Kami letakkan ia dalam tempat yang kokoh (rahim),",
                    "22": "sampai waktu yang ditentukan,",
                    "23": "lalu Kami tentukan (bentuknya), maka (Kamilah) sebaik-baik yang menentukan.",
                    "24": "Celakalah pada hari itu, bagi mereka yang mendustakan (kebenaran).",
                    "25": "Bukankah Kami jadikan bumi untuk (tempat) berkumpul,",
                    "26": "bagi yang masih hidup dan yang sudah mati?",
                    "27": "Dan Kami jadikan padanya gunung-gunung yang tinggi, dan Kami beri minum kamu dengan air tawar?",
                    "28": "Celakalah pada hari itu, bagi mereka yang mendustakan (kebenaran).",
                    "29": "(Akan dikatakan), “Pergilah kamu mendapatkan apa (azab) yang dahulu kamu dustakan.",
                    "30": "Pergilah kamu mendapatkan naungan (asap api neraka) yang mempunyai tiga cabang, ",
                    "31": "yang tidak melindungi dan tidak pula menolak nyala api neraka.” ",
                    "32": "Sungguh, (neraka) itu menyemburkan bunga api (sebesar dan setinggi) istana, ",
                    "33": "seakan-akan iring-iringan unta yang kuning.",
                    "34": "Celakalah pada hari itu, bagi mereka yang mendustakan (kebenaran). ",
                    "35": "Inilah hari, saat mereka tidak dapat berbicara, ",
                    "36": "dan tidak diizinkan kepada mereka mengemukakan alasan agar mereka dimaafkan. ",
                    "37": "Celakalah pada hari itu, bagi mereka yang mendustakan (kebenaran). ",
                    "38": "Inilah hari keputusan; (pada hari ini) Kami kumpulkan kamu dan orang-orang yang terdahulu. ",
                    "39": "Maka jika kamu punya tipu daya, maka lakukanlah (tipu daya) itu terhadap-Ku. ",
                    "40": "Celakalah pada hari itu, bagi mereka yang mendustakan (kebenaran).",
                    "41": "Sungguh, orang-orang yang bertakwa berada dalam naungan (pepohonan surga yang teduh) dan (di sekitar) mata air, ",
                    "42": "dan buah-buahan yang mereka sukai. ",
                    "43": "(Katakan kepada mereka), “Makan dan minumlah dengan rasa nikmat sebagai balasan dari apa yang telah kamu kerjakan.” ",
                    "44": "Sungguh, demikianlah Kami memberi balasan kepada orang-orang yang berbuat baik. ",
                    "45": "Celakalah pada hari itu, bagi mereka yang mendustakan (kebenaran). ",
                    "46": "(Katakan kepada orang-orang kafir), “Makan dan bersenang-senanglah kamu (di dunia) sebentar, sesungguhnya kamu orang-orang durhaka!”",
                    "47": "Celakalah pada hari itu, bagi mereka yang mendustakan (kebenaran). ",
                    "48": "Dan apabila dikatakan kepada mereka, “Rukuklah,” mereka tidak mau rukuk.",
                    "49": "Celakalah pada hari itu, bagi mereka yang mendustakan (kebenaran)! ",
                    "50": "Maka kepada ajaran manakah (selain Al-Qur'an) ini mereka akan beriman?"
                }
            }
        },
        "tafsir": {
            "id": {
                "kemenag": {
                    "name": "Kemenag",
                    "source": "Aplikasi Quran Kementrian Agama Republik Indonesia",
                    "text": {
                        "1": "Dalam ayat ini, Allah bersumpah dengan malaikat-malaikat yang menyebarkan kebaikan. Al-Mursalat (malaikat-malaikat yang diutus) adalah para malaikat yang bertugas untuk menyampaikan nikmat atau karunia Ilahi kepada suatu kaum atau mendatangkan siksaan kepada kelompok lain yang pantas menerimanya. Sebagian ulama mengartikan al-mursalat itu dengan angin yang bertiup terus-menerus ke segala arah atas perintah Tuhan untuk menyebarkan rahmat dan nikmat ke dunia ini.",
                        "2": "Allah juga bersumpah dengan angin yang bertiup dengan kencang. Ada pula yang mengartikan al-'asifat dengan malaikat-malaikat yang menjauhkan diri dari kebatilan sebagaimana halnya angin kencang yang berhembus meniup onggokan tanah atau debu di atas batu. Yang lain menafsirkannya dengan angin yang menyebarkan air hujan.",
                        "3": "Selanjutnya Allah bersumpah dengan malaikat-malaikat yang menyebarkan rahmat-Nya seluas-luasnya. Terdapat berbagai macam penafsiran tentang kata an-nasyirat di sini. Ada yang mengartikannya dengan malaikat yang menebarkan maut kepada orang yang ditetapkan kematiannya tanpa diketahui sedikit pun. Ada pula yang menafsirkannya dengan malaikat yang menebarkan dan meratakan syariat-syariat Allah kepada sekalian nabi dan rasul-Nya.",
                        "4": "Allah bersumpah pula dengan para malaikat yang membedakan antara yang hak dengan yang batil dengan sejelas-jelasnya, membedakan antara petunjuk dan kesesatan.\n\nSebagian mufasir mengartikan al-fariqat dengan angin yang dapat membedakan mana yang membawa rahmat dan mana yang bertugas merusak manusia banyak. Dengan kata lain, angin pembawa rahmat dan angin pembawa bencana.",
                        "5": "Dalam ayat ini, Allah bersumpah dengan malaikat yang bertugas membawa wahyu kepada para nabi dan rasul. Akan tetapi, seperti pada ayat-ayat sebelumnya, ada yang mengartikan al-mulqiyat ini dengan angin yang menurunkan peringatan akan bencana Allah kepada manusia.",
                        "6": "Dalam ayat ini ditegaskan bahwa kedatangan wahyu kepada para nabi yang dibawa oleh malaikat adalah untuk menyampaikan alasan guna membantah ketidakpercayaan orang musyrik kepada adanya hari kebangkitan, dan untuk mengancam mereka dengan azab yang pedih bila mereka membangkang perintah Tuhan.",
                        "7": "Setelah bersumpah dengan beberapa macam makhluk-Nya di atas, maka dalam ayat ini, Allah menegaskan bahwa sesungguhnya apa yang telah dijanjikan kepada manusia itu pasti akan terjadi. Yang dijanjikan itu adalah datangnya hari kebangkitan, terjadinya kiamat, dihidupkannya kembali segala makhluk yang sudah mati sejak dahulu, sekarang, hingga yang akan datang dan dikumpulkan di Padang Mahsyar. Semuanya itu menurut penegasan ayat ini pasti akan terjadi!",
                        "8": "Dalam ayat ini, Allah menerangkan bahwa pada waktu kedatangan hari Kiamat itu, cahaya bintang-bintang telah dihilangkan karena sumbernya telah berantakan, sebagaimana tersebut dalam ayat lain:\n\nDan apabila bintang-bintang berjatuhan. (at-Takwir/81: 2)",
                        "9": "Dikatakan pula bila langit pecah hancur berantakan berkeping-keping karena terjadinya guncangan gempa yang sangat dahsyat akibat benda-benda langit beradu sesamanya. Demikianlah beberapa ayat lain menceritakan hal yang sama, yakni:\n\nDan (ingatlah) pada hari (ketika) langit pecah mengeluarkan kabut putih dan para malaikat diturunkan (secara) bergelombang. (al-Furqan/25: 25)",
                        "10": "Ayat ini menyebutkan bahwa gunung-gunung dihancurkan menjadi debu. Dalam ayat lain disebutkan kedatangan hari Kiamat menyebabkan gunung-gunung beterbangan bagaikan kapas atau bulu yang diterbangkan angin atau dihancurkan sehancur-hancurnya. Firman Allah: \n\nDan mereka bertanya kepadamu (Muhammad) tentang gunung-gunung, maka katakanlah, \"Tuhanku akan menghancurkannya (pada hari Kiamat) sehancur-hancurnya.\" (thaha/20: 105)",
                        "11": "Dalam ayat ini ditegaskan bahwa dengan kedatangan hari Kiamat, para nabi dan rasul dikumpulkan bersama-sama umat masing-masing. Tujuannya agar nabi dan rasul itu diberi kesempatan untuk mempertanggungjawabkan misi kenabian dan kerasulan mereka di hadapan Allah serta umatnya sebagai saksi. \n\nDan bagaimanakah (keadaan orang kafir nanti), jika Kami mendatangkan seorang saksi (Rasul) dari setiap umat dan Kami mendatangkan engkau (Muhammad) sebagai saksi atas mereka. (an-Nisa'/4: 41)",
                        "12": "Ayat ini menegaskan bahwa sampai kapankah urusan umat dengan rasul mereka ditangguhkan, sehingga yang kafir harus diazab atau mendapatkan kehinaan, dan sebaliknya yang beriman memperoleh kenikmatan dan pemeliharaan dari Allah? Ayat ini merupakan ancaman betapa hebatnya masalah-masalah yang dihadapi umat di hari itu, dan betapa beratnya tanggung jawab manusia di hadapan Allah kelak.",
                        "13": "Kemudian Allah menerangkan bahwa pada hari yang dijanjikan itu Dia menyelesaikan segala perkara yang terjadi di antara sesama makhluk. Pada hari itulah tegaknya Mahkamah Ilahi yang mengadili segala perkara dengan seadil-adilnya. Itulah hari yang disebut Yaumul-Fasl (hari pemisah).",
                        "14": "Dalam ayat ini, Allah menunjukkan betapa dahsyatnya hari itu dalam bentuk pertanyaan kepada Nabi Muhammad, \"Tahukah engkau apakah hari pemisah itu?\" Apakah hari saat umat dan rasul mereka masing-masing dikumpulkan?",
                        "15": "Kemudian Allah sendiri menjelaskan jawaban dari pertanyaan yang disebutkan dalam ayat di atas. Pada hari itu azab dan kehinaan menimpa orang-orang yang mendustakan Allah dan Rasul serta kitab suci yang diturunkan-Nya. Azab akan dijatuhkan kepada manusia yang suka mendustakan apa yang telah disampaikan dan diceritakan para rasul.\n\nSemua orang kafir masih ragu terhadap semua yang ditegaskan Allah. Akan tetapi, Allah tidak akan menyalahi janji-Nya. Ayat lain menegaskan:\n\n(Yaitu) pada hari (ketika) bumi diganti dengan bumi yang lain dan (demikian pula) langit, dan mereka (manusia) berkumpul (di Padang Mahsyar) menghadap Allah Yang Maha Esa, Mahaperkasa. (Ibrahim/14:: 48)",
                        "16": "Ayat ini dimulai dengan pertanyaan Allah, \"Apakah Kami tidak membinasakan orang-orang yang telah mendustakan rasul-Nya sebelum kamu?\" Sejarah para nabi dan rasul bersama kaumnya mencatat bahwa hampir setiap bangsa yang telah mendurhakai Allah dan rasul-Nya telah dibinasakan dengan berbagai macam azab yang satu dengan yang lainnya berbeda.\n\nTerkadang Allah menghancurkan mereka dengan banjir seperti nasib yang telah diderita oleh umat Nabi Nuh, ketika negeri mereka ditenggelamkan Allah dengan air bah. Ada yang ditelan binasa oleh bumi setelah negeri itu dilanda oleh gempa yang sangat hebat, seperti halnya umat Nabi Lut. Ada pula yang diserang angin kencang selama 8 hari 7 malam, yang menyebabkan seluruh penduduknya tewas, kecuali orang yang beriman, yakni umat Nabi Saleh. Begitulah seterusnya.\n\nPertanyaan Allah yang demikian mengandung suatu peringatan halus agar manusia yang masih kafir itu hendaknya mawas diri, sebab bagaimana pun juga sunatullah peraturan Allah yang berlaku tidak akan diubah. Dalam hal ini, siapa yang kafir baik dahulu maupun sekarang atau pada masa yang akan datang, tetap akan merasakan siksaan dari-Nya. Oleh karena itu, hendaklah manusia sadar sebelum datang penyesalan yang tiada berguna.",
                        "17": "Ayat ini menyatakan bahwa azab Allah yang menimpa bangsa-bangsa dahulu kala itu silih berganti datangnya. Umat yang satu binasa, ada umat lain yang serupa. Pada saatnya mereka akan binasa pula bila tidak mau belajar dari sejarah nenek moyang mereka yang mendurhakai Allah dan rasul-Nya.\n\nDengan penurunan Al-Qur'an, Allah memperingatkan orang Mekah yang bersikap menantang dan mendustakan Nabi Muhammad dan juga kepada umat yang hidup sesudah beliau pada masa kini dan akan datang. Hendaklah umat manusia selalu belajar dari sejarah, karena sejarah itu akan datang mengulang dirinya.",
                        "18": "Dalam ayat ini, Allah sekali lagi menegaskan bahwa apa yang telah diperbuat-Nya terhadap umat dahulu akan sama saja dengan apa yang dilakukan-Nya terhadap umat sekarang. Sebab sunnah-Nya sejak dahulu sampai sekarang tetap sama, tidak akan berubah sedikit pun. Begitulah Dia telah menghancurkan orang-orang yang berdosa akibat perbuatan dan sikap mereka yang mendustai-Nya.",
                        "19": "Ayat ini berisi kecaman Allah terhadap orang-orang yang mendustakan-Nya serta para nabi dan rasul-Nya dengan kecaman \"celakalah orang yang mendustakan\".\n\nPengulangan sumpah dan kecaman yang terdapat dalam Surah al-Mursalat ini, di samping dimaksudkan untuk menegaskan arti (ta'kid), juga mengandung pengertian lain, yakni bahwa kecaman tersebut tidak hanya diberlakukan di akhirat, melainkan juga diperlihatkan-Nya di dunia ini.\n\nImam al-Qurthubi mengatakan kata wail diulang-ulang dalam surah ini untuk menunjukkan bahwa untuk masing-masing bangsa yang mendustakan Allah, diberikan siksaan yang berlainan dengan apa yang diterima oleh bangsa lain sebelumnya. Masing-masing umat nabi dahulu kala yang bersikap membangkang telah menerima siksaan Ilahi yang berlainan satu dengan lainnya.",
                        "20": "Pada ayat ini, Allah mengingatkan kembali dengan suatu pertanyaan, \"Tidakkah manusia itu dijadikan dari setetes air yang hina?\" Air yang hina yang disebut mani ini tersimpan dalam tempat yang kokoh yakni rahim ibu. Di situlah mani sang ayah dengan sel telur ibu bercampur dan mengikuti proses kejadian tahap demi tahap yang diatur dengan sangat rapi dan teliti oleh yang Mahakuasa. Setelah cukup waktu yang ditetapkan, maka lahirlah calon manusia itu dalam bentuk bayi.\n\nKetiga ayat di atas kembali mengulang mengenai peran air mani dalam perkembangan manusia. Namun, dalam ayat ini disebutkan rahim secara khusus. Untuk itu, tekanan interpretasi yang berkait dengan ayat ini adalah rahim.\n\nMenurut sains, rahim atau uterus adalah tempat dimana embrio dan janin tumbuh dan berkembang, sebelum dilahirkan dalam bentuk anak manusia yang utuh. Rahim disebutkan sebagai tempat yang kokoh dan aman karena beberapa hal, yaitu:\n\n1.Letaknya terlindung karena terletak di antara tulang panggul. Ia 'dipegang secara kuat di kedua sisinya oleh otot-otot, yang pada saat bersamaan memberikan kebebasan kepada rahim untuk bergerak dan tumbuh sampai beberapa ratus kali ukuran sebelumnya, pada saat puncak kandungan sebelum melahirkan.\n\n2.Pada saat kehamilan, dihasilkan suatu cairan yang dinamakan progesteron, atau biasa disebut sebagai hormon kehamilan, yang berfungsi untuk merendahkan frekuensi kontraksi rahim.\n\n3.Embrio yang ada di dalam rahim dikelilingi oleh beberapa lapisan membran yang menghasilkan suatu cairan dimana embrio itu berenang di dalamnya. Hal ini menjaga embrio dari kemungkinan rusak akibat benturan dari luar.\n\nAda satu ayat lain yang mengindikasikan tahapan-tahapan pengembangan dan keamanan yang ditawarkan rahim kepada janin:\n\n... Dia menjadikan kamu dalam perut ibumu kejadian demi kejadian dalam tiga kegelapan. Yang (berbuat) demikian itu adalah Allah, Tuhan kamu, Tuhan yang memiliki kerajaan. Tidak ada tuhan selain Dia; maka mengapa kamu dapat dipalingkan? (az-Zumar/39: 6)\n\nMengenai tahapan-tahapan sudah kita bahas di depan. Sedangkan mengenai keamanan janin di dalam rahim, para ahli menemukan adanya tiga lapis membran (di dalam ayat di atas disebutkan dengan 'tiga kegelapan) yang dapat mengamankan janin selama berada di dalam rahim, yaitu:\n\n1.Lapisan membran amnion yang mengandung cairan sehingga janin dalam keadaan berenang. Kondisi demikian ini melindungi janin apabila ada benturan dari luar. Di samping itu, posisi berenang ini memberikan kesempatan kepada janin dalam memposisikan diri saat akan dilahirkan.\n\n2.Lapisan membran chorion\n\n3.Lapisan membran decidua\n\nBeberapa peneliti menghubungkan tiga lapisan kegelapan dalam ayat di atas dengan lapisan membran amniotik yang mengelilingi rahim, dinding rahim itu sendiri, dan dinding abdomen di bagian perut.",
                        "21": "Pada ayat ini, Allah mengingatkan kembali dengan suatu pertanyaan, \"Tidakkah manusia itu dijadikan dari setetes air yang hina?\" Air yang hina yang disebut mani ini tersimpan dalam tempat yang kokoh yakni rahim ibu. Di situlah mani sang ayah dengan sel telur ibu bercampur dan mengikuti proses kejadian tahap demi tahap yang diatur dengan sangat rapi dan teliti oleh yang Mahakuasa. Setelah cukup waktu yang ditetapkan, maka lahirlah calon manusia itu dalam bentuk bayi.\n\nKetiga ayat di atas kembali mengulang mengenai peran air mani dalam perkembangan manusia. Namun, dalam ayat ini disebutkan rahim secara khusus. Untuk itu, tekanan interpretasi yang berkait dengan ayat ini adalah rahim.\n\nMenurut sains, rahim atau uterus adalah tempat dimana embrio dan janin tumbuh dan berkembang, sebelum dilahirkan dalam bentuk anak manusia yang utuh. Rahim disebutkan sebagai tempat yang kokoh dan aman karena beberapa hal, yaitu:\n\n1.Letaknya terlindung karena terletak di antara tulang panggul. Ia 'dipegang secara kuat di kedua sisinya oleh otot-otot, yang pada saat bersamaan memberikan kebebasan kepada rahim untuk bergerak dan tumbuh sampai beberapa ratus kali ukuran sebelumnya, pada saat puncak kandungan sebelum melahirkan.\n\n2.Pada saat kehamilan, dihasilkan suatu cairan yang dinamakan progesteron, atau biasa disebut sebagai hormon kehamilan, yang berfungsi untuk merendahkan frekuensi kontraksi rahim.\n\n3.Embrio yang ada di dalam rahim dikelilingi oleh beberapa lapisan membran yang menghasilkan suatu cairan dimana embrio itu berenang di dalamnya. Hal ini menjaga embrio dari kemungkinan rusak akibat benturan dari luar.\n\nAda satu ayat lain yang mengindikasikan tahapan-tahapan pengembangan dan keamanan yang ditawarkan rahim kepada janin:\n\n... Dia menjadikan kamu dalam perut ibumu kejadian demi kejadian dalam tiga kegelapan. Yang (berbuat) demikian itu adalah Allah, Tuhan kamu, Tuhan yang memiliki kerajaan. Tidak ada tuhan selain Dia; maka mengapa kamu dapat dipalingkan? (az-Zumar/39: 6)\n\nMengenai tahapan-tahapan sudah kita bahas di depan. Sedangkan mengenai keamanan janin di dalam rahim, para ahli menemukan adanya tiga lapis membran (di dalam ayat di atas disebutkan dengan 'tiga kegelapan) yang dapat mengamankan janin selama berada di dalam rahim, yaitu:\n\n1.Lapisan membran amnion yang mengandung cairan sehingga janin dalam keadaan berenang. Kondisi demikian ini melindungi janin apabila ada benturan dari luar. Di samping itu, posisi berenang ini memberikan kesempatan kepada janin dalam memposisikan diri saat akan dilahirkan.\n\n2.Lapisan membran chorion\n\n3.Lapisan membran decidua\n\nBeberapa peneliti menghubungkan tiga lapisan kegelapan dalam ayat di atas dengan lapisan membran amniotik yang mengelilingi rahim, dinding rahim itu sendiri, dan dinding abdomen di bagian perut.",
                        "22": "Pada ayat ini, Allah mengingatkan kembali dengan suatu pertanyaan, \"Tidakkah manusia itu dijadikan dari setetes air yang hina?\" Air yang hina yang disebut mani ini tersimpan dalam tempat yang kokoh yakni rahim ibu. Di situlah mani sang ayah dengan sel telur ibu bercampur dan mengikuti proses kejadian tahap demi tahap yang diatur dengan sangat rapi dan teliti oleh yang Mahakuasa. Setelah cukup waktu yang ditetapkan, maka lahirlah calon manusia itu dalam bentuk bayi.\n\nKetiga ayat di atas kembali mengulang mengenai peran air mani dalam perkembangan manusia. Namun, dalam ayat ini disebutkan rahim secara khusus. Untuk itu, tekanan interpretasi yang berkait dengan ayat ini adalah rahim.\n\nMenurut sains, rahim atau uterus adalah tempat dimana embrio dan janin tumbuh dan berkembang, sebelum dilahirkan dalam bentuk anak manusia yang utuh. Rahim disebutkan sebagai tempat yang kokoh dan aman karena beberapa hal, yaitu:\n\n1.Letaknya terlindung karena terletak di antara tulang panggul. Ia 'dipegang secara kuat di kedua sisinya oleh otot-otot, yang pada saat bersamaan memberikan kebebasan kepada rahim untuk bergerak dan tumbuh sampai beberapa ratus kali ukuran sebelumnya, pada saat puncak kandungan sebelum melahirkan.\n\n2.Pada saat kehamilan, dihasilkan suatu cairan yang dinamakan progesteron, atau biasa disebut sebagai hormon kehamilan, yang berfungsi untuk merendahkan frekuensi kontraksi rahim.\n\n3.Embrio yang ada di dalam rahim dikelilingi oleh beberapa lapisan membran yang menghasilkan suatu cairan dimana embrio itu berenang di dalamnya. Hal ini menjaga embrio dari kemungkinan rusak akibat benturan dari luar.\n\nAda satu ayat lain yang mengindikasikan tahapan-tahapan pengembangan dan keamanan yang ditawarkan rahim kepada janin:\n\n... Dia menjadikan kamu dalam perut ibumu kejadian demi kejadian dalam tiga kegelapan. Yang (berbuat) demikian itu adalah Allah, Tuhan kamu, Tuhan yang memiliki kerajaan. Tidak ada tuhan selain Dia; maka mengapa kamu dapat dipalingkan? (az-Zumar/39: 6)\n\nMengenai tahapan-tahapan sudah kita bahas di depan. Sedangkan mengenai keamanan janin di dalam rahim, para ahli menemukan adanya tiga lapis membran (di dalam ayat di atas disebutkan dengan 'tiga kegelapan) yang dapat mengamankan janin selama berada di dalam rahim, yaitu:\n\n1.Lapisan membran amnion yang mengandung cairan sehingga janin dalam keadaan berenang. Kondisi demikian ini melindungi janin apabila ada benturan dari luar. Di samping itu, posisi berenang ini memberikan kesempatan kepada janin dalam memposisikan diri saat akan dilahirkan.\n\n2.Lapisan membran chorion\n\n3.Lapisan membran decidua\n\nBeberapa peneliti menghubungkan tiga lapisan kegelapan dalam ayat di atas dengan lapisan membran amniotik yang mengelilingi rahim, dinding rahim itu sendiri, dan dinding abdomen di bagian perut.",
                        "23": "Dalam urusan mengatur dan menetapkan masa lamanya si anak \"tersimpan\" dalam rahim itu dan kemudian menetapkan bila dia harus lahir sebagai anak yang sempurna ke alam ini, adalah urusan Allah semata. Manusia boleh mengetahui lewat pikirannya, namun soal pengaturannya tetaplah di tangan Yang Mahakuasa. Terhadap soal ini, Allah menegaskan bahwa Dialah sebaik-baiknya yang menentukan.\n\nBetapa tepat, indah, dan harmonis kejadian manusia yang diciptakan-Nya itu dapat kita bandingkan, umpamanya, dengan bentuk dan rupa hewan. Sekalipun jenis makhluk hewan itu tidak ada yang cacat maupun yang janggal menurut penglihatan kita, namun ciptaan dan susunan anatomi tubuh manusia tetap jauh lebih sempurna, indah, dan menarik, dibandingkan dengan segala makhluk hidup yang ada. Dengan merenungkan hal itu, barulah kita menyimpulkan bahwa memang Tuhanlah yang sebaik-baik menentukan.\n\nAyat ini mengandung ajakan bagi manusia untuk berpikir dan menyimpulkan sikap hidupnya terhadap Zat yang menjadikan itu. Apakah tidak patut manusia bersyukur dan berterima kasih kepada-Nya? Apakah tidak selayaknya kalau manusia menanggalkan sikap ingkar dan keras kepalanya setelah ia menyadari sepenuhnya betapa kasih sayang Allah, dan betapa Allah telah membimbing kehidupan ini dengan mengirim rasul-Nya guna mengajarkan ajaran tentang keesaan-Nya?",
                        "24": "Dalam ayat ini, Allah menerangkan bahwa terlepas dari semua itu kalau memang manusia tak mau mengubah tabiat dan karakternya, tetap saja kafir laknat, dan lebih dari itu juga berusaha merongrong kewibawaan Ilahi itu dengan mempersekutukan-Nya dengan makhluk lain ciptaan-Nya, dan sama sekali tidak yakin adanya hari kebangkitan, hari manusia menerima ganjaran amal perbuatan baiknya, maka Tuhan mengancam untuk kedua kalinya, \"Celaka besarlah pada hari itu bagi orang-orang yang mendustakan.\"",
                        "25": "Setelah menyebutkan berbagai rupa nikmat-Nya di sekitar proses kejadian manusia, maka dalam ayat ini, Allah mengajak manusia memperhatikan dengan seksama terhadap nikmat-Nya yang ada di cakrawala ini. Hal ini diungkapkan Allah dengan kalimat pertanyaan, \"Bukankah Kami telah menciptakan bumi yang terhampar dan terbentang begitu luas sebagai tempat berkumpul dan tempat hidup bersama-sama mencari penghidupan.\n\nSecara saintifik, planet bumi ini beserta atmosfernya telah diciptakan Allah dengan benar dan tepat. Bumi kita dan atmosfernya mengandung substansi atau materi yang mendukung adanya proses kehidupan, antara lain adanya gas nitrogen (N2) yang tak berbahaya bagi makhluk hidup, namun sangat dibutuhkan untuk timbulnya suatu proses kehidupan, dan gas oksigen (O2), yang sangat dibutuhkan dalam kelangsungan kehidupan semua makhluk hidup. Oleh sebab itu, di bumi semua kehidupan berkumpul (lebih detail lihat Al-Qur'an dan Tafsirnya Jilid 5 Surah Ibrahim/14:19).",
                        "26": "Kegunaan bumi diciptakan terhampar dan tempat berkumpul bukan saja untuk yang masih hidup yang tinggal di atas permukaannya, melainkan juga bagi yang telah meninggal dunia untuk dikuburkan dalam perutnya. Itulah sebabnya dikatakan bumi untuk orang yang masih hidup dan yang sudah meninggal. Kifat dalam bahasa Arab berarti kuburan bagi yang meninggal dan rumah bagi yang masih hidup.\n\nMenurut para ilmuwan, bagian atas bumi merupakan lempengan-lempengan kulit bumi yang saling berinteraksi satu sama lain dan mengakibatkan terjadinya deformasi kerak bumi yang antara lain dimanifestasikan dengan pembentukan pegunungan, gunung api dan gempa bumi. Pegunungan-pegunungan yang tinggi ikut serta dalam siklus hidrologi dimana air akhirnya tersimpan di daratan dan menjadi sumber air minum manusia dan kehidupan lainnya.",
                        "27": "Selain itu, Allah juga mengarahkan perhatian manusia kepada tujuan penciptaan gunung yang menjulang tinggi dari permukaan bumi. Ia dikatakan sebagai pasak bumi dan dengan demikian, manusia merasa tenteram tinggal di bumi. Gunung itulah yang bertugas sebagai pasak tiang untuk menjaga keseimbangan bumi tersebut. Terkadang sebagian badan gunung-gunung itu terbenam dalam tanah atau dalam laut maupun sungai-sungai.\n\nSelanjutnya Allah mengajak manusia memikirkan tentang air tawar yang diminum setiap hari, sebagai anugerah dari-Nya. Dialah yang menurut ayat ini memberikan minum. Terkadang air itu tercurah dari langit yang dibawa hujan yang berasal dari gumpalan awan atau dari salju mencair dan adakalanya pula mengalir dari anak-anak sungai atau memancar dari mata air, di bawah celah-celah gunung maupun di pinggir kali, dan sebagainya.",
                        "28": "Oleh karena itu, bagi siapa yang masih mendustakan nikmat Allah itu terkena oleh kutukan ayat ini, \"Celaka besarlah pada hari itu bagi orang-orang yang mendustakan.\"",
                        "29": "Dalam ayat ini, Allah menerangkan bahwa orang-orang yang bernasib malang yang hendak dimasukkan ke dalam neraka Jahanam, akan ditegur oleh malaikat penjaga dengan suara keras agar mereka pergi kepada azab dan siksaan yang didustakan ketika masih di dunia dahulu.",
                        "30": "Gumpalan asap neraka itu bercabang tiga. Satu bagian di sebelah kanan, satu cabang di kiri, dan yang ketiga di atas pundak mereka, sehingga mereka terkepung di dalamnya dan tidak dapat keluar lagi. Di dalam ayat yang lain, Allah berfirman:\n\nSesungguhnya Kami telah menyediakan neraka bagi orang zalim, yang gejolaknya mengepung mereka. (al-Kahf/18: 29)",
                        "31": "Allah mengatakan dalam ayat ini bahwa biarpun neraka itu disebutkan punya lindungan namun bukan melindungi mereka dari panasnya api neraka. Tidak ada tempat beristirahat dan tempat berteduh dari kepanasan. Ditegaskan pula di sini bahwa lindungan mereka bukan lindungan seperti yang diperoleh seorang mukmin, karena tidak ada yang dapat menaungi mereka dari panas gejolak api neraka.\n\nAyat lain menerangkan:\n\n(Mereka) dalam siksaan angin yang sangat panas dan air yang mendidih, dan naungan asap yang hitam, tidak sejuk dan tidak menyenangkan. (al-Waqi'ah/56: 42-44)",
                        "32": "Allah menyebutkan pula bahwa neraka itu selalu melontarkan bunga api sebesar dan setinggi istana ke seluruh penjuru. Allah mengumpamakan gejolak api neraka Jahanam yang sangat dahsyat itu dengan unta kuning yang sangat banyak dan bergerak cepat. Allah mengulangi lagi ancamannya bahwa kecelakaan bagi orang yang mendustakan karena mereka tidak dapat mengelakkan diri dari siksaan yang begitu hebat.",
                        "33": "Allah menyebutkan pula bahwa neraka itu selalu melontarkan bunga api sebesar dan setinggi istana ke seluruh penjuru. Allah mengumpamakan gejolak api neraka Jahanam yang sangat dahsyat itu dengan unta kuning yang sangat banyak dan bergerak cepat. Allah mengulangi lagi ancamannya bahwa kecelakaan bagi orang yang mendustakan karena mereka tidak dapat mengelakkan diri dari siksaan yang begitu hebat.",
                        "34": "Allah menyebutkan pula bahwa neraka itu selalu melontarkan bunga api sebesar dan setinggi istana ke seluruh penjuru. Allah mengumpamakan gejolak api neraka Jahanam yang sangat dahsyat itu dengan unta kuning yang sangat banyak dan bergerak cepat. Allah mengulangi lagi ancamannya bahwa kecelakaan bagi orang yang mendustakan karena mereka tidak dapat mengelakkan diri dari siksaan yang begitu hebat.",
                        "35": "Dalam ayat ini, Allah menerangkan bahwa pada hari itu manusia tidak bisa berbicara dan hanya terpukau karena kedahsyatan keadaan. Mereka tidak diizinkan berbicara, dan andaikata diizinkan pun, hal itu tidak ada gunanya.",
                        "36": "Allah selanjutnya menerangkan bahwa mereka tidak diizinkan untuk minta uzur, sebab hari itu bukanlah hari pembelaan diri, tetapi hari untuk menerima keputusan. Mereka dapat mengeluh dan menyesali nasib, namun untuk mengajukan sanggahan tidak mungkin lagi karena keputusan Allah tidak dapat diganggu gugat. Dalam Surah al-An'am/6: 23, orang musyrik di hari itu menyatakan bahwa mereka tidak mau musyrik lagi. Pada Surah an-Nisa'/4: 42 disebutkan bahwa mereka tidak bisa menyembunyikan pembicaraannya, dan dalam ayat az-Zumar/39: 31 disebutkan mereka orang-orang kafir berdebat di muka Allah, saling menuduh, dan saling menyalahkan.",
                        "37": "Dalam ayat ini, Allah mengulangi lagi ancaman-Nya bahwa kecelakaan besar di hari itu bagi orang yang mendustakan. Sebab rasul telah mengajak mereka supaya beriman dan mengancam dengan memperingatkan mereka dengan akan datangnya azab yang mereka hadapi itu. Sayang mereka tidak mau menerima dan mendengarkan ajakan itu.",
                        "38": "Allah menerangkan bahwa hari ini adalah hari keputusan. Inilah hari yang memisahkan antara kebenaran dan kebatilan, hari ketika diungkapkan kebenaran dan kepalsuan seseorang.\n\nDi hari itu, Allah menghimpun semua manusia yang pernah hidup di dunia ini sejak zaman Nabi Adam sampai akhir masa pada tempat yang satu. Tujuannya untuk memberikan suatu keputusan hukum buat mereka siapa yang salah dan siapa yang benar, sehingga masing-masing orang memperoleh haknya.",
                        "39": "Dalam ayat ini, Allah menantang dengan cara mengejek orang-orang kafir dan orang-orang yang merasa mempunyai kekuatan membela diri, untuk menggunakan kepandaian dan tipu dayanya guna menyelamatkan diri dari siksaan-Nya.\n\nSelain itu, ayat ini memberikan suatu pelajaran keras bagi orang-orang yang menentang agama Islam, yang selalu menipu dan mempermainkan orang-orang yang beriman bahwa kelak pada saatnya mereka akan mengetahui betapa lemahnya alasan mereka yang suka mengolok-olokkan agama itu.",
                        "40": "Allah mengulangi lagi ancaman-Nya bahwa kecelakaan besar di hari kebangkitan bagi orang-orang yang mendustakan-Nya. Kecelakaan buat mereka di hari kebangkitan karena waktu itulah terbukti kelemahan dan mereka berhadapan dengan Allah yang mereka dustai. Pada saat seperti itu terbukti betapa batalnya dakwaan yang mereka yakini selama ini.",
                        "41": "Dalam ayat ini dan ayat berikutnya Allah menerangkan berbagai kenikmatan buat orang-orang yang bertakwa yaitu naungan surga yang berada di (sekitar) mata air, di bawah pohon rindang yang mengalir anak-anak sungai di bawahnya, tidak pernah mereka merasakan udara panas dan gejolak api yang membakar. Dalam ayat ini, Allah berfirman:\n\nMereka dan pasangan-pasangannya berada dalam tempat yang teduh, bersandar di atas dipan-dipan. (Yasin/36: 56)",
                        "42": "Dalam ayat ini, Allah menerangkan bahwa di dalam surga terdapat anak sungai, berbagai jenis buah-buahan yang cita rasanya manis dan lezat, boleh dipetik dan dimakan kapan saja dikehendaki tanpa ada yang mengganggu. Bagi yang memakannya tidak perlu takut dan khawatir akan menimbulkan penyakit kalau terlalu banyak memakannya.",
                        "43": "Penduduk surga diterima dengan sambutan yang ramah dari penjaganya, yang mengatakan bahwa orang yang berbuat baik di dunia dahulu, dibolehkan menikmati segala buah-buahan dan minuman yang telah tersedia selama-lamanya. Mereka tidak akan sakit dan tidak pula perlu khawatir akan habis. Inilah balasan terhadap segala jerih payah mereka dulu dengan beramal menaati Allah, berjuang bersungguh-sungguh mendekatkan diri kepada-Nya.",
                        "44": "Selanjutnya Allah menerangkan bahwa semua kenikmatan itu merupakan pemberian dari-Nya sebagai pembalasan bagi orang yang bertakwa, dan orang yang senantiasa mengamalkan kebaikan dengan dasar dan menghambakan diri kepada-Nya. Tidak ada kebaikan yang luput dari pembalasan pahala Allah sebagaimana disebutkan dalam ayat lain:\n\nSungguh, mereka yang beriman dan mengerjakan kebajikan, Kami benar-benar tidak akan menyia-nyiakan pahala orang yang mengerjakan perbuatan yang baik itu. (al-Kahf/18: 30)",
                        "45": "Dalam ayat ini sekali lagi Allah mengutuk orang-orang yang mendustakan-Nya, \"Kecelakaan bagi orang-orang yang mendustakan (Kami) pada hari itu.\" Kecelakaan bagi mereka karena mendustakan apa yang telah diberikan Allah, yaitu kemuliaan orang bertakwa dan dengan kehinaan mereka pada hari Kiamat. Sungguh sial nasib orang yang mendustakan itu.",
                        "46": "Kemudian dalam ayat ini Allah berseru dan mengancam dengan firman-Nya agar mereka makan dan menikmati sisa-sisa kesenangan hidup di dunia yang tinggal sedikit itu, sebab kelak pada waktunya Allah akan memberlakukan sunah berupa kedatangan siksa dan azab buat mereka seperti berulang-ulang dijatuhkan pada bangsa-bangsa sebelum mereka.",
                        "47": "Allah lalu mengulangi lagi celaan dan ancaman-Nya kepada orang yang mendustakan-Nya. Mereka telah melakukan suatu perbuatan yang menyebabkan diri mereka terbenam dalam azab dan kesengsaraan abadi. Padahal di dunia mereka cuma menikmati kesenangan yang sangat sedikit dan tiada lama waktunya.",
                        "48": "Diriwayatkan bahwa ayat ini turun ketika Rasulullah saw berdakwah menyuruh penduduk negeri Saqif, suatu negeri yang tidak jauh dari Mekah untuk salat menyembah Allah. Mereka menjawab dengan sombong, \"Kami tak akan ruku' (salat) karena bukan merupakan suatu kebiasaan kami.\" Nabi menjawab bahwa tidak ada kebaikan bagi suatu agama yang tidak ada padanya ruku' dan sujud. Ada yang mengatakan perintah ini adalah ketika orang-orang kafir disuruh sujud di hadapan Allah di hari akhirat, mereka tak sanggup melakukannya, sebab tidak biasa mengerjakan di atas dunia.\n\nAllah menyatakan bahwa mereka diperintahkan ruku' (mengerjakan salat), tetapi mereka enggan. Apabila disuruh patuh dan taat serta takut kepada Allah dan pada hari yang di waktu itu semua mata tunduk karena takut, mereka bersikap keras kepala.",
                        "49": "Sebagai penutup dari dua ayat terakhir ini, Allah mengulang kembali kutukan-Nya terhadap orang-orang yang mendustakan perintah dan larangan-Nya. Kecelakaan besar bagi orang yang mendustakan karena tidak patuh kepada perintah-Nya dan tidak mau meninggalkan larangan-Nya.\n\nSetelah mencela orang kafir dengan sangat keras agar mengikuti agama yang benar, maka Allah mengakhiri surah ini dengan menegaskan bahwa orang-orang musyrik itu sama sekali tidak mau mendengarkan nasihat para dai yang mengajak mereka untuk mengikuti ajaran Ilahi bagi kepentingan kehidupan mereka di dunia dan akhirat. Allah mengatakan, \"Maka kepada perkataan apakah selain Al-Qur'an mereka akan beriman?\" Jadi dengan keterangan-keterangan Al-Qur'an yang begitu jelas dan mudah dimengerti disertai dengan bukti-bukti yang jelas, mereka tidak juga mau beriman, maka manakah lagi kebenaran yang mampu membawa mereka kepada petunjuk Ilahi?\"\n\nDari ayat terakhir ini jelaslah bahwa Allah telah menetapkan ajaran Al-Qur'an tentang dunia dan akhirat yang menghimpun sekalian keterangan yang ada, lengkap dengan segala seluk-beluknya sebagai alasan yang kuat. Dengan demikian, Al-Qur'an satu-satunya kitab suci yang dikenal manusia yang mengandung keterangan yang begitu jelas dan lengkap. Hanya manusia tidak mau beriman menjelang ajal datang mencabut kehidupannya.",
                        "50": "Sebagai penutup dari dua ayat terakhir ini, Allah mengulang kembali kutukan-Nya terhadap orang-orang yang mendustakan perintah dan larangan-Nya. Kecelakaan besar bagi orang yang mendustakan karena tidak patuh kepada perintah-Nya dan tidak mau meninggalkan larangan-Nya.\n\nSetelah mencela orang kafir dengan sangat keras agar mengikuti agama yang benar, maka Allah mengakhiri surah ini dengan menegaskan bahwa orang-orang musyrik itu sama sekali tidak mau mendengarkan nasihat para dai yang mengajak mereka untuk mengikuti ajaran Ilahi bagi kepentingan kehidupan mereka di dunia dan akhirat. Allah mengatakan, \"Maka kepada perkataan apakah selain Al-Qur'an mereka akan beriman?\" Jadi dengan keterangan-keterangan Al-Qur'an yang begitu jelas dan mudah dimengerti disertai dengan bukti-bukti yang jelas, mereka tidak juga mau beriman, maka manakah lagi kebenaran yang mampu membawa mereka kepada petunjuk Ilahi?\"\n\nDari ayat terakhir ini jelaslah bahwa Allah telah menetapkan ajaran Al-Qur'an tentang dunia dan akhirat yang menghimpun sekalian keterangan yang ada, lengkap dengan segala seluk-beluknya sebagai alasan yang kuat. Dengan demikian, Al-Qur'an satu-satunya kitab suci yang dikenal manusia yang mengandung keterangan yang begitu jelas dan lengkap. Hanya manusia tidak mau beriman menjelang ajal datang mencabut kehidupannya."
                    }
                }
            }
        }
    }
}