{
    "81": {
        "number": "81",
        "name": "التكوير",
        "name_latin": "At-Takwir",
        "number_of_ayah": "29",
        "text": {
            "1": "اِذَا الشَّمْسُ كُوِّرَتْۖ",
            "2": "وَاِذَا النُّجُوْمُ انْكَدَرَتْۖ",
            "3": "وَاِذَا الْجِبَالُ سُيِّرَتْۖ",
            "4": "وَاِذَا الْعِشَارُ عُطِّلَتْۖ",
            "5": "وَاِذَا الْوُحُوْشُ حُشِرَتْۖ",
            "6": "وَاِذَا الْبِحَارُ سُجِّرَتْۖ",
            "7": "وَاِذَا النُّفُوْسُ زُوِّجَتْۖ",
            "8": "وَاِذَا الْمَوْءٗدَةُ سُىِٕلَتْۖ ",
            "9": "بِاَيِّ ذَنْۢبٍ قُتِلَتْۚ",
            "10": "وَاِذَا الصُّحُفُ نُشِرَتْۖ",
            "11": "وَاِذَا السَّمَاۤءُ كُشِطَتْۖ",
            "12": "وَاِذَا الْجَحِيْمُ سُعِّرَتْۖ",
            "13": "وَاِذَا الْجَنَّةُ اُزْلِفَتْۖ",
            "14": "عَلِمَتْ نَفْسٌ مَّآ اَحْضَرَتْۗ",
            "15": "فَلَآ اُقْسِمُ بِالْخُنَّسِۙ",
            "16": "الْجَوَارِ الْكُنَّسِۙ",
            "17": "وَالَّيْلِ اِذَا عَسْعَسَۙ",
            "18": "وَالصُّبْحِ اِذَا تَنَفَّسَۙ",
            "19": "اِنَّهٗ لَقَوْلُ رَسُوْلٍ كَرِيْمٍۙ",
            "20": "ذِيْ قُوَّةٍ عِنْدَ ذِى الْعَرْشِ مَكِيْنٍۙ",
            "21": "مُّطَاعٍ ثَمَّ اَمِيْنٍۗ",
            "22": "وَمَا صَاحِبُكُمْ بِمَجْنُوْنٍۚ",
            "23": "وَلَقَدْ رَاٰهُ بِالْاُفُقِ الْمُبِيْنِۚ",
            "24": "وَمَا هُوَ عَلَى الْغَيْبِ بِضَنِيْنٍۚ",
            "25": "وَمَا هُوَ بِقَوْلِ شَيْطٰنٍ رَّجِيْمٍۚ",
            "26": "فَاَيْنَ تَذْهَبُوْنَۗ",
            "27": "اِنْ هُوَ اِلَّا ذِكْرٌ لِّلْعٰلَمِيْنَۙ",
            "28": "لِمَنْ شَاۤءَ مِنْكُمْ اَنْ يَّسْتَقِيْمَۗ",
            "29": "وَمَا تَشَاۤءُوْنَ اِلَّآ اَنْ يَّشَاۤءَ اللّٰهُ رَبُّ الْعٰلَمِيْنَ ࣖ"
        },
        "translations": {
            "id": {
                "name": "Penggulungan",
                "text": {
                    "1": "Apabila matahari digulung,",
                    "2": "dan apabila bintang-bintang berjatuhan,",
                    "3": "dan apabila gunung-gunung dihancurkan,",
                    "4": "dan apabila unta-unta yang bunting ditinggalkan (tidak terurus),",
                    "5": "dan apabila binatang-binatang liar dikumpulkan,",
                    "6": "dan apabila lautan dipanaskan,",
                    "7": "dan apabila roh-roh dipertemukan (dengan tubuh), ",
                    "8": "dan apabila bayi-bayi perempuan yang dikubur hidup-hidup ditanya, ",
                    "9": "karena dosa apa dia dibunuh? ",
                    "10": "Dan apabila lembaran-lembaran (catatan amal) telah dibuka lebar-lebar, ",
                    "11": "dan apabila langit dilenyapkan, ",
                    "12": "dan apabila neraka Jahim dinyalakan, ",
                    "13": "dan apabila surga didekatkan, ",
                    "14": "setiap jiwa akan mengetahui apa yang telah dikerjakannya. ",
                    "15": "Aku bersumpah demi bintang-bintang,",
                    "16": "yang beredar dan terbenam, ",
                    "17": "demi malam apabila telah larut, ",
                    "18": "dan demi subuh apabila fajar telah menyingsing, ",
                    "19": "sesungguhnya (Al-Qur'an) itu benar-benar firman (Allah yang dibawa oleh) utusan yang mulia (Jibril),",
                    "20": "yang memiliki kekuatan, memiliki kedudukan tinggi di sisi (Allah) yang memiliki ‘Arsy,",
                    "21": "yang di sana (di alam malaikat) ditaati dan dipercaya.",
                    "22": "Dan temanmu (Muhammad) itu bukanlah orang gila. ",
                    "23": "Dan sungguh, dia (Muhammad) telah melihatnya (Jibril) di ufuk yang terang. ",
                    "24": "Dan dia (Muhammad) bukanlah seorang yang kikir (enggan) untuk menerangkan yang gaib.",
                    "25": "Dan (Al-Qur'an) itu bukanlah perkataan setan yang terkutuk,",
                    "26": "maka ke manakah kamu akan pergi?",
                    "27": "(Al-Qur'an) itu tidak lain adalah peringatan bagi seluruh alam, ",
                    "28": "(yaitu) bagi siapa di antara kamu yang menghendaki menempuh jalan yang lurus. ",
                    "29": "Dan kamu tidak dapat menghendaki (menempuh jalan itu) kecuali apabila dikehendaki Allah, Tuhan seluruh alam."
                }
            }
        },
        "tafsir": {
            "id": {
                "kemenag": {
                    "name": "Kemenag",
                    "source": "Aplikasi Quran Kementrian Agama Republik Indonesia",
                    "text": {
                        "1": "Dalam ayat ini, Allah menerangkan bahwa jika matahari telah digulung, telah padam cahayanya dan jatuh berantakan bersamaan dengan hancurnya alam semesta yang pernah didiami oleh makhluk-makhluk yang hidup di dunia, maka musnahlah segala alam karena berpindah kepada alam yang lain.",
                        "2": "Apabila bintang-bintang berjatuhan dan padam sekalian cahayanya.",
                        "3": "Dan apabila gunung-gunung dihancurkan setelah dicabut dari bumi, diterbangkan di angkasa ketika terjadinya gempa yang amat dahsyat sehingga gunung-gunung itu terlepas dari dasarnya dan dilemparkan di angkasa seperti awan yang ditiup angin laksana kapas.\n\nUntuk telaah ilmiah Surah at-Takwir/81: 1-3 ini, lihat pula telaah ilmiah Surah al-haqqah/69: 13-16 dan Surah al-Ma'arij/70: 8. Ketika terjadi proses ke arah Big Crunch itu, yaitu proses pemadatan atau penyusutan alam semesta, maka semua materi pecah kembali menjadi materi-materi fundamental seperti quark, elektron dan sebagainya. Gaya-gaya seperti gaya gravitasi, elektromagnetik, nuklir kuat dan nuklir lemah mulai menyatu kembali. Saat itulah benda-benda langit mulai kehilangan gaya-gaya gravitasinya, dan akibatnya terjadilah tabrakan-tabrakan dahsyat antar bintang, inilah gambaran 'bintang-bintang berjatuhan, karena kehilangan gaya-gaya gravitasinya. \n\nMatahari yang juga merupakan jenis bintang mengalami hal sama. Ketika benda-benda langit saling mendekat, kekuatan gravitasi bagian luar boleh jadi akan melebihi cengkeraman kekuatan plasma di dalam bintang-bintang itu (termasuk matahari). Akibatnya adalah volume matahari dan bintang-bintang yang lain akan memuai. Matahari akan menjadi lebih besar volumenya, namun tekanan internalnya berkurang, dan cukup untuk menghentikan energi yang menghasilkan reaksi perpaduan nuklirnya. Akibatnya sinar matahari (yang memuai itu) akan meredup menjadi merah. Ketika pengembangan volume matahari telah mencapai maksimum, maka matahari akan mengalami kontraksi dan volumenya akan menurun dan menurun terus, mengecil yang akhirnya menjadi bintik hitam yang super-padat (dwarf black hole atau bintik hitam kerdil). Inikah yang dimaksud dengan matahari digulung pada ayat 1 di atas? \n\nBenturan juga terjadi antar-planet, sehingga bumi berbenturan dengan planet-planet lainnya. Akibat peristiwa inilah terjadinya kehancuran gunung-gunung. Semua proses ini akan mengarah ke Big Crunch dan kembali menjadi singularity.",
                        "4": "Dan apabila unta-unta bunting yang termasuk benda paling dihargai oleh orang-orang Arab, ditinggalkan dan tidak dipedulikan oleh pemiliknya karena kedahsyatan hari Kiamat tersebut. Hal ini menggambarkan kedahsyatan hari Kiamat yang jika diperkirakan, jika ada seorang laki-laki mempunyai unta yang bunting tentu ditinggalkan karena terlalu sibuk memikirkan keselamatan dirinya sendiri.",
                        "5": "Dan apabila binatang-binatang liar dikumpulkan dan dimusnahkan.",
                        "6": "Dan apabila lautan-lautan dijadikan meluap, sehingga menjadi satu, kemudian menyala dengan kobaran api yang tadinya terpendam di bawah bumi tersebut.\n\nSetelah Allah menerangkan beberapa peristiwa yang menjadi permulaan hancurnya alam semesta dan matinya semua makhluk yang berada di atasnya, maka Allah menjelaskan apa yang terjadi setelah itu tentang kebangkitan.",
                        "7": "Dan apabila roh-roh dipertemukan kembali dengan tubuh untuk memasuki kehidupan di alam akhirat. Ayat ini mengandung isyarat bahwa roh-roh itu tetap utuh setelah mati dan pada hari Kiamat dikembalikan lagi pada badannya.\n\nPendapat lain menyebutkan arti ayat ini dengan bertemunya kelompok orang-orang termasuk ashabul-yamin dengan kelompok ashabusy-syimal. Ibnu 'Abbas mengatakan bahwa arti ayat ini adalah dipertemukannya roh orang-orang yang beriman dengan pasangan-pasangannya di surga dan roh orang-orang kafir dipertemukan dengan setan-setan pembantunya.",
                        "8": "Dan apabila bayi-bayi perempuan yang dikubur hidup-hidup ditanya, karena dosa apakah dia dibunuh? Dalam ayat ini Allah menerangkan bahwa bayi-bayi yang pernah dikubur hidup-hidup akan dihidupkan kembali di hadapan orang yang menguburkannya dan ditanya karena dosa apakah dia dibunuh. Jawaban pertanyaan ini memberikan kesan yang lebih dalam kepada si pembunuhnya karena bayi perempuan itu akan menjawab bahwa ia dikubur hidup-hidup tanpa dosa sama sekali, hanya karena orang tuanya takut dihinggapi kefakiran dan kemiskinan. Kebiasaan orang Arab pada zaman Jahiliah ini sangat di luar peri kemanusiaan.\n\nDi kalangan mereka ada yang tidak mengubur hidup-hidup anaknya yang perempuan, tetapi ia memberikan pekerjaan kepadanya dengan menggembalakan kambing di padang pasir dengan pakaian bulu dan membiarkan hidup dalam kesepian.\n\nDan ada pula yang membiarkan anak perempuannya itu hidup sampai umur enam tahun kemudian ia berkata kepada ibunya, \"Dandanilah anak ini dengan pakaian yang baik, karena akan dibawa ziarah mengunjungi bibinya.\" Sebelumnya ia telah menggali sebuah sumur di padang pasir. Setelah ia sampai dengan anak perempuannya itu di tepi sumur itu, lalu berkata, \"Tengok, apa yang ada dalam sumur itu.\" Kemudian anak perempuan itu ditendang dari belakang dan setelah jatuh ke dalam sumur itu lalu ditimbun dan diratakan dengan tanah. Dan di antara mereka ada yang berbuat lebih kejam lagi daripada ini. Setelah datang agama Islam, maka kekejaman yang di luar peri kemanusiaan itu diganti dengan sikap yang penuh ramah dan kesayangan.\n\nDi antara alasan pembunuhan anak perempuan di masa Jahiliah adalah karena anak perempuan dianggap tidak punya nilai ekonomis yang bisa menguntungkan keluarga. Alasan lain adalah karena anak perempuan dianggap sangat lemah, sering menjadi korban pelecehan seksual atau karena perempuan dianggap sebagai penggoda laki-laki yang bisa membuat malu keluarga.\n\nDalam Surah an-Nahl/16: 58, Allah menggambarkan seorang laki-laki yang mendapat kelahiran putrinya dengan wajah hitam karena menahan marah.\n\nPadahal apabila seseorang dari mereka diberi kabar dengan (kelahiran) anak perempuan, wajahnya menjadi hitam (merah padam), dan dia sangat marah. (an-Nahl/16: 58)\n\nIslam adalah agama yang menghormati perempuan, sama seperti menghormati laki-laki. Oleh sebab itu, Islam melarang pembunuhan bayi laki-laki maupun perempuan, baik karena kemiskinan atau karena takut miskin. Allah berfirman:\n\nJanganlah membunuh anak-anakmu karena miskin. Kamilah yang memberi rezeki kepadamu dan kepada mereka. (al-An'am/6: 151)",
                        "9": "Dan apabila bayi-bayi perempuan yang dikubur hidup-hidup ditanya, karena dosa apakah dia dibunuh? Dalam ayat ini Allah menerangkan bahwa bayi-bayi yang pernah dikubur hidup-hidup akan dihidupkan kembali di hadapan orang yang menguburkannya dan ditanya karena dosa apakah dia dibunuh. Jawaban pertanyaan ini memberikan kesan yang lebih dalam kepada si pembunuhnya karena bayi perempuan itu akan menjawab bahwa ia dikubur hidup-hidup tanpa dosa sama sekali, hanya karena orang tuanya takut dihinggapi kefakiran dan kemiskinan. Kebiasaan orang Arab pada zaman Jahiliah ini sangat di luar peri kemanusiaan.\n\nDi kalangan mereka ada yang tidak mengubur hidup-hidup anaknya yang perempuan, tetapi ia memberikan pekerjaan kepadanya dengan menggembalakan kambing di padang pasir dengan pakaian bulu dan membiarkan hidup dalam kesepian.\n\nDan ada pula yang membiarkan anak perempuannya itu hidup sampai umur enam tahun kemudian ia berkata kepada ibunya, \"Dandanilah anak ini dengan pakaian yang baik, karena akan dibawa ziarah mengunjungi bibinya.\" Sebelumnya ia telah menggali sebuah sumur di padang pasir. Setelah ia sampai dengan anak perempuannya itu di tepi sumur itu, lalu berkata, \"Tengok, apa yang ada dalam sumur itu.\" Kemudian anak perempuan itu ditendang dari belakang dan setelah jatuh ke dalam sumur itu lalu ditimbun dan diratakan dengan tanah. Dan di antara mereka ada yang berbuat lebih kejam lagi daripada ini. Setelah datang agama Islam, maka kekejaman yang di luar peri kemanusiaan itu diganti dengan sikap yang penuh ramah dan kesayangan.\n\nDi antara alasan pembunuhan anak perempuan di masa Jahiliah adalah karena anak perempuan dianggap tidak punya nilai ekonomis yang bisa menguntungkan keluarga. Alasan lain adalah karena anak perempuan dianggap sangat lemah, sering menjadi korban pelecehan seksual atau karena perempuan dianggap sebagai penggoda laki-laki yang bisa membuat malu keluarga.\n\nDalam Surah an-Nahl/16: 58, Allah menggambarkan seorang laki-laki yang mendapat kelahiran putrinya dengan wajah hitam karena menahan marah.\n\nPadahal apabila seseorang dari mereka diberi kabar dengan (kelahiran) anak perempuan, wajahnya menjadi hitam (merah padam), dan dia sangat marah. (an-Nahl/16: 58)\n\nIslam adalah agama yang menghormati perempuan, sama seperti menghormati laki-laki. Oleh sebab itu, Islam melarang pembunuhan bayi laki-laki maupun perempuan, baik karena kemiskinan atau karena takut miskin. Allah berfirman:\n\nJanganlah membunuh anak-anakmu karena miskin. Kamilah yang memberi rezeki kepadamu dan kepada mereka. (al-An'am/6: 151)",
                        "10": "Dalam ayat ini dijelaskan apabila catatan-catatan amal perbuatan manusia dibuka, maka mereka akan melihat kebajikan atau kejahatan yang mereka perbuat ketika di dunia. Mereka akan tercengang keheranan karena tidak menyangka semuanya tercatat rapi dan teliti. Allah berfirman:\n\nDan diletakkanlah kitab (catatan amal), lalu engkau akan melihat orang yang berdosa merasa ketakutan terhadap apa yang (tertulis) di dalamnya, dan mereka berkata, \"Betapa celaka kami, kitab apakah ini, tidak ada yang tertinggal, yang kecil dan yang besar melainkan tercatat semuanya,\" dan mereka dapati (semua) apa yang telah mereka kerjakan (tertulis). Dan Tuhanmu tidak menzalimi seorang jua pun. (al-Kahf/18: 49)\n\nBagaimana bentuk kitab atau catatan amal perbuatan manusia itu di Padang Mahsyar tidak kita ketahui. Namun kalau manusia saja mampu menciptakan berbagai alat perekam yang begitu canggih dan teliti, kita percaya bahwa Allah Sang Pencipta manusia punya sistem dan cara untuk merekam perbuatan, perkataan, dan isi hati manusia dengan hasil yang lebih baik dari apa yang dapat dibuat manusia.",
                        "11": "Dan apabila langit dilenyapkan karena kehancuran planet-planet yang ada di dalamnya. Langit yang begitu luas dapat dilipat seperti melipat kertas. Firman Allah:\n\n(Ingatlah) pada hari langit Kami gulung seperti menggulung lembaran-lembaran kertas. (al-Anbiya'/21: 104)",
                        "12": "Dan apabila neraka Jahim yang disediakan untuk menyiksa orang-orang kafir dan durhaka telah dinyalakan sehebat-hebatnya sehingga orang yang memasukinya merasa kesakitan yang paling dahsyat. Itulah azab yang diancamkan Allah kepada orang-orang yang mengingkari-Nya. Firman Allah:\n\nSungguh, Kami telah menyediakan bagi orang-orang kafir rantai, belenggu dan neraka yang menyala-nyala. (al-Insan/76: 4)",
                        "13": "Dan apabila surga didekatkan kepada orang-orang yang akan memasukinya yaitu orang-orang mukmin yang bertakwa. Ini adalah balasan atas jerih payah dan usaha mereka berjihad menegakkan agama Allah dan menjalankan perintah agama. Allah berfirman:\n\nDan surga didekatkan kepada orang-orang yang bertakwa. (asy-Syu'ara'/26: 90)",
                        "14": "Jika semua peristiwa-peristiwa yang disebutkan sebelum ayat ini telah terjadi, tiap jiwa akan mengetahui apa yang telah dikerjakannya. Sebagian besar dari manusia ketika hidup di dunia tertipu oleh godaan setan. Mereka akan menjumpai amal perbuatan mereka pada hari Kiamat tidak diterima oleh Allah bahkan dijauhkan dari rahmat-Nya dan berada di bawah murka-Nya.\n\nOrang-orang yang amal perbuatannya diselubungi dengan ria, tidak mendapat faedah dari amalnya itu kecuali sekadar kepayahan dan kesulitan. Setiap orang wajib memandang kepada amal perbuatannya dengan kaca mata agama dan menimbangnya dengan timbangan yang benar, sebab Allah tidak menerima amal perbuatan melainkan yang muncul dari hati yang penuh dengan keimanan dan keikhlasan.",
                        "15": "Dalam ayat-ayat ini, Allah bersumpah demi bintang-bintang yang beredar dan terbenam. Bintang-bintang itu semuanya tidak tampak oleh penglihatan pada siang hari, namun akan kelihatan bersinar pada malam hari. Allah bersumpah dengan bintang-bintang itu karena dalam keadaannya yang silih berganti, tidak tampak ketika siang dan bersinar pada malam hari, merupakan tanda atas kekuasaan Allah yang mengatur perjalanannya.",
                        "16": "Dalam ayat-ayat ini, Allah bersumpah demi bintang-bintang yang beredar dan terbenam. Bintang-bintang itu semuanya tidak tampak oleh penglihatan pada siang hari, namun akan kelihatan bersinar pada malam hari. Allah bersumpah dengan bintang-bintang itu karena dalam keadaannya yang silih berganti, tidak tampak ketika siang dan bersinar pada malam hari, merupakan tanda atas kekuasaan Allah yang mengatur perjalanannya.",
                        "17": "Dalam ayat ini, Allah bersumpah demi malam apabila telah hampir meninggalkan gelapnya.",
                        "18": "Kemudian dalam ayat ini Allah bersumpah demi subuh apabila fajar mulai menyingsing dan bersinar. Waktu subuh digunakan Allah dalam bersumpah karena waktu ini menimbulkan harapan yang menggembirakan bagi setiap manusia yang bangun pagi karena menghadapi hari yang baru. Saat itu mereka dapat menemukan hajat keperluan hidupnya mengganti yang hilang dan bersiap-siap untuk yang akan datang.\n\nKemudian Allah menerangkan apa yang dijadikan objek sumpahnya itu, dengan firman-Nya pada ayat berikut ini.",
                        "19": "Dalam ayat-ayat ini, Allah menjelaskan objek sumpah yang disebutkan dalam ayat 15-18 di atas, yaitu sesungguhnya apa yang diberitahukan oleh Muhammad saw tentang peristiwa-peristiwa hari Kiamat bukanlah kata-kata seorang dukun atau isapan jempol. Akan tetapi, benar-benar wahyu yang dibawa oleh Malaikat Jibril dari Tuhannya. Allah telah menyifati utusan yang membawa Al-Qur'an tersebut, yaitu Malaikat Jibril, dengan lima macam sifat yang mengandung keutamaan:\n\n1.Yang mulia pada sisi Tuhannya karena Allah memberikan padanya sesuatu yang paling berharga yaitu hidayah, dan memerintahkannya untuk menyampaikan hidayah itu kepada para nabi-Nya diteruskan kepada para hamba-Nya.\n\n2.Yang mempunyai kekuatan dalam memelihara Al-Qur'an jauh dari sifat pelupa atau keliru.\n\n3.Yang mempunyai kedudukan tinggi di sisi Allah yang mempunyai 'Arasy.\n\n4.Yang ditaati di kalangan malaikat karena kewenangannya.\n\n5.Yang dipercaya untuk menyampaikan wahyu karena terpelihara dari sifat-sifat khianat dan penyelewengan.",
                        "20": "Dalam ayat-ayat ini, Allah menjelaskan objek sumpah yang disebutkan dalam ayat 15-18 di atas, yaitu sesungguhnya apa yang diberitahukan oleh Muhammad saw tentang peristiwa-peristiwa hari Kiamat bukanlah kata-kata seorang dukun atau isapan jempol. Akan tetapi, benar-benar wahyu yang dibawa oleh Malaikat Jibril dari Tuhannya. Allah telah menyifati utusan yang membawa Al-Qur'an tersebut, yaitu Malaikat Jibril, dengan lima macam sifat yang mengandung keutamaan:\n\n1.Yang mulia pada sisi Tuhannya karena Allah memberikan padanya sesuatu yang paling berharga yaitu hidayah, dan memerintahkannya untuk menyampaikan hidayah itu kepada para nabi-Nya diteruskan kepada para hamba-Nya.\n\n2.Yang mempunyai kekuatan dalam memelihara Al-Qur'an jauh dari sifat pelupa atau keliru.\n\n3.Yang mempunyai kedudukan tinggi di sisi Allah yang mempunyai 'Arasy.\n\n4.Yang ditaati di kalangan malaikat karena kewenangannya.\n\n5.Yang dipercaya untuk menyampaikan wahyu karena terpelihara dari sifat-sifat khianat dan penyelewengan.",
                        "21": "Dalam ayat-ayat ini, Allah menjelaskan objek sumpah yang disebutkan dalam ayat 15-18 di atas, yaitu sesungguhnya apa yang diberitahukan oleh Muhammad saw tentang peristiwa-peristiwa hari Kiamat bukanlah kata-kata seorang dukun atau isapan jempol. Akan tetapi, benar-benar wahyu yang dibawa oleh Malaikat Jibril dari Tuhannya. Allah telah menyifati utusan yang membawa Al-Qur'an tersebut, yaitu Malaikat Jibril, dengan lima macam sifat yang mengandung keutamaan:\n\n1.Yang mulia pada sisi Tuhannya karena Allah memberikan padanya sesuatu yang paling berharga yaitu hidayah, dan memerintahkannya untuk menyampaikan hidayah itu kepada para nabi-Nya diteruskan kepada para hamba-Nya.\n\n2.Yang mempunyai kekuatan dalam memelihara Al-Qur'an jauh dari sifat pelupa atau keliru.\n\n3.Yang mempunyai kedudukan tinggi di sisi Allah yang mempunyai 'Arasy.\n\n4.Yang ditaati di kalangan malaikat karena kewenangannya.\n\n5.Yang dipercaya untuk menyampaikan wahyu karena terpelihara dari sifat-sifat khianat dan penyelewengan.",
                        "22": "Dalam ayat ini, Allah menyifati Nabi Muhammad dengan mengatakan bahwa Muhammad itu bukanlah orang gila, sebagaimana yang dituduhkan oleh orang-orang kafir Mekah.\n\nKalimat \"temanmu\" dalam ayat ini merupakan alasan untuk menerangkan kedustaan mereka. Sebab, setiap orang akan mengenal tabiat temannya yang sehari-hari bergaul dengannya. Orang-orang Quraisy itu selalu bergaul dengan Nabi Muhammad semenjak beliau masih kecil dan mengetahui kejujuran beliau. Oleh karena itu, mereka memberikan julukan kehormatan kepadanya dengan kata-kata \"al-Amin\" sebelum beliau menjadi nabi.\n\nBeliau tidak pernah berdusta, menyalahi janji, atau berkhianat, sehingga apa-apa yang dituduhkan kepada Nabi Muhammad itu tentang sifat gila, tukang sihir, atau pendusta adalah bohong semata.",
                        "23": "Nabi Muhammad pernah melihat Jibril dalam bentuk yang asli dua kali dalam hidupnya. Pertama, ketika beliau berada di Gua Hira sebelum turunnya Surah al-Muddatstsir, dan kedua, ketika beliau mi'raj ke langit ketujuh. Firman Allah \n\nDan sungguh, dia (Muhammad) telah melihatnya (dalam rupanya yang asli) pada waktu yang lain, (yaitu) di Sidratul Muntaha. (an-Najm/53: 13-14)",
                        "24": "Ayat ini menerangkan bahwa Nabi Muhammad bukanlah seorang bakhil dalam menyampaikan seluruh wahyu yang disampaikan malaikat Jibril kepadanya. Di samping itu, beliau adalah seorang yang sangat dipercaya karena tidak pernah mengubah wahyu walaupun satu huruf dengan ucapannya sendiri.",
                        "25": "Dalam ayat ini, Allah menerangkan bahwa Al-Qur'an bukanlah perkataan setan yang terkutuk, dan bukanlah perkataan yang diletakkan oleh setan di atas lidah Muhammad ketika mengganggu akalnya seperti yang dituduhkan oleh orang Quraisy. Muhammad sudah terkenal sejak kecilnya dengan pikiran yang sehat dan tidak pernah berbuat khianat. Oleh karena itu, apa yang diterangkan oleh Muhammad tentang berita akhirat, surga, dan neraka bukanlah perkataan setan.",
                        "26": "Kemudian Allah menerangkan bahwa orang-orang Quraisy itu telah sesat, jauh dari jalan kebenaran, dan tidak mengetahui jalan kebijaksanaan, sehingga Allah bertanya kepada mereka, \"Maka ke manakah kamu akan pergi?\" Maksudnya ialah sesudah diterangkan bahwa Al-Qur'an itu benar-benar datang dari Allah dan di dalamnya terdapat pelajaran dan petunjuk yang membimbing manusia ke jalan yang lurus, ditanyakan kepada orang-orang kafir itu, \"Jalan manakah yang akan kamu tempuh lagi?\"",
                        "27": "Kemudian Allah menyatakan bahwa Al-Qur'an itu tiada lain hanya peringatan bagi semesta alam, bagi mereka yang mempunyai hati cenderung kepada kebaikan. Namun demikian, tidak semua manusia dapat mengambil manfaat dari Al-Qur'an ini. Yang mengambil manfaat ialah siapa yang mau menempuh jalan yang lurus. Adapun orang yang menyimpang dari jalan itu, maka ia tidak dapat mengambil manfaat dari peringatan Al-Qur'an.",
                        "28": "Kemudian Allah menyatakan bahwa Al-Qur'an itu tiada lain hanya peringatan bagi semesta alam, bagi mereka yang mempunyai hati cenderung kepada kebaikan. Namun demikian, tidak semua manusia dapat mengambil manfaat dari Al-Qur'an ini. Yang mengambil manfaat ialah siapa yang mau menempuh jalan yang lurus. Adapun orang yang menyimpang dari jalan itu, maka ia tidak dapat mengambil manfaat dari peringatan Al-Qur'an.",
                        "29": "Dalam ayat ini, Allah mengatakan bahwa manusia tidak mempunyai kehendak sendiri untuk berbuat sesuatu yang dikehendakinya bilamana tidak sesuai dengan kehendak Allah."
                    }
                }
            }
        }
    }
}