{
    "82": {
        "number": "82",
        "name": "الانفطار",
        "name_latin": "Al-Infitar",
        "number_of_ayah": "19",
        "text": {
            "1": "اِذَا السَّمَاۤءُ انْفَطَرَتْۙ",
            "2": "وَاِذَا الْكَوَاكِبُ انْتَثَرَتْۙ",
            "3": "وَاِذَا الْبِحَارُ فُجِّرَتْۙ",
            "4": "وَاِذَا الْقُبُوْرُ بُعْثِرَتْۙ",
            "5": "عَلِمَتْ نَفْسٌ مَّا قَدَّمَتْ وَاَخَّرَتْۗ",
            "6": "يٰٓاَيُّهَا الْاِنْسَانُ مَا غَرَّكَ بِرَبِّكَ الْكَرِيْمِۙ",
            "7": "الَّذِيْ خَلَقَكَ فَسَوّٰىكَ فَعَدَلَكَۙ",
            "8": "فِيْٓ اَيِّ صُوْرَةٍ مَّا شَاۤءَ رَكَّبَكَۗ",
            "9": "كَلَّا بَلْ تُكَذِّبُوْنَ بِالدِّيْنِۙ",
            "10": "وَاِنَّ عَلَيْكُمْ لَحٰفِظِيْنَۙ",
            "11": "كِرَامًا كَاتِبِيْنَۙ",
            "12": "يَعْلَمُوْنَ مَا تَفْعَلُوْنَ",
            "13": "اِنَّ الْاَبْرَارَ لَفِيْ نَعِيْمٍۙ",
            "14": "وَّاِنَّ الْفُجَّارَ لَفِيْ جَحِيْمٍ",
            "15": "يَصْلَوْنَهَا يَوْمَ الدِّيْنِ",
            "16": "وَمَا هُمْ عَنْهَا بِغَاۤىِٕبِيْنَۗ",
            "17": "وَمَآ اَدْرٰىكَ مَا يَوْمُ الدِّيْنِۙ",
            "18": "ثُمَّ مَآ اَدْرٰىكَ مَا يَوْمُ الدِّيْنِۗ",
            "19": "يَوْمَ لَا تَمْلِكُ نَفْسٌ لِّنَفْسٍ شَيْـًٔا ۗوَالْاَمْرُ يَوْمَىِٕذٍ لِّلّٰهِ ࣖ"
        },
        "translations": {
            "id": {
                "name": "Terbelah",
                "text": {
                    "1": "Apabila langit terbelah, ",
                    "2": "dan apabila bintang-bintang jatuh berserakan, ",
                    "3": "dan apabila lautan dijadikan meluap, ",
                    "4": "dan apabila kuburan-kuburan dibongkar,",
                    "5": "(maka) setiap jiwa akan mengetahui apa yang telah dikerjakan dan yang dilalaikan(nya).",
                    "6": "Wahai manusia! Apakah yang telah memperdayakan kamu (berbuat durhaka) terhadap Tuhanmu Yang Mahamulia, ",
                    "7": "yang telah menciptakanmu lalu menyempurnakan kejadianmu dan menjadikan (susunan tubuh)mu seimbang, ",
                    "8": "dalam bentuk apa saja yang dikehendaki, Dia menyusun tubuhmu. ",
                    "9": "Sekali-kali jangan begitu! Bahkan kamu mendustakan hari pembalasan.",
                    "10": "Dan sesungguhnya bagi kamu ada (malaikat-malaikat) yang mengawasi (pekerjaanmu), ",
                    "11": "yang mulia (di sisi Allah) dan yang mencatat (amal perbuatanmu), ",
                    "12": "mereka mengetahui apa yang kamu kerjakan. ",
                    "13": "Sesungguhnya orang-orang yang berbakti benar-benar berada dalam (surga yang penuh) kenikmatan, ",
                    "14": "dan sesungguhnya orang-orang yang durhaka benar-benar berada dalam neraka. ",
                    "15": "Mereka masuk ke dalamnya pada hari pembalasan.",
                    "16": "Dan mereka tidak mungkin keluar dari neraka itu. ",
                    "17": "Dan tahukah kamu apakah hari pembalasan itu? ",
                    "18": "Sekali lagi, tahukah kamu apakah hari pembalasan itu? ",
                    "19": "(Yaitu) pada hari (ketika) seseorang sama sekali tidak berdaya (menolong) orang lain. Dan segala urusan pada hari itu dalam kekuasaan Allah. "
                }
            }
        },
        "tafsir": {
            "id": {
                "kemenag": {
                    "name": "Kemenag",
                    "source": "Aplikasi Quran Kementrian Agama Republik Indonesia",
                    "text": {
                        "1": "Ayat-ayat ini menjelaskan kekacauan yang terjadi menjelang hari Kiamat dan kehancuran alam semesta. Gejala kehancuran alam digambarkan dengan keadaan langit yang terbelah sehingga formasi alam semesta berubah menjadi kacau. Bintang-bintang jatuh berserakan, tidak lagi pada posisinya. Padahal Allah menginformasikan bahwa matahari memiliki posisi tertentu yang menjadi pusat rotasinya, dan begitu juga dengan bulan. Firman Allah:\n\nMaka perhatikanlah bekas-bekas rahmat Allah, bagaimana Allah menghidupkan bumi setelah mati (kering). Sungguh, itu berarti Dia pasti (berkuasa) menghidupkan yang telah mati. Dan Dia Mahakuasa atas segala sesuatu. (ar-Rum/30: 50)\n\nFenomena lainnya adalah lautan meluap menenggelamkan semua daratan. Air tawar bercampur dengan air asin, tidak ada lagi daratan yang bisa dihuni oleh makhluk hidup apalagi air laut yang meluap menjadi panas. Sungguh bumi telah berubah, bukan lagi bumi yang biasa dikenal oleh manusia. \n\n(Yaitu) pada hari (ketika) bumi diganti dengan bumi yang lain dan (demikian pula) langit, dan mereka (manusia) berkumpul (di Padang Mahsyar) menghadap Allah Yang Maha Esa, Mahaperkasa. (Ibrahim/14: 48)\n\nUntuk telaah ilmiah Surah al-Infithar/82:1-3, lihat pula telaah ilmiah Surah al-haqqah/69: 13-16; al-Ma'arij/70: 8, dan at-Takwir/81: 1-3. Ketika terjadi proses ke arah Big Crunch itu, yaitu proses pemadatan atau penyusutan alam semesta, maka semua materi pecah kembali menjadi materi-materi fundamental seperti quark, elektron dan sebagainya, gaya-gaya seperti gaya gravitasi, elektromagnetik, nuklir kuat dan nuklir lemah mulai menyatu kembali. Langit antariksa mulai lemah karena tidak ada topangan gaya gravitasi, dan mulai menyusut/mengerut dan retak/terbelah. Saat itulah benda-benda langit, termasuk bintang-bintang yang mulai kehilangan gaya-gaya gravitasinya, bertubrukan antar sesamanya. Inilah gambaran 'bintang-bintang jatuh berserakan, karena kehilangan gaya-gaya gravitasinya, dan karena terurai kembali atau meluruh menjadi materi-materi fundamentalnya. \n\nMenurut Bashiruddin, ketika matahari telah mencapai evolusi membengkak dan berwarna merah (red star)(lihat telaah ilmiah Surah at-Takwir/81: 1-3), maka suhu bumi akan meninggi, sampai air laut mencapai titik didihnya. Panasnya bumi oleh radiasi matahari merah ini, sangat mungkin akan mencairkan gunung-gunung es di Artik (Kutub Utara) dan benua es Antartika (Kutub Selatan), sehingga samudera akan meluap secara dahsyat, menenggelamkan banyak pulau. Air laut ini kemudian akan mendidih dan menguap dan lenyap dari bumi. Bumi menjadi tidak layak huni. Paul Davies mengatakan bahwa ketika alam semesta telah memadat sampai seper-seratus (1/100) dari luasnya yang sekarang ini, maka efek tekanannya akan mengakibatkan suhu yang meninggi sampai mencapai titik didih benda cair; dan bumi menjadi tempat yang tidak layak-huni lagi.",
                        "2": "Ayat-ayat ini menjelaskan kekacauan yang terjadi menjelang hari Kiamat dan kehancuran alam semesta. Gejala kehancuran alam digambarkan dengan keadaan langit yang terbelah sehingga formasi alam semesta berubah menjadi kacau. Bintang-bintang jatuh berserakan, tidak lagi pada posisinya. Padahal Allah menginformasikan bahwa matahari memiliki posisi tertentu yang menjadi pusat rotasinya, dan begitu juga dengan bulan. Firman Allah:\n\nMaka perhatikanlah bekas-bekas rahmat Allah, bagaimana Allah menghidupkan bumi setelah mati (kering). Sungguh, itu berarti Dia pasti (berkuasa) menghidupkan yang telah mati. Dan Dia Mahakuasa atas segala sesuatu. (ar-Rum/30: 50)\n\nFenomena lainnya adalah lautan meluap menenggelamkan semua daratan. Air tawar bercampur dengan air asin, tidak ada lagi daratan yang bisa dihuni oleh makhluk hidup apalagi air laut yang meluap menjadi panas. Sungguh bumi telah berubah, bukan lagi bumi yang biasa dikenal oleh manusia. \n\n(Yaitu) pada hari (ketika) bumi diganti dengan bumi yang lain dan (demikian pula) langit, dan mereka (manusia) berkumpul (di Padang Mahsyar) menghadap Allah Yang Maha Esa, Mahaperkasa. (Ibrahim/14: 48)\n\nUntuk telaah ilmiah Surah al-Infithar/82:1-3, lihat pula telaah ilmiah Surah al-haqqah/69: 13-16; al-Ma'arij/70: 8, dan at-Takwir/81: 1-3. Ketika terjadi proses ke arah Big Crunch itu, yaitu proses pemadatan atau penyusutan alam semesta, maka semua materi pecah kembali menjadi materi-materi fundamental seperti quark, elektron dan sebagainya, gaya-gaya seperti gaya gravitasi, elektromagnetik, nuklir kuat dan nuklir lemah mulai menyatu kembali. Langit antariksa mulai lemah karena tidak ada topangan gaya gravitasi, dan mulai menyusut/mengerut dan retak/terbelah. Saat itulah benda-benda langit, termasuk bintang-bintang yang mulai kehilangan gaya-gaya gravitasinya, bertubrukan antar sesamanya. Inilah gambaran 'bintang-bintang jatuh berserakan, karena kehilangan gaya-gaya gravitasinya, dan karena terurai kembali atau meluruh menjadi materi-materi fundamentalnya. \n\nMenurut Bashiruddin, ketika matahari telah mencapai evolusi membengkak dan berwarna merah (red star)(lihat telaah ilmiah Surah at-Takwir/81: 1-3), maka suhu bumi akan meninggi, sampai air laut mencapai titik didihnya. Panasnya bumi oleh radiasi matahari merah ini, sangat mungkin akan mencairkan gunung-gunung es di Artik (Kutub Utara) dan benua es Antartika (Kutub Selatan), sehingga samudera akan meluap secara dahsyat, menenggelamkan banyak pulau. Air laut ini kemudian akan mendidih dan menguap dan lenyap dari bumi. Bumi menjadi tidak layak huni. Paul Davies mengatakan bahwa ketika alam semesta telah memadat sampai seper-seratus (1/100) dari luasnya yang sekarang ini, maka efek tekanannya akan mengakibatkan suhu yang meninggi sampai mencapai titik didih benda cair; dan bumi menjadi tempat yang tidak layak-huni lagi.",
                        "3": "Ayat-ayat ini menjelaskan kekacauan yang terjadi menjelang hari Kiamat dan kehancuran alam semesta. Gejala kehancuran alam digambarkan dengan keadaan langit yang terbelah sehingga formasi alam semesta berubah menjadi kacau. Bintang-bintang jatuh berserakan, tidak lagi pada posisinya. Padahal Allah menginformasikan bahwa matahari memiliki posisi tertentu yang menjadi pusat rotasinya, dan begitu juga dengan bulan. Firman Allah:\n\nMaka perhatikanlah bekas-bekas rahmat Allah, bagaimana Allah menghidupkan bumi setelah mati (kering). Sungguh, itu berarti Dia pasti (berkuasa) menghidupkan yang telah mati. Dan Dia Mahakuasa atas segala sesuatu. (ar-Rum/30: 50)\n\nFenomena lainnya adalah lautan meluap menenggelamkan semua daratan. Air tawar bercampur dengan air asin, tidak ada lagi daratan yang bisa dihuni oleh makhluk hidup apalagi air laut yang meluap menjadi panas. Sungguh bumi telah berubah, bukan lagi bumi yang biasa dikenal oleh manusia. \n\n(Yaitu) pada hari (ketika) bumi diganti dengan bumi yang lain dan (demikian pula) langit, dan mereka (manusia) berkumpul (di Padang Mahsyar) menghadap Allah Yang Maha Esa, Mahaperkasa. (Ibrahim/14: 48)\n\nUntuk telaah ilmiah Surah al-Infithar/82:1-3, lihat pula telaah ilmiah Surah al-haqqah/69: 13-16; al-Ma'arij/70: 8, dan at-Takwir/81: 1-3. Ketika terjadi proses ke arah Big Crunch itu, yaitu proses pemadatan atau penyusutan alam semesta, maka semua materi pecah kembali menjadi materi-materi fundamental seperti quark, elektron dan sebagainya, gaya-gaya seperti gaya gravitasi, elektromagnetik, nuklir kuat dan nuklir lemah mulai menyatu kembali. Langit antariksa mulai lemah karena tidak ada topangan gaya gravitasi, dan mulai menyusut/mengerut dan retak/terbelah. Saat itulah benda-benda langit, termasuk bintang-bintang yang mulai kehilangan gaya-gaya gravitasinya, bertubrukan antar sesamanya. Inilah gambaran 'bintang-bintang jatuh berserakan, karena kehilangan gaya-gaya gravitasinya, dan karena terurai kembali atau meluruh menjadi materi-materi fundamentalnya. \n\nMenurut Bashiruddin, ketika matahari telah mencapai evolusi membengkak dan berwarna merah (red star)(lihat telaah ilmiah Surah at-Takwir/81: 1-3), maka suhu bumi akan meninggi, sampai air laut mencapai titik didihnya. Panasnya bumi oleh radiasi matahari merah ini, sangat mungkin akan mencairkan gunung-gunung es di Artik (Kutub Utara) dan benua es Antartika (Kutub Selatan), sehingga samudera akan meluap secara dahsyat, menenggelamkan banyak pulau. Air laut ini kemudian akan mendidih dan menguap dan lenyap dari bumi. Bumi menjadi tidak layak huni. Paul Davies mengatakan bahwa ketika alam semesta telah memadat sampai seper-seratus (1/100) dari luasnya yang sekarang ini, maka efek tekanannya akan mengakibatkan suhu yang meninggi sampai mencapai titik didih benda cair; dan bumi menjadi tempat yang tidak layak-huni lagi.",
                        "4": "Dan apabila kuburan-kuburan terbongkar sehingga keluarlah mayat-mayat yang berada di dalamnya setelah dibangkitkan dan dihidupkan kembali untuk mempertanggungjawabkan amal perbuatannya di dunia di hadapan Allah Sang Pencipta. Hal ini ditegaskan kembali dalam firman Allah yang lain:\n\nMaka tidakkah dia mengetahui apabila apa yang di dalam kubur dikeluarkan. (al-'Adiyat/100: 9)",
                        "5": "Manusia dibebani tanggung jawab untuk beramal di dunia, namun ada di antara mereka yang lalai dan tidak menjalankan kewajibannya, bahkan ada yang melakukan perbuatan yang dilarang. Dalam ayat ini, Allah bersumpah demi kuburan-kuburan yang dibongkar dan mayat-mayat yang ada di dalamnya keluar, dibangkitkan, dan dihidupkan kembali untuk diadili dan dihisab amalnya selama hidup di dunia.\n\nPada hari kiamat itu, manusia mengetahui amal-amalnya, yang baik maupun yang buruk, yang dikerjakan maupun yang dilalaikan. Mereka mengetahui yang demikian itu dari kitab yang diserahkan kepada mereka, sebagaimana firman Allah:\n\nDan setiap manusia telah Kami kalungkan (catatan) amal perbuatannya di lehernya. Dan pada hari Kiamat Kami keluarkan baginya sebuah kitab dalam keadaan terbuka. \"Bacalah kitabmu, cukuplah dirimu sendiri pada hari ini sebagai penghitung atas dirimu.\" (al-Isra'/17: 13-14)\n\nAyat ini mendorong manusia untuk selalu menaati Allah, beramal saleh, dan meninggalkan semua perbuatan maksiat yang akan merugikan mereka di akhirat kelak.",
                        "6": "Dalam ayat ini, Allah mencela manusia-manusia yang kafir, teperdaya, dan berani berbuat hal-hal yang dilarang Allah. Padahal, Allah Maha Pemurah dengan berbagai karunia yang dianugerahkannya kepada manusia, seperti rezeki yang banyak, keturunan yang baik dan saleh, kesehatan tubuh, dan lain-lain. Seharusnya mereka bersyukur sebagai balasan atas kemurahan Allah, bukan berbuat sebaliknya. Peringatan Allah untuk tidak teperdaya oleh apa pun sehingga tidak terdorong untuk berlaku sombong kepada-Nya disebutkan kembali dalam firman-Nya:\n\nMaka janganlah sekali-kali kamu teperdaya oleh kehidupan dunia, dan jangan sampai kamu teperdaya oleh penipu dalam (menaati) Allah. (Luqman/31: 33)",
                        "7": "Allah kembali mengingatkan manusia atas segala kemurahan-Nya, dengan menyebutkan penciptaan-Nya pada diri manusia. Allah telah menjadikan tubuh manusia seimbang, berdiri tegak dengan gagahnya, tidak seperti binatang berkaki empat atau melata. Allah juga menciptakan semua anggota tubuh manusia bekerja dengan teratur, harmonis, dan seimbang. Allah mengatakan bahwa penciptaan manusia adalah sebaik-baik penciptaan makhluk. Allah berfirman: \n\nSungguh, Kami telah menciptakan manusia dalam bentuk yang sebaik-baiknya. (at-Tin/95: 4)",
                        "8": "Pada ayat ini, Allah menyebutkan bahwa penciptaan manusia sesuai dengan kehendaknya. Ada manusia yang berkulit putih, kuning, hitam, kuning langsat, dan lain-lain. Ada manusia yang berambut lurus, keriting, berwarna hitam, pirang, coklat, dan sebagainya. Ada juga manusia yang berpostur tubuh tinggi, langsing, tinggi besar, pendek kecil, dan sebagainya. Namun demikian, yang layak diingat bahwa meskipun manusia memiliki sifat dan bentuk yang secara prinsip sama, tapi tetap ada yang berbeda antara yang satu dengan yang lain. \n\n(Bahkan) Kami mampu menyusun (kembali) jari-jemarinya dengan sempurna. (al-Qiyamah/75: 4)\n\nTinjauan ilmiah ayat- 7-8: Allah telah menjadikan susunan tubuh manusia seimbang. Bila kita melihat morfologi (bentuk tubuh fisik manusia) dari depan, akan jelas tampak sekali keseimbangan itu. Morfologi manusia tampak simetris dan seimbang apabila kita tarik garis tengah dari kepala, -melalui titik tengahnya-, sampai ke bawah, akan tampak keseimbangan susunan fisik tubuh manusia itu. Belahan kiri dan kanan seolah merupakan bayangan cermin satu dengan yang lainnya. Masing-masing belahan mempunyai satu mata, satu telinga, satu lubang hidung, satu kuping, satu tangan, dan satu kaki, yang satu belahan dengan belahan yang lainnya, merupakan bayangan cermin yang simetris seimbang.\n\nAllah telah menganugerahkan sistem syaraf pada manusia, yang berfungsi untuk mengatur keseimbangan dan kesetimbangan tubuh manusia, serta kemampuan manusia untuk berorientasi pada ruang 3 dimensi. Sistem syaraf yang mengatur keseimbangan manusia itu berada di dalam Sistem Syaraf Perifer (SSP) manusia. Dalam SSP terdapat sistem syaraf yang mengatur keseimbangan tubuh manusia, yaitu yang dikenal dengan syaraf ke-VIII, atau disebut pula Vestibulocochlear nerve (syaraf \"siput-telinga\" depan). Syaraf ke-VIII ini mempunyai fungsi bagi adanya balance (keseimbangan), equillibrium (kesetimbangan), serta orientation in three-dimensional space (orientasi dalam ruang tiga dimensi), (Nerves and Nervous Systems dalam The New Encyclopaedia Britannica, Vol. 24, Macropaedia, 2005, p. 817).\n\nDalam mekanisme faali (fisiologik) manusia, Allah juga telah melengkapi manusia dengan dua sistem syaraf, di mana antara yang satu sama lain saling menyeimbangkan. Di dalam SSP tersebut terdapat pula Susunan Syaraf Otonom yang terdiri dari Sistem Syaraf Simpati (Sympathetic Nervous System, SNS) dan Sistem Syaraf Parasimpati (Parasympathetic Nervous System, PNS), yang kedua sistem saraf itu bekerja antagonistik, namun saling menyeimbangkan satu sama lainnya. Fungsi SNS adalah merespon kondisi stress yang dihadapi manusia, dengan mengeluarkan hormon (neurotransmitter), adreanaline (epinephrine), dan noradrenaline (norepinephrine). Dengan adanya kedua hormon ini, maka tekanan darah naik, denyut jantung bertambah cepat (tachy-cardia), pembuluh darah otot-tulang melebar (skeletal muscle vasodilatation), pembuluh darah pada perut-usus menyempit (gastrointestinal vasoconstriction), pupil mata melebar (puppillary dilatation), paru-paru melebar (broncheal dilatation). Sedangkan fungsi PSN adalah sebaliknya dari SNS tadi. PNS akan mengeluarkan hormon (neurotransmitter): acetylcholine. Adanya hormon ini akan menyebabkan: tekanan darah menurun, denyut jantung menjadi lambat (brady-cardia), pupil-mata menyempit. Kedua sistem syaraf ini: SNS dan PNS saling bekerja komplemeter, bagi berjalannya proses-proses fisiologik (faali) manusia, untuk menjaga kelangsungan hidupnya. (Nerves and Nervous Systems dalam The New Encyclopaedia Britannica, Vol. 24, Macropaedia, 2005, p. 818-820).\n\nKeseimbangan juga terdapat dalam struktur otak manusia. Dalam otak manusia terdapat dua pasang belahan atau sisi otak, yang satu sama lain merupakan bentuk bayangan cerminnya. Belahan Otak Dominan (dominant hemisphere), sering disebut 'belahan otak kiri, digunakan untuk merekam atau menyimpan hal-hal yang berkaitan dengan: bahasa, matematika, dan fungsi-fungsi analitik dan keterampilan. Sedang Belahan Otak Non-dominan (non-dominant hemisphere), sering disebut 'belahan otak kanan, digunakan untuk merekam atau menyimpan hal-hal yang berkaitan dengan konsep-konsep spasial sederhana (simple spasial consept), musik, pengenalan rupa, dan emosi. Kedua belahan otak ini saling seimbang dan melengkapi, dan kedua belahan otak ini dihubungkan oleh banyak syaraf proyeksi melalui corpus collosum. (Nerves and Nervous Systems dalam The New Encyclopaedia Britannica, Vol. 24, Macropaedia, 2005, p. 805).",
                        "9": "Ayat ini menjelaskan akibat dari perbuatan manusia yang teperdaya sehingga berani berbuat hal-hal yang dilarang Allah. Perbuatan mereka tidak berhenti pada kejahatan ini saja, tetapi mereka bahkan mendustakan hari pembalasan, dimana amal baik dan buruk manusia akan dibalas di akhirat kelak. \n\nTidak percaya kepada hari pembalasan menyebabkan orang tidak perlu bertanggung jawab, sehingga boleh berbuat sekehendak hatinya. Tidak percaya pada hari perhitungan bertentangan dengan tujuan penciptaan manusia (lihat Surah al-Baqarah/2: 30 dan adh-dzariyat/51/: 56) sehingga Allah mempertanyakan kepada manusia apa sebenarnya pemahaman mereka terhadap penciptaan diri mereka. Firman Allah:\n\nMaka apakah kamu mengira, bahwa Kami menciptakan kamu main-main (tanpa ada maksud) dan bahwa kamu tidak akan dikembalikan kepada Kami? (al-Mu'minun/23: 115)",
                        "10": "Ayat-ayat ini memberi peringatan kepada orang-orang kafir yang tidak mempercayai hari kebangkitan agar mereka tidak terus-menerus lalai dan ingkar serta tidak bersiap-siap menyediakan bekal untuk menghadapi hari perhitungan karena menyangka tidak ada yang mengawasi tingkah laku dan perbuatan mereka. Allah menjelaskan dalam ayat ini bahwa ada malaikat-malaikat yang diberi tugas mengawasi dan mencatat semua perbuatan manusia, baik yang buruk maupun yang baik, dan yang dilakukan dengan terang-terangan atau sembunyi-sembunyi.\n\nMalaikat yang mulia ini mencatat semua amal manusia. Dalam Al-Qur'an, para malaikat itu disebut Raqib dan 'Atid. Allah berfirman:\n\n(Ingatlah) ketika dua malaikat mencatat (perbuatannya), yang satu duduk di sebelah kanan dan yang lain di sebelah kiri. Tidak ada suatu kata yang diucapkannya melainkan ada di sisinya malaikat pengawas yang selalu siap (mencatat). (Qaf/50: 17-18)\n\nPara malaikat mengetahui apa yang dilakukan manusia dan mencatatnya. Tidak ada informasi dalam Al-Qur'an bagaimana para malaikat itu mencatatnya, namun kita percaya Allah punya sistem dan cara yang melampaui kemampuan manusia dalam pencatatan data tersebut.",
                        "11": "Ayat-ayat ini memberi peringatan kepada orang-orang kafir yang tidak mempercayai hari kebangkitan agar mereka tidak terus-menerus lalai dan ingkar serta tidak bersiap-siap menyediakan bekal untuk menghadapi hari perhitungan karena menyangka tidak ada yang mengawasi tingkah laku dan perbuatan mereka. Allah menjelaskan dalam ayat ini bahwa ada malaikat-malaikat yang diberi tugas mengawasi dan mencatat semua perbuatan manusia, baik yang buruk maupun yang baik, dan yang dilakukan dengan terang-terangan atau sembunyi-sembunyi.\n\nMalaikat yang mulia ini mencatat semua amal manusia. Dalam Al-Qur'an, para malaikat itu disebut Raqib dan 'Atid. Allah berfirman:\n\n(Ingatlah) ketika dua malaikat mencatat (perbuatannya), yang satu duduk di sebelah kanan dan yang lain di sebelah kiri. Tidak ada suatu kata yang diucapkannya melainkan ada di sisinya malaikat pengawas yang selalu siap (mencatat). (Qaf/50: 17-18)\n\nPara malaikat mengetahui apa yang dilakukan manusia dan mencatatnya. Tidak ada informasi dalam Al-Qur'an bagaimana para malaikat itu mencatatnya, namun kita percaya Allah punya sistem dan cara yang melampaui kemampuan manusia dalam pencatatan data tersebut.",
                        "12": "Ayat-ayat ini memberi peringatan kepada orang-orang kafir yang tidak mempercayai hari kebangkitan agar mereka tidak terus-menerus lalai dan ingkar serta tidak bersiap-siap menyediakan bekal untuk menghadapi hari perhitungan karena menyangka tidak ada yang mengawasi tingkah laku dan perbuatan mereka. Allah menjelaskan dalam ayat ini bahwa ada malaikat-malaikat yang diberi tugas mengawasi dan mencatat semua perbuatan manusia, baik yang buruk maupun yang baik, dan yang dilakukan dengan terang-terangan atau sembunyi-sembunyi.\n\nMalaikat yang mulia ini mencatat semua amal manusia. Dalam Al-Qur'an, para malaikat itu disebut Raqib dan 'Atid. Allah berfirman:\n\n(Ingatlah) ketika dua malaikat mencatat (perbuatannya), yang satu duduk di sebelah kanan dan yang lain di sebelah kiri. Tidak ada suatu kata yang diucapkannya melainkan ada di sisinya malaikat pengawas yang selalu siap (mencatat). (Qaf/50: 17-18)\n\nPara malaikat mengetahui apa yang dilakukan manusia dan mencatatnya. Tidak ada informasi dalam Al-Qur'an bagaimana para malaikat itu mencatatnya, namun kita percaya Allah punya sistem dan cara yang melampaui kemampuan manusia dalam pencatatan data tersebut.",
                        "13": "Ayat ini menjelaskan hasil atau akibat dari pencatatan amal manusia, yaitu adanya pahala dan surga bagi orang-orang yang berbuat kebajikan, dan azab bagi orang-orang yang berbuat maksiat dan dosa. Surga adalah balasan bagi orang-orang bertakwa dan beramal saleh. Allah berfirman:\n\nDan adapun orang-orang yang takut kepada kebesaran Tuhannya dan menahan diri dari (keinginan) hawa nafsunya, maka sungguh, surgalah tempat tinggal(nya). (an-Nazi'at/79: 40-41)\n\nSedangkan orang-orang yang durhaka diazab Allah di api neraka. Allah berfirman:\n\nMaka adapun orang yang melampaui batas, dan lebih mengutamakan kehidupan dunia, maka sungguh, nerakalah tempat tinggalnya. (an-Nazi'at/79: 37-39)",
                        "14": "Ayat ini menjelaskan hasil atau akibat dari pencatatan amal manusia, yaitu adanya pahala dan surga bagi orang-orang yang berbuat kebajikan, dan azab bagi orang-orang yang berbuat maksiat dan dosa. Surga adalah balasan bagi orang-orang bertakwa dan beramal saleh. Allah berfirman:\n\nDan adapun orang-orang yang takut kepada kebesaran Tuhannya dan menahan diri dari (keinginan) hawa nafsunya, maka sungguh, surgalah tempat tinggal(nya). (an-Nazi'at/79: 40-41)\n\nSedangkan orang-orang yang durhaka diazab Allah di api neraka. Allah berfirman:\n\nMaka adapun orang yang melampaui batas, dan lebih mengutamakan kehidupan dunia, maka sungguh, nerakalah tempat tinggalnya. (an-Nazi'at/79: 37-39)",
                        "15": "Allah menjelaskan sekali lagi bahwa orang-orang yang durhaka itu akan dimasukkan ke dalam neraka pada hari kiamat kelak. Itulah tempat kembali yang paling buruk. Allah berfirman:\n\nDan orang-orang yang ingkar kepada Tuhannya akan mendapat azab Jahanam. Dan itulah seburuk-buruk tempat kembali. (al-Mulk/67: 6)\n\nMereka kekal di dalam neraka selama-lamanya. Mereka tidak punya kemampuan untuk mengeluarkan diri mereka dari tempat itu karena tidak ada lagi penolong yang dapat membantu mereka. Allah berfirman:\n\nMereka ingin keluar dari neraka, tetapi tidak akan dapat keluar dari sana. Dan mereka mendapat azab yang kekal. (al-Ma'idah/5: 37)",
                        "16": "Allah menjelaskan sekali lagi bahwa orang-orang yang durhaka itu akan dimasukkan ke dalam neraka pada hari kiamat kelak. Itulah tempat kembali yang paling buruk. Allah berfirman:\n\nDan orang-orang yang ingkar kepada Tuhannya akan mendapat azab Jahanam. Dan itulah seburuk-buruk tempat kembali. (al-Mulk/67: 6)\n\nMereka kekal di dalam neraka selama-lamanya. Mereka tidak punya kemampuan untuk mengeluarkan diri mereka dari tempat itu karena tidak ada lagi penolong yang dapat membantu mereka. Allah berfirman:\n\nMereka ingin keluar dari neraka, tetapi tidak akan dapat keluar dari sana. Dan mereka mendapat azab yang kekal. (al-Ma'idah/5: 37)",
                        "17": "Dalam ayat 17 dan 18, Allah bertanya kepada Nabi dan kaumnya apakah mereka tahu apa hari pembalasan itu? Pertanyaan ini bukan meminta jawaban, tetapi celaan bagi orang-orang yang tidak mau percaya pada hari pembalasan ini. Apakah semua informasi dan tanda yang dipaparkan Al-Qur'an belum cukup untuk membuat mereka percaya? \n\nAllah kemudian menjelaskan dalam ayat 19 bahwa di hari perhitungan tidak ada manusia yang bisa menolong orang lain. Orang tua tidak bisa menolong anaknya dan begitu juga sebaliknya. Suami tidak bisa menolong istrinya, dan teman atau sahabat tidak bisa menolong temannya. Semua sibuk dengan diri masing-masing. Segala urusan pada hari itu berada di tangan Allah. Yang bisa menolong manusia hanyalah amalnya. Firman Allah:\n\nDan bahwa manusia hanya memperoleh apa yang telah diusahakannya, dan sesungguhnya usahanya itu kelak akan diperlihatkan (kepadanya). (an-Najm/53: 39-40)\n\nDan firman-Nya lagi:\n\nDan tidak ada (lagi) baginya segolongan pun yang dapat menolongnya selain Allah; dan dia pun tidak akan dapat membela dirinya. (al-Kahf/18: 43)",
                        "18": "Dalam ayat 17 dan 18, Allah bertanya kepada Nabi dan kaumnya apakah mereka tahu apa hari pembalasan itu? Pertanyaan ini bukan meminta jawaban, tetapi celaan bagi orang-orang yang tidak mau percaya pada hari pembalasan ini. Apakah semua informasi dan tanda yang dipaparkan Al-Qur'an belum cukup untuk membuat mereka percaya? \n\nAllah kemudian menjelaskan dalam ayat 19 bahwa di hari perhitungan tidak ada manusia yang bisa menolong orang lain. Orang tua tidak bisa menolong anaknya dan begitu juga sebaliknya. Suami tidak bisa menolong istrinya, dan teman atau sahabat tidak bisa menolong temannya. Semua sibuk dengan diri masing-masing. Segala urusan pada hari itu berada di tangan Allah. Yang bisa menolong manusia hanyalah amalnya. Firman Allah:\n\nDan bahwa manusia hanya memperoleh apa yang telah diusahakannya, dan sesungguhnya usahanya itu kelak akan diperlihatkan (kepadanya). (an-Najm/53: 39-40)\n\nDan firman-Nya lagi:\n\nDan tidak ada (lagi) baginya segolongan pun yang dapat menolongnya selain Allah; dan dia pun tidak akan dapat membela dirinya. (al-Kahf/18: 43)",
                        "19": "Dalam ayat 17 dan 18, Allah bertanya kepada Nabi dan kaumnya apakah mereka tahu apa hari pembalasan itu? Pertanyaan ini bukan meminta jawaban, tetapi celaan bagi orang-orang yang tidak mau percaya pada hari pembalasan ini. Apakah semua informasi dan tanda yang dipaparkan Al-Qur'an belum cukup untuk membuat mereka percaya? \n\nAllah kemudian menjelaskan dalam ayat 19 bahwa di hari perhitungan tidak ada manusia yang bisa menolong orang lain. Orang tua tidak bisa menolong anaknya dan begitu juga sebaliknya. Suami tidak bisa menolong istrinya, dan teman atau sahabat tidak bisa menolong temannya. Semua sibuk dengan diri masing-masing. Segala urusan pada hari itu berada di tangan Allah. Yang bisa menolong manusia hanyalah amalnya. Firman Allah:\n\nDan bahwa manusia hanya memperoleh apa yang telah diusahakannya, dan sesungguhnya usahanya itu kelak akan diperlihatkan (kepadanya). (an-Najm/53: 39-40)\n\nDan firman-Nya lagi:\n\nDan tidak ada (lagi) baginya segolongan pun yang dapat menolongnya selain Allah; dan dia pun tidak akan dapat membela dirinya. (al-Kahf/18: 43)"
                    }
                }
            }
        }
    }
}