{
    "84": {
        "number": "84",
        "name": "الانشقاق",
        "name_latin": "Al-Insyiqaq",
        "number_of_ayah": "25",
        "text": {
            "1": "اِذَا السَّمَاۤءُ انْشَقَّتْۙ ",
            "2": "وَاَذِنَتْ لِرَبِّهَا وَحُقَّتْۙ ",
            "3": "وَاِذَا الْاَرْضُ مُدَّتْۙ ",
            "4": "وَاَلْقَتْ مَا فِيْهَا وَتَخَلَّتْۙ ",
            "5": "وَاَذِنَتْ لِرَبِّهَا وَحُقَّتْۗ ",
            "6": "يٰٓاَيُّهَا الْاِنْسَانُ اِنَّكَ كَادِحٌ اِلٰى رَبِّكَ كَدْحًا فَمُلٰقِيْهِۚ ",
            "7": "فَاَمَّا مَنْ اُوْتِيَ كِتٰبَهٗ بِيَمِيْنِهٖۙ ",
            "8": "فَسَوْفَ يُحَاسَبُ حِسَابًا يَّسِيْرًاۙ ",
            "9": "وَّيَنْقَلِبُ اِلٰٓى اَهْلِهٖ مَسْرُوْرًاۗ ",
            "10": "وَاَمَّا مَنْ اُوْتِيَ كِتٰبَهٗ وَرَاۤءَ ظَهْرِهٖۙ ",
            "11": "فَسَوْفَ يَدْعُوْ ثُبُوْرًاۙ ",
            "12": "وَّيَصْلٰى سَعِيْرًاۗ ",
            "13": "اِنَّهٗ كَانَ فِيْٓ اَهْلِهٖ مَسْرُوْرًاۗ ",
            "14": "اِنَّهٗ ظَنَّ اَنْ لَّنْ يَّحُوْرَ ۛ ",
            "15": "بَلٰىۛ اِنَّ رَبَّهٗ كَانَ بِهٖ بَصِيْرًاۗ ",
            "16": "فَلَآ اُقْسِمُ بِالشَّفَقِۙ ",
            "17": "وَالَّيْلِ وَمَا وَسَقَۙ ",
            "18": "وَالْقَمَرِ اِذَا اتَّسَقَۙ ",
            "19": "لَتَرْكَبُنَّ طَبَقًا عَنْ طَبَقٍۗ ",
            "20": "فَمَا لَهُمْ لَا يُؤْمِنُوْنَۙ ",
            "21": "وَاِذَا قُرِئَ عَلَيْهِمُ الْقُرْاٰنُ لَا يَسْجُدُوْنَ ۗ ۩ ",
            "22": "بَلِ الَّذِيْنَ كَفَرُوْا يُكَذِّبُوْنَۖ ",
            "23": "وَاللّٰهُ اَعْلَمُ بِمَا يُوْعُوْنَۖ ",
            "24": "فَبَشِّرْهُمْ بِعَذَابٍ اَلِيْمٍۙ ",
            "25": "اِلَّا الَّذِيْنَ اٰمَنُوْا وَعَمِلُوا الصّٰلِحٰتِ لَهُمْ اَجْرٌ غَيْرُ مَمْنُوْنٍ ࣖ "
        },
        "translations": {
            "id": {
                "name": "Terbelah",
                "text": {
                    "1": "Apabila langit terbelah,",
                    "2": "dan patuh kepada Tuhannya, dan sudah semestinya patuh, ",
                    "3": "dan apabila bumi diratakan, ",
                    "4": "dan memuntahkan apa yang ada di dalamnya dan menjadi kosong,",
                    "5": "dan patuh kepada Tuhannya, dan sudah semestinya patuh.",
                    "6": "Wahai manusia! Sesungguhnya kamu telah bekerja keras menuju Tuhanmu, maka kamu akan menemui-Nya.",
                    "7": "Maka adapun orang yang catatannya diberikan dari sebelah kanannya, ",
                    "8": "maka dia akan diperiksa dengan pemeriksaan yang mudah, ",
                    "9": "dan dia akan kembali kepada keluarganya (yang sama-sama beriman) dengan gembira.",
                    "10": "Dan adapun orang yang catatannya diberikan dari sebelah belakang, ",
                    "11": "maka dia akan berteriak, “Celakalah aku!” ",
                    "12": "Dan dia akan masuk ke dalam api yang menyala-nyala (neraka).",
                    "13": "Sungguh, dia dahulu (di dunia) bergembira di kalangan keluarganya (yang sama-sama kafir). ",
                    "14": "Sesungguhnya dia mengira bahwa dia tidak akan kembali (kepada Tuhannya). ",
                    "15": "Tidak demikian, sesungguhnya Tuhannya selalu melihatnya. ",
                    "16": "Maka Aku bersumpah demi cahaya merah pada waktu senja, ",
                    "17": "demi malam dan apa yang diselubunginya,",
                    "18": "demi bulan apabila jadi purnama,",
                    "19": "sungguh, akan kamu jalani tingkat demi tingkat (dalam kehidupan).",
                    "20": "Maka mengapa mereka tidak mau beriman?",
                    "21": "Dan apabila Al-Qur'an dibacakan kepada mereka, mereka tidak (mau) bersujud,",
                    "22": "bahkan orang-orang kafir itu mendustakan(nya).",
                    "23": "Dan Allah lebih mengetahui apa yang mereka sembunyikan (dalam hati mereka).",
                    "24": "Maka sampaikanlah kepada mereka (ancaman) azab yang pedih,",
                    "25": "kecuali orang-orang yang beriman dan mengerjakan kebajikan, mereka akan mendapat pahala yang tidak putus-putusnya."
                }
            }
        },
        "tafsir": {
            "id": {
                "kemenag": {
                    "name": "Kemenag",
                    "source": "Aplikasi Quran Kementrian Agama Republik Indonesia",
                    "text": {
                        "1": "Dalam ayat-ayat ini, Allah menerangkan bahwa apabila langit terbelah karena telah rusak hubungan bagian-bagiannya dengan rusaknya peraturan alam semesta pada hari Kiamat nanti, disebabkan perbenturan bintang-bintang di langit karena masing-masing mempunyai daya tarik tersendiri. Oleh karena itu, rusaklah peraturan alam semesta dan terjadilah gumpalan-gumpalan awan yang gelap gulita yang timbul di beberapa tempat di angkasa luar, dan langit itu akan patuh kepada apa-apa yang diperintahkan Allah. Ia pantas menjadi patuh karena dialah makhluk Tuhan yang senantiasa berada dalam kekuasaan-Nya.",
                        "2": "Dalam ayat-ayat ini, Allah menerangkan bahwa apabila langit terbelah karena telah rusak hubungan bagian-bagiannya dengan rusaknya peraturan alam semesta pada hari Kiamat nanti, disebabkan perbenturan bintang-bintang di langit karena masing-masing mempunyai daya tarik tersendiri. Oleh karena itu, rusaklah peraturan alam semesta dan terjadilah gumpalan-gumpalan awan yang gelap gulita yang timbul di beberapa tempat di angkasa luar, dan langit itu akan patuh kepada apa-apa yang diperintahkan Allah. Ia pantas menjadi patuh karena dialah makhluk Tuhan yang senantiasa berada dalam kekuasaan-Nya.",
                        "3": "Selanjutnya Allah menerangkan bahwa bila bumi dan gunung-gunung hancur berkeping-keping sehingga menjadi rata dan mengeluarkan apa yang ada di dalam \"perut\"-nya, maka hal itu adalah karena ketundukannya pada perintah Allah dan kepatuhan melakukan kehendak-Nya.\n\nDalam ayat-ayat lain, Allah berfirman:\n\nApabila bumi diguncangkan dengan guncangan yang dahsyat, dan bumi telah mengeluarkan beban-beban berat (yang dikandung)nya. (az-Zalzalah/99: 1-2)\n\nDan apabila kuburan-kuburan dibongkar. (al-Infithar/82: 4)\n\nMaka tidakkah dia mengetahui apabila apa yang di dalam kubur dikeluarkan. (al-'Adiyat/100: 9)\n\nUntuk tafsir pada kalimat \"langit terbelah\" di atas, dapat dilihat kembali pada telaah ilmiah Surah al-Insyiqaq/84:1-5, lihat pula telaah ilmiah Surah al-haqqah/69:16 dan Surah al-Infithar/82:1. Kemudian, kalimat yang mengikutinya: \"¦dan patuh kepada Tuhannya, dan sudah semestinya langit itu patuh\", mengandung pengertian bahwa kejadian itu berlangsung menurut sunatullah, yaitu menurut hukum-hukum Allah yang ada di alam semesta ini. Pengertian \"bumi diratakan, dan memuntahkan apa yang ada di dalamnya dan menjadi kosong\" adalah bahwa bumi benar-benar luluh lantak, baik terjadinya benturan dengan planet atau benda langit lainnya, karena hilang atau kacaunya gaya gravitasi. Luluh lantaknya bumi inilah yang juga menyebabkan seluruh isi bumi dimuntahkan dan menjadikan isi bumi kosong. Kemudian, kalimat yang mengikutinya: \"¦dan patuh kepada Tuhannya, dan sudah semestinya bumi itu patuh\", mengandung pengertian bahwa kejadian itu berlangsung menurut sunatullah, yaitu menurut hukum-hukum Allah yang ada di alam semesta ini.",
                        "4": "Selanjutnya Allah menerangkan bahwa bila bumi dan gunung-gunung hancur berkeping-keping sehingga menjadi rata dan mengeluarkan apa yang ada di dalam \"perut\"-nya, maka hal itu adalah karena ketundukannya pada perintah Allah dan kepatuhan melakukan kehendak-Nya.\n\nDalam ayat-ayat lain, Allah berfirman:\n\nApabila bumi diguncangkan dengan guncangan yang dahsyat, dan bumi telah mengeluarkan beban-beban berat (yang dikandung)nya. (az-Zalzalah/99: 1-2)\n\nDan apabila kuburan-kuburan dibongkar. (al-Infithar/82: 4)\n\nMaka tidakkah dia mengetahui apabila apa yang di dalam kubur dikeluarkan. (al-'Adiyat/100: 9)\n\nUntuk tafsir pada kalimat \"langit terbelah\" di atas, dapat dilihat kembali pada telaah ilmiah Surah al-Insyiqaq/84:1-5, lihat pula telaah ilmiah Surah al-haqqah/69:16 dan Surah al-Infithar/82:1. Kemudian, kalimat yang mengikutinya: \"¦dan patuh kepada Tuhannya, dan sudah semestinya langit itu patuh\", mengandung pengertian bahwa kejadian itu berlangsung menurut sunatullah, yaitu menurut hukum-hukum Allah yang ada di alam semesta ini. Pengertian \"bumi diratakan, dan memuntahkan apa yang ada di dalamnya dan menjadi kosong\" adalah bahwa bumi benar-benar luluh lantak, baik terjadinya benturan dengan planet atau benda langit lainnya, karena hilang atau kacaunya gaya gravitasi. Luluh lantaknya bumi inilah yang juga menyebabkan seluruh isi bumi dimuntahkan dan menjadikan isi bumi kosong. Kemudian, kalimat yang mengikutinya: \"¦dan patuh kepada Tuhannya, dan sudah semestinya bumi itu patuh\", mengandung pengertian bahwa kejadian itu berlangsung menurut sunatullah, yaitu menurut hukum-hukum Allah yang ada di alam semesta ini.",
                        "5": "Selanjutnya Allah menerangkan bahwa bila bumi dan gunung-gunung hancur berkeping-keping sehingga menjadi rata dan mengeluarkan apa yang ada di dalam \"perut\"-nya, maka hal itu adalah karena ketundukannya pada perintah Allah dan kepatuhan melakukan kehendak-Nya.\n\nDalam ayat-ayat lain, Allah berfirman:\n\nApabila bumi diguncangkan dengan guncangan yang dahsyat, dan bumi telah mengeluarkan beban-beban berat (yang dikandung)nya. (az-Zalzalah/99: 1-2)\n\nDan apabila kuburan-kuburan dibongkar. (al-Infithar/82: 4)\n\nMaka tidakkah dia mengetahui apabila apa yang di dalam kubur dikeluarkan. (al-'Adiyat/100: 9)\n\nUntuk tafsir pada kalimat \"langit terbelah\" di atas, dapat dilihat kembali pada telaah ilmiah Surah al-Insyiqaq/84:1-5, lihat pula telaah ilmiah Surah al-haqqah/69:16 dan Surah al-Infithar/82:1. Kemudian, kalimat yang mengikutinya: \"¦dan patuh kepada Tuhannya, dan sudah semestinya langit itu patuh\", mengandung pengertian bahwa kejadian itu berlangsung menurut sunatullah, yaitu menurut hukum-hukum Allah yang ada di alam semesta ini. Pengertian \"bumi diratakan, dan memuntahkan apa yang ada di dalamnya dan menjadi kosong\" adalah bahwa bumi benar-benar luluh lantak, baik terjadinya benturan dengan planet atau benda langit lainnya, karena hilang atau kacaunya gaya gravitasi. Luluh lantaknya bumi inilah yang juga menyebabkan seluruh isi bumi dimuntahkan dan menjadikan isi bumi kosong. Kemudian, kalimat yang mengikutinya: \"¦dan patuh kepada Tuhannya, dan sudah semestinya bumi itu patuh\", mengandung pengertian bahwa kejadian itu berlangsung menurut sunatullah, yaitu menurut hukum-hukum Allah yang ada di alam semesta ini.",
                        "6": "Dalam ayat ini, Allah mengungkapkan bahwa manusia dalam masa hidupnya bekerja dengan sungguh-sungguh untuk mencapai cita-citanya. Setiap langkah manusia sesungguhnya menuju kepada akhir hidupnya, yaitu mati. Hal ini berarti kembali kepada Allah. Oleh karena itu, manusia akan mengetahui tentang baik buruk pekerjaan yang telah mereka kerjakan.",
                        "7": "Dalam ayat-ayat ini diterangkan golongan yang menerima catatan dengan tangan kanannya yang berisi apa-apa yang telah dikerjakannya, maka ia akan dihisab dengan mudah dan ringan. Dipaparkanlah semua perbuatannya yang baik dan yang buruk, kemudian diberi ganjaran atas perbuatannya yang baik dan dimaafkanlah perbuatannya yang buruk.\n\nDalam sebuah hadis Nabi saw dijelaskan:\n\nDari 'Aisyah, ia berkata, \"Aku mendengar Rasulullah saw. berdoa dalam sebagian salat yang dilakukannya, \"Wahai Allah, hisablah aku dengan hisab yang mudah\". Ketika Rasul selesai salat, aku berkata: \"Wahai Nabi Allah, apakah hisab yang mudah itu? Rasulullah menjawab, \"Hisab yang mudah adalah ketika Allah memeriksa catatan amal seseorang, Dia memaafkan. Wahai 'Aisyah, orang yang diinterogasi pada perhitungan amalnya di hari itu (Hari Kiamat), maka ia celaka. Dan setiap musibah yang menimpa seorang mukmin, Allah akan mengampuni (dosanya) dengan musibah itu, walau hanya sekedar tertusuk duri.\" (Riwayat Ahmad)\n\nMaksud Rasulullah dengan perhitungan yang mudah ialah dimaafkan segala kesalahannya, sedangkan orang yang diperiksa catatannya dengan teliti adalah orang yang mendapat malapetaka. Barang siapa mendapat perhitungan yang mudah dan ringan, ia akan kembali kepada keluarganya yang mukmin dengan gembira sebagaimana firman Allah:\n\nAdapun orang yang kitabnya diberikan di tangan kanannya, maka dia berkata, \"Ambillah, bacalah kitabku (ini). Sesungguhnya aku yakin bahwa (suatu saat) aku akan menerima perhitungan terhadap diriku.\" Maka orang itu berada dalam kehidupan yang diridai. (al-haqqah/69: 19-21)",
                        "8": "Dalam ayat-ayat ini diterangkan golongan yang menerima catatan dengan tangan kanannya yang berisi apa-apa yang telah dikerjakannya, maka ia akan dihisab dengan mudah dan ringan. Dipaparkanlah semua perbuatannya yang baik dan yang buruk, kemudian diberi ganjaran atas perbuatannya yang baik dan dimaafkanlah perbuatannya yang buruk.\n\nDalam sebuah hadis Nabi saw dijelaskan:\n\nDari 'Aisyah, ia berkata, \"Aku mendengar Rasulullah saw. berdoa dalam sebagian salat yang dilakukannya, \"Wahai Allah, hisablah aku dengan hisab yang mudah\". Ketika Rasul selesai salat, aku berkata: \"Wahai Nabi Allah, apakah hisab yang mudah itu? Rasulullah menjawab, \"Hisab yang mudah adalah ketika Allah memeriksa catatan amal seseorang, Dia memaafkan. Wahai 'Aisyah, orang yang diinterogasi pada perhitungan amalnya di hari itu (Hari Kiamat), maka ia celaka. Dan setiap musibah yang menimpa seorang mukmin, Allah akan mengampuni (dosanya) dengan musibah itu, walau hanya sekedar tertusuk duri.\" (Riwayat Ahmad)\n\nMaksud Rasulullah dengan perhitungan yang mudah ialah dimaafkan segala kesalahannya, sedangkan orang yang diperiksa catatannya dengan teliti adalah orang yang mendapat malapetaka. Barang siapa mendapat perhitungan yang mudah dan ringan, ia akan kembali kepada keluarganya yang mukmin dengan gembira sebagaimana firman Allah:\n\nAdapun orang yang kitabnya diberikan di tangan kanannya, maka dia berkata, \"Ambillah, bacalah kitabku (ini). Sesungguhnya aku yakin bahwa (suatu saat) aku akan menerima perhitungan terhadap diriku.\" Maka orang itu berada dalam kehidupan yang diridai. (al-haqqah/69: 19-21)",
                        "9": "Dalam ayat-ayat ini diterangkan golongan yang menerima catatan dengan tangan kanannya yang berisi apa-apa yang telah dikerjakannya, maka ia akan dihisab dengan mudah dan ringan. Dipaparkanlah semua perbuatannya yang baik dan yang buruk, kemudian diberi ganjaran atas perbuatannya yang baik dan dimaafkanlah perbuatannya yang buruk.\n\nDalam sebuah hadis Nabi saw dijelaskan:\n\nDari 'Aisyah, ia berkata, \"Aku mendengar Rasulullah saw. berdoa dalam sebagian salat yang dilakukannya, \"Wahai Allah, hisablah aku dengan hisab yang mudah\". Ketika Rasul selesai salat, aku berkata: \"Wahai Nabi Allah, apakah hisab yang mudah itu? Rasulullah menjawab, \"Hisab yang mudah adalah ketika Allah memeriksa catatan amal seseorang, Dia memaafkan. Wahai 'Aisyah, orang yang diinterogasi pada perhitungan amalnya di hari itu (Hari Kiamat), maka ia celaka. Dan setiap musibah yang menimpa seorang mukmin, Allah akan mengampuni (dosanya) dengan musibah itu, walau hanya sekedar tertusuk duri.\" (Riwayat Ahmad)\n\nMaksud Rasulullah dengan perhitungan yang mudah ialah dimaafkan segala kesalahannya, sedangkan orang yang diperiksa catatannya dengan teliti adalah orang yang mendapat malapetaka. Barang siapa mendapat perhitungan yang mudah dan ringan, ia akan kembali kepada keluarganya yang mukmin dengan gembira sebagaimana firman Allah:\n\nAdapun orang yang kitabnya diberikan di tangan kanannya, maka dia berkata, \"Ambillah, bacalah kitabku (ini). Sesungguhnya aku yakin bahwa (suatu saat) aku akan menerima perhitungan terhadap diriku.\" Maka orang itu berada dalam kehidupan yang diridai. (al-haqqah/69: 19-21)",
                        "10": "Dalam ayat-ayat ini, Allah menerangkan bahwa golongan kedua adalah mereka yang banyak mengerjakan perbuatan maksiat, durhaka, dan tidak diridai Allah. Mereka akan menerima catatan perbuatan mereka dengan tangan kiri, dan dari belakang, kemudian mereka dimasukkan ke dalam neraka.\n\nDan adapun orang yang kitabnya diberikan di tangan kirinya, maka dia berkata, \"Alangkah baiknya jika kitabku (ini) tidak diberikan kepadaku. Sehingga aku tidak mengetahui bagaimana perhitunganku. Wahai, kiranya (kematian) itulah yang menyudahi segala sesuatu. Hartaku sama sekali tidak berguna bagiku. Kekuasaanku telah hilang dariku.\" (al-haqqah/69: 25-29)",
                        "11": "Dalam ayat-ayat ini, Allah menerangkan bahwa golongan kedua adalah mereka yang banyak mengerjakan perbuatan maksiat, durhaka, dan tidak diridai Allah. Mereka akan menerima catatan perbuatan mereka dengan tangan kiri, dan dari belakang, kemudian mereka dimasukkan ke dalam neraka.\n\nDan adapun orang yang kitabnya diberikan di tangan kirinya, maka dia berkata, \"Alangkah baiknya jika kitabku (ini) tidak diberikan kepadaku. Sehingga aku tidak mengetahui bagaimana perhitunganku. Wahai, kiranya (kematian) itulah yang menyudahi segala sesuatu. Hartaku sama sekali tidak berguna bagiku. Kekuasaanku telah hilang dariku.\" (al-haqqah/69: 25-29)",
                        "12": "Dalam ayat-ayat ini, Allah menerangkan bahwa golongan kedua adalah mereka yang banyak mengerjakan perbuatan maksiat, durhaka, dan tidak diridai Allah. Mereka akan menerima catatan perbuatan mereka dengan tangan kiri, dan dari belakang, kemudian mereka dimasukkan ke dalam neraka.\n\nDan adapun orang yang kitabnya diberikan di tangan kirinya, maka dia berkata, \"Alangkah baiknya jika kitabku (ini) tidak diberikan kepadaku. Sehingga aku tidak mengetahui bagaimana perhitunganku. Wahai, kiranya (kematian) itulah yang menyudahi segala sesuatu. Hartaku sama sekali tidak berguna bagiku. Kekuasaanku telah hilang dariku.\" (al-haqqah/69: 25-29)",
                        "13": "Dalam ayat-ayat ini, Allah menjelaskan bahwa ada dua hal yang menjadi sebab mengapa mereka menerima catatan amalnya dengan tangan kiri, yaitu: pertama, mereka berbuat sekehendak hatinya, mengerjakan kejahatan dan kemaksiatan dengan tidak memikirkan akibat buruk yang akan menimpa mereka di akhirat kelak.\n\nKedua, mereka menyangka bahwa mereka tidak akan kembali kepada Tuhannya dan tidak akan dibangkitkan kembali untuk dihisab dan menerima hasil perbuatan mereka di dunia.",
                        "14": "Dalam ayat-ayat ini, Allah menjelaskan bahwa ada dua hal yang menjadi sebab mengapa mereka menerima catatan amalnya dengan tangan kiri, yaitu: pertama, mereka berbuat sekehendak hatinya, mengerjakan kejahatan dan kemaksiatan dengan tidak memikirkan akibat buruk yang akan menimpa mereka di akhirat kelak.\n\nKedua, mereka menyangka bahwa mereka tidak akan kembali kepada Tuhannya dan tidak akan dibangkitkan kembali untuk dihisab dan menerima hasil perbuatan mereka di dunia.",
                        "15": "Dalam ayat ini, Allah menegaskan bahwa mereka sesungguhnya akan kembali kepada-Nya dan akan menerima hasil perbuatan mereka di dunia. Orang yang saleh dan patuh mengerjakan perintah-Nya akan dimasukkan ke dalam surga, sedang orang yang durhaka dan banyak berbuat maksiat akan dimasukkan ke dalam neraka.",
                        "16": "Dalam ayat-ayat ini, Allah bersumpah dengan cahaya merah pada waktu senja, dengan malam dan apa-apa yang diselubunginya dan dengan bulan apabila jadi purnama bahwa sesungguhnya manusia melalui tahap demi tahap dalam kehidupan, dari setetes air mani sampai dilahirkan.\n\nKemudian melalui masa kanak-kanak, remaja dan dewasa sampai tua. Kemudian dari hidup sampai mati, lalu dibangkitkan kembali, hidup kembali di surga atau neraka setelah melalui ujian dan perhitungan yang sangat teliti.",
                        "17": "Dalam ayat-ayat ini, Allah bersumpah dengan cahaya merah pada waktu senja, dengan malam dan apa-apa yang diselubunginya dan dengan bulan apabila jadi purnama bahwa sesungguhnya manusia melalui tahap demi tahap dalam kehidupan, dari setetes air mani sampai dilahirkan.\n\nKemudian melalui masa kanak-kanak, remaja dan dewasa sampai tua. Kemudian dari hidup sampai mati, lalu dibangkitkan kembali, hidup kembali di surga atau neraka setelah melalui ujian dan perhitungan yang sangat teliti.",
                        "18": "Dalam ayat-ayat ini, Allah bersumpah dengan cahaya merah pada waktu senja, dengan malam dan apa-apa yang diselubunginya dan dengan bulan apabila jadi purnama bahwa sesungguhnya manusia melalui tahap demi tahap dalam kehidupan, dari setetes air mani sampai dilahirkan.\n\nKemudian melalui masa kanak-kanak, remaja dan dewasa sampai tua. Kemudian dari hidup sampai mati, lalu dibangkitkan kembali, hidup kembali di surga atau neraka setelah melalui ujian dan perhitungan yang sangat teliti.",
                        "19": "Dalam ayat-ayat ini, Allah bersumpah dengan cahaya merah pada waktu senja, dengan malam dan apa-apa yang diselubunginya dan dengan bulan apabila jadi purnama bahwa sesungguhnya manusia melalui tahap demi tahap dalam kehidupan, dari setetes air mani sampai dilahirkan.\n\nKemudian melalui masa kanak-kanak, remaja dan dewasa sampai tua. Kemudian dari hidup sampai mati, lalu dibangkitkan kembali, hidup kembali di surga atau neraka setelah melalui ujian dan perhitungan yang sangat teliti.",
                        "20": "Dalam ayat ini, Allah mencela sikap dan perbuatan mereka, \"Mengapa mereka masih tidak mau beriman, sedangkan bukti telah nyata menunjukkan adanya hari kebangkitan itu?\" Firman Allah:\n\nOrang-orang yang kafir mengira, bahwa mereka tidak akan dibangkitkan. Katakanlah (Muhammad), \"Tidak demikian, demi Tuhanku, kamu pasti dibangkitkan, kemudian diberitakan semua yang telah kamu kerjakan.\" Dan yang demikian itu mudah bagi Allah. (at-Tagabun/64: 7)",
                        "21": "Dalam ayat ini, Allah menerangkan bahwa mereka tidak mau mengakui bahwa Al-Qur'an itu kalam Ilahi yang harus dimuliakan dan dipatuhi serta mengakui bahwa sesungguhnya Nabi Muhammad saw utusan Allah.",
                        "22": "Dalam ayat ini, Allah menerangkan bahwa mereka tidak mau mengakui bahwa Al-Qur'an itu kalam Ilahi yang harus dimuliakan dan dipatuhi serta mengakui bahwa sesungguhnya Nabi Muhammad saw utusan Allah.",
                        "23": "Dalam ayat-ayat berikut ini, Allah menerangkan sebab mereka tidak mau mengakuinya, yaitu:\n\n1.Mereka dengki kepada Nabi Muhammad atas kelebihan yang telah dikaruniakan Allah kepadanya.\n\n2.Mereka takut kehilangan pengaruh dan kedudukan sebagai pemimpin bangsanya.\n\n3.Mereka tidak mau mengganti kepercayaan yang telah dianut oleh nenek moyang mereka dengan kepercayaan yang lain. Allah mengetahui apa yang mereka sembunyikan dalam hati mereka. Oleh karena itu, Allah mengejek mereka dengan kata-kata, \"Berilah kabar gembira kepada mereka dengan azab yang pedih di hari Kiamat nanti.\"",
                        "24": "Dalam ayat-ayat berikut ini, Allah menerangkan sebab mereka tidak mau mengakuinya, yaitu:\n\n1.Mereka dengki kepada Nabi Muhammad atas kelebihan yang telah dikaruniakan Allah kepadanya.\n\n2.Mereka takut kehilangan pengaruh dan kedudukan sebagai pemimpin bangsanya.\n\n3.Mereka tidak mau mengganti kepercayaan yang telah dianut oleh nenek moyang mereka dengan kepercayaan yang lain. Allah mengetahui apa yang mereka sembunyikan dalam hati mereka. Oleh karena itu, Allah mengejek mereka dengan kata-kata, \"Berilah kabar gembira kepada mereka dengan azab yang pedih di hari Kiamat nanti.\"",
                        "25": "Dalam ayat ini, Allah menerangkan bahwa orang-orang yang beriman kepada Allah dan Rasul-Nya, percaya kepada Al-Qur'an, serta mengerjakan ajarannya dengan sebaik-baiknya, akan mendapat ganjaran dari Allah yang tidak ada putus-putusnya, abadi selama-lamanya."
                    }
                }
            }
        }
    }
}