{
    "85": {
        "number": "85",
        "name": "البروج",
        "name_latin": "Al-Buruj",
        "number_of_ayah": "22",
        "text": {
            "1": "وَالسَّمَاۤءِ ذَاتِ الْبُرُوْجِۙ ",
            "2": "وَالْيَوْمِ الْمَوْعُوْدِۙ ",
            "3": "وَشَاهِدٍ وَّمَشْهُوْدٍۗ ",
            "4": "قُتِلَ اَصْحٰبُ الْاُخْدُوْدِۙ ",
            "5": "النَّارِ ذَاتِ الْوَقُوْدِۙ ",
            "6": "اِذْ هُمْ عَلَيْهَا قُعُوْدٌۙ ",
            "7": "وَّهُمْ عَلٰى مَا يَفْعَلُوْنَ بِالْمُؤْمِنِيْنَ شُهُوْدٌ  ۗ ",
            "8": "وَمَا نَقَمُوْا مِنْهُمْ اِلَّآ اَنْ يُّؤْمِنُوْا بِاللّٰهِ الْعَزِيْزِ الْحَمِيْدِۙ ",
            "9": "الَّذِيْ لَهٗ مُلْكُ السَّمٰوٰتِ وَالْاَرْضِ ۗوَاللّٰهُ عَلٰى كُلِّ شَيْءٍ شَهِيْدٌ  ۗ ",
            "10": "اِنَّ الَّذِيْنَ فَتَنُوا الْمُؤْمِنِيْنَ وَالْمُؤْمِنٰتِ ثُمَّ لَمْ يَتُوْبُوْا فَلَهُمْ عَذَابُ جَهَنَّمَ وَلَهُمْ عَذَابُ الْحَرِيْقِۗ ",
            "11": "اِنَّ الَّذِيْنَ اٰمَنُوْا وَعَمِلُوا الصّٰلِحٰتِ لَهُمْ جَنّٰتٌ تَجْرِيْ مِنْ تَحْتِهَا الْاَنْهٰرُ ەۗ ذٰلِكَ الْفَوْزُ الْكَبِيْرُۗ",
            "12": "اِنَّ بَطْشَ رَبِّكَ لَشَدِيْدٌ ۗ ",
            "13": "اِنَّهٗ هُوَ يُبْدِئُ وَيُعِيْدُۚ ",
            "14": "وَهُوَ الْغَفُوْرُ الْوَدُوْدُۙ ",
            "15": "ذُو الْعَرْشِ الْمَجِيْدُۙ ",
            "16": "فَعَّالٌ لِّمَا يُرِيْدُۗ ",
            "17": "هَلْ اَتٰىكَ حَدِيْثُ الْجُنُوْدِۙ ",
            "18": "فِرْعَوْنَ وَثَمُوْدَۗ ",
            "19": "بَلِ الَّذِيْنَ كَفَرُوْا فِيْ تَكْذِيْبٍۙ ",
            "20": "وَّاللّٰهُ مِنْ وَّرَاۤىِٕهِمْ مُّحِيْطٌۚ ",
            "21": "بَلْ هُوَ قُرْاٰنٌ مَّجِيْدٌۙ ",
            "22": "فِيْ لَوْحٍ مَّحْفُوْظٍ ࣖ "
        },
        "translations": {
            "id": {
                "name": "Gugusan Bintang",
                "text": {
                    "1": "Demi langit yang mempunyai gugusan bintang,",
                    "2": "dan demi hari yang dijanjikan.",
                    "3": "Demi yang menyaksikan dan yang disaksikan.",
                    "4": "Binasalah orang-orang yang membuat parit (yaitu para pembesar Najran di Yaman),",
                    "5": "yang berapi (yang mempunyai) kayu bakar,",
                    "6": "ketika mereka duduk di sekitarnya, ",
                    "7": "sedang mereka menyaksikan apa yang mereka perbuat terhadap orang-orang mukmin.",
                    "8": "Dan mereka menyiksa orang-orang mukmin itu hanya karena (orang-orang mukmin itu) beriman kepada Allah Yang Mahaperkasa, Maha Terpuji,",
                    "9": "yang memiliki kerajaan langit dan bumi. Dan Allah Maha Menyaksikan segala sesuatu.",
                    "10": "Sungguh, orang-orang yang mendatangkan cobaan (bencana, membunuh, menyiksa) kepada orang-orang mukmin laki-laki dan perempuan lalu mereka tidak bertobat, maka mereka akan mendapat azab Jahanam dan mereka akan mendapat azab (neraka) yang membakar.",
                    "11": "Sungguh, orang-orang yang beriman dan mengerjakan kebajikan, mereka akan mendapat surga yang mengalir di bawahnya sungai-sungai, itulah kemenangan yang agung.",
                    "12": "Sungguh, azab Tuhanmu sangat keras.",
                    "13": "Sungguh, Dialah yang memulai pen-ciptaan (makhluk) dan yang menghidupkannya (kembali).",
                    "14": "Dan Dialah Yang Maha Pengampun, Maha Pengasih,",
                    "15": "yang memiliki ‘Arsy, lagi Mahamulia, ",
                    "16": "Mahakuasa berbuat apa yang Dia kehendaki. ",
                    "17": "Sudahkah sampai kepadamu berita tentang bala tentara (penentang),",
                    "18": "(yaitu) Fir‘aun dan Samud?",
                    "19": "Memang orang-orang kafir (selalu) mendustakan,",
                    "20": "padahal Allah mengepung dari belakang mereka (sehingga tidak dapat lolos).",
                    "21": "Bahkan (yang didustakan itu) ialah Al-Qur'an yang mulia,",
                    "22": "yang (tersimpan) dalam (tempat) yang terjaga (Lauh Mahfuzh)."
                }
            }
        },
        "tafsir": {
            "id": {
                "kemenag": {
                    "name": "Kemenag",
                    "source": "Aplikasi Quran Kementrian Agama Republik Indonesia",
                    "text": {
                        "1": "Dalam ayat ini, Allah bersumpah dengan langit yang mempunyai gugusan bintang-bintang yang luar biasa besarnya dan tak terhitung jumlah bintang di dalamnya. Sebagian sangat jauh jaraknya dari bumi sehingga cahayanya dalam perhitungan biasa baru sampai kepada kita setelah ribuan tahun lamanya, bahkan ada pula yang setelah miliaran tahun.\n\nAllah bersumpah dengan gugusan bintang karena mempunyai keajaiban yang luar biasa dan mengandung hikmah yang besar dan banyak serta sangat berguna bagi manusia dalam kehidupannya.\n\nBerbagai keajaiban dan hikmah itu menunjukkan kepada kita tentang kebesaran penciptanya yang Mahakuasa dan Mahatinggi ilmu-Nya serta Mahabijaksana.",
                        "2": "Dalam ayat kedua, Allah bersumpah dengan hari yang dijanjikan-Nya, yaitu hari Kiamat, serta hari kepastian dan pembalasan. Ketika itu, hanya kekuasaan dan hukum Allah-lah yang berlaku.",
                        "3": "Dalam ayat yang ketiga, Allah bersumpah dengan alam semesta ini yang dapat memalingkan perhatian. Ringkasnya, Allah bersumpah dengan alam semesta agar dapat memalingkan manusia memikirkan kebesaran dan keagungan-Nya, agar mereka dapat mengambil manfaat dari apa yang dapat mereka lihat itu dan agar mereka mencurahkan perhatiannya untuk dapat memperoleh hakikat dan rahasia alam yang masih tersembunyi.",
                        "4": "Dalam ayat-ayat ini diterangkan bahwa Allah telah membinasakan Najran, sebuah kota di Yaman, karena penduduknya telah menyiksa dan membunuh para pengikut Nabi Isa (orang-orang Nasrani) yang meninggalkan agama pembesar-pembesar negeri itu, yaitu agama Yahudi dan memeluk agama yang dibawa oleh Nabi Isa dengan memasukkan mereka ke dalam parit-parit yang telah mereka gali dan diberi api yang menyala-nyala. Orang-orang kafir negeri itu duduk di sekitar parit-parit itu menyaksikan siksaan yang tidak berperikemanusia-an itu.\n\nSiksaan itu sebenarnya tidak patut mereka lakukan sebab orang-orang itu tidak mempunyai kesalahan yang besar. Mereka menyiksa hanya karena orang-orang mukmin itu beriman kepada Allah Yang Mahaperkasa lagi Maha Terpuji, yang mempunyai kerajaan langit dan bumi serta berkuasa atas semua yang ada pada keduanya. Sungguh tidak ada jalan bagi orang yang zalim itu untuk lari dari kekuasaan-Nya.\n\nBagi orang-orang mukmin siksaan dan pembunuhan ini hanyalah merupakan cobaan dan ujian yang akan membawa mereka kepada kebahagiaan abadi apabila mereka tetap sabar dengan tetap beriman kepada Allah.",
                        "5": "Dalam ayat-ayat ini diterangkan bahwa Allah telah membinasakan Najran, sebuah kota di Yaman, karena penduduknya telah menyiksa dan membunuh para pengikut Nabi Isa (orang-orang Nasrani) yang meninggalkan agama pembesar-pembesar negeri itu, yaitu agama Yahudi dan memeluk agama yang dibawa oleh Nabi Isa dengan memasukkan mereka ke dalam parit-parit yang telah mereka gali dan diberi api yang menyala-nyala. Orang-orang kafir negeri itu duduk di sekitar parit-parit itu menyaksikan siksaan yang tidak berperikemanusia-an itu.\n\nSiksaan itu sebenarnya tidak patut mereka lakukan sebab orang-orang itu tidak mempunyai kesalahan yang besar. Mereka menyiksa hanya karena orang-orang mukmin itu beriman kepada Allah Yang Mahaperkasa lagi Maha Terpuji, yang mempunyai kerajaan langit dan bumi serta berkuasa atas semua yang ada pada keduanya. Sungguh tidak ada jalan bagi orang yang zalim itu untuk lari dari kekuasaan-Nya.\n\nBagi orang-orang mukmin siksaan dan pembunuhan ini hanyalah merupakan cobaan dan ujian yang akan membawa mereka kepada kebahagiaan abadi apabila mereka tetap sabar dengan tetap beriman kepada Allah.",
                        "6": "Dalam ayat-ayat ini diterangkan bahwa Allah telah membinasakan Najran, sebuah kota di Yaman, karena penduduknya telah menyiksa dan membunuh para pengikut Nabi Isa (orang-orang Nasrani) yang meninggalkan agama pembesar-pembesar negeri itu, yaitu agama Yahudi dan memeluk agama yang dibawa oleh Nabi Isa dengan memasukkan mereka ke dalam parit-parit yang telah mereka gali dan diberi api yang menyala-nyala. Orang-orang kafir negeri itu duduk di sekitar parit-parit itu menyaksikan siksaan yang tidak berperikemanusia-an itu.\n\nSiksaan itu sebenarnya tidak patut mereka lakukan sebab orang-orang itu tidak mempunyai kesalahan yang besar. Mereka menyiksa hanya karena orang-orang mukmin itu beriman kepada Allah Yang Mahaperkasa lagi Maha Terpuji, yang mempunyai kerajaan langit dan bumi serta berkuasa atas semua yang ada pada keduanya. Sungguh tidak ada jalan bagi orang yang zalim itu untuk lari dari kekuasaan-Nya.\n\nBagi orang-orang mukmin siksaan dan pembunuhan ini hanyalah merupakan cobaan dan ujian yang akan membawa mereka kepada kebahagiaan abadi apabila mereka tetap sabar dengan tetap beriman kepada Allah.",
                        "7": "Dalam ayat-ayat ini diterangkan bahwa Allah telah membinasakan Najran, sebuah kota di Yaman, karena penduduknya telah menyiksa dan membunuh para pengikut Nabi Isa (orang-orang Nasrani) yang meninggalkan agama pembesar-pembesar negeri itu, yaitu agama Yahudi dan memeluk agama yang dibawa oleh Nabi Isa dengan memasukkan mereka ke dalam parit-parit yang telah mereka gali dan diberi api yang menyala-nyala. Orang-orang kafir negeri itu duduk di sekitar parit-parit itu menyaksikan siksaan yang tidak berperikemanusia-an itu.\n\nSiksaan itu sebenarnya tidak patut mereka lakukan sebab orang-orang itu tidak mempunyai kesalahan yang besar. Mereka menyiksa hanya karena orang-orang mukmin itu beriman kepada Allah Yang Mahaperkasa lagi Maha Terpuji, yang mempunyai kerajaan langit dan bumi serta berkuasa atas semua yang ada pada keduanya. Sungguh tidak ada jalan bagi orang yang zalim itu untuk lari dari kekuasaan-Nya.\n\nBagi orang-orang mukmin siksaan dan pembunuhan ini hanyalah merupakan cobaan dan ujian yang akan membawa mereka kepada kebahagiaan abadi apabila mereka tetap sabar dengan tetap beriman kepada Allah.",
                        "8": "Dalam ayat-ayat ini diterangkan bahwa Allah telah membinasakan Najran, sebuah kota di Yaman, karena penduduknya telah menyiksa dan membunuh para pengikut Nabi Isa (orang-orang Nasrani) yang meninggalkan agama pembesar-pembesar negeri itu, yaitu agama Yahudi dan memeluk agama yang dibawa oleh Nabi Isa dengan memasukkan mereka ke dalam parit-parit yang telah mereka gali dan diberi api yang menyala-nyala. Orang-orang kafir negeri itu duduk di sekitar parit-parit itu menyaksikan siksaan yang tidak berperikemanusia-an itu.\n\nSiksaan itu sebenarnya tidak patut mereka lakukan sebab orang-orang itu tidak mempunyai kesalahan yang besar. Mereka menyiksa hanya karena orang-orang mukmin itu beriman kepada Allah Yang Mahaperkasa lagi Maha Terpuji, yang mempunyai kerajaan langit dan bumi serta berkuasa atas semua yang ada pada keduanya. Sungguh tidak ada jalan bagi orang yang zalim itu untuk lari dari kekuasaan-Nya.\n\nBagi orang-orang mukmin siksaan dan pembunuhan ini hanyalah merupakan cobaan dan ujian yang akan membawa mereka kepada kebahagiaan abadi apabila mereka tetap sabar dengan tetap beriman kepada Allah.",
                        "9": "Pada akhir ayat ini, Allah menerangkan bahwa Ia telah menyaksikan segala sesuatunya dan dengan demikian akan memberikan balasan yang setimpal atas kekejaman yang telah dilakukan oleh orang-orang kafir itu.",
                        "10": "Dalam ayat ini, Allah menerangkan bahwa bagi orang-orang kafir yang menganiaya dan menyiksa orang-orang mukmin dan mereka tidak mau meninggalkan agamanya, tetap dalam kekufuran, tidak bertobat sebelum mereka meninggal, telah disediakan api neraka untuk mengazab mereka di akhirat nanti.",
                        "11": "Dalam ayat ini, Allah menerangkan bahwa orang-orang yang beriman mengakui bahwa Tuhan Maha Esa. Oleh karena itu, mereka mengerjakan pekerjaan yang sesuai dengan perintah Allah dan menjauhkan diri dari semua larangan-Nya. Semua itu mereka lakukan untuk mengharapkan keridaan-Nya. Di akhirat Allah akan memberi mereka kebun-kebun yang mengalir di bawahnya anak sungai, sehingga mereka hidup bahagia abadi di dalam surga, sebagai ganjaran atas keimanan dan kepatuhan mereka.",
                        "12": "Dalam ayat ini dijelaskan bahwa siksa yang akan ditimpakan kepada orang-orang kafir yang menganiaya, menyiksa, dan membunuh orang-orang mukmin karena tidak mau meninggalkan agama mereka, sangatlah keras. Perlu diingat bahwa Allah-lah yang telah menciptakan mereka, dan Dia pula yang menghidupkan mereka kembali.\n\nMereka akhirnya akan kembali kepada Allah. Apabila Ia belum menyiksa mereka di dunia ini, bukanlah berarti mereka tidak akan mendapat siksaan sama sekali. Akan tetapi, siksaan itu diundurkan waktunya sampai mereka kembali kepada-Nya, yaitu pada hari Kiamat.",
                        "13": "Dalam ayat ini dijelaskan bahwa siksa yang akan ditimpakan kepada orang-orang kafir yang menganiaya, menyiksa, dan membunuh orang-orang mukmin karena tidak mau meninggalkan agama mereka, sangatlah keras. Perlu diingat bahwa Allah-lah yang telah menciptakan mereka, dan Dia pula yang menghidupkan mereka kembali.\n\nMereka akhirnya akan kembali kepada Allah. Apabila Ia belum menyiksa mereka di dunia ini, bukanlah berarti mereka tidak akan mendapat siksaan sama sekali. Akan tetapi, siksaan itu diundurkan waktunya sampai mereka kembali kepada-Nya, yaitu pada hari Kiamat.",
                        "14": "Dalam ayat ini diterangkan bahwa Allah Maha Pengampun bagi orang-orang yang kembali kepada-Nya dengan bertobat, Maha Pengasih bagi mereka yang sungguh-sungguh dan dengan ikhlas mencintai-Nya. Allah juga mempunyai kekuasaan yang mesti berlaku, perintah-Nya tidak dapat dibantah, dan Ia berbuat apa yang Ia kehendaki. Apabila Allah menghendaki kebinasaan bagi mereka yang ingkar dan durhaka, tidak ada suatu kekuasaan pun yang dapat menghalangi-Nya.",
                        "15": "Dalam ayat ini diterangkan bahwa Allah Maha Pengampun bagi orang-orang yang kembali kepada-Nya dengan bertobat, Maha Pengasih bagi mereka yang sungguh-sungguh dan dengan ikhlas mencintai-Nya. Allah juga mempunyai kekuasaan yang mesti berlaku, perintah-Nya tidak dapat dibantah, dan Ia berbuat apa yang Ia kehendaki. Apabila Allah menghendaki kebinasaan bagi mereka yang ingkar dan durhaka, tidak ada suatu kekuasaan pun yang dapat menghalangi-Nya.",
                        "16": "Dalam ayat ini diterangkan bahwa Allah Maha Pengampun bagi orang-orang yang kembali kepada-Nya dengan bertobat, Maha Pengasih bagi mereka yang sungguh-sungguh dan dengan ikhlas mencintai-Nya. Allah juga mempunyai kekuasaan yang mesti berlaku, perintah-Nya tidak dapat dibantah, dan Ia berbuat apa yang Ia kehendaki. Apabila Allah menghendaki kebinasaan bagi mereka yang ingkar dan durhaka, tidak ada suatu kekuasaan pun yang dapat menghalangi-Nya.",
                        "17": "Dalam ayat-ayat ini, Allah menerangkan dalam bentuk pertanyaan kepada Nabi Muhammad bahwa apakah telah sampai kepadanya tentang kisah Fir'aun dan kaumnya yang telah mendustakan kenabian Nabi Musa, kisah tentang kesombongan Fir'aun, dan kekufuran kaumnya, serta akibat dari perbuatan mereka, yaitu ditenggelamkan ke dalam laut.\n\nDemikian pula dengan kaum Samud yang telah mendustakan Nabi Saleh sebagai utusan Allah. Mereka telah menyembelih unta yang menjadi tanda kenabiannya. Sebagai akibatnya, Allah menurunkan siksaan-Nya kepada mereka dengan menghancurkan negeri mereka serta memusnahkan semua yang ada.\n\nRingkasnya, orang-orang kafir itu sejak dahulu tidak berubah. Mereka selalu mengingkari kebenaran agama yang dibawa oleh para nabi utusan Allah. Mereka tentu akan menerima balasannya sebagaimana kaum-kaum sebelum mereka, bila mereka tidak bertobat dan kembali kepada jalan yang diridai Allah.",
                        "18": "Dalam ayat-ayat ini, Allah menerangkan dalam bentuk pertanyaan kepada Nabi Muhammad bahwa apakah telah sampai kepadanya tentang kisah Fir'aun dan kaumnya yang telah mendustakan kenabian Nabi Musa, kisah tentang kesombongan Fir'aun, dan kekufuran kaumnya, serta akibat dari perbuatan mereka, yaitu ditenggelamkan ke dalam laut.\n\nDemikian pula dengan kaum Samud yang telah mendustakan Nabi Saleh sebagai utusan Allah. Mereka telah menyembelih unta yang menjadi tanda kenabiannya. Sebagai akibatnya, Allah menurunkan siksaan-Nya kepada mereka dengan menghancurkan negeri mereka serta memusnahkan semua yang ada.\n\nRingkasnya, orang-orang kafir itu sejak dahulu tidak berubah. Mereka selalu mengingkari kebenaran agama yang dibawa oleh para nabi utusan Allah. Mereka tentu akan menerima balasannya sebagaimana kaum-kaum sebelum mereka, bila mereka tidak bertobat dan kembali kepada jalan yang diridai Allah.",
                        "19": "Dalam ayat-ayat ini, Allah menerangkan dalam bentuk pertanyaan kepada Nabi Muhammad bahwa apakah telah sampai kepadanya tentang kisah Fir'aun dan kaumnya yang telah mendustakan kenabian Nabi Musa, kisah tentang kesombongan Fir'aun, dan kekufuran kaumnya, serta akibat dari perbuatan mereka, yaitu ditenggelamkan ke dalam laut.\n\nDemikian pula dengan kaum Samud yang telah mendustakan Nabi Saleh sebagai utusan Allah. Mereka telah menyembelih unta yang menjadi tanda kenabiannya. Sebagai akibatnya, Allah menurunkan siksaan-Nya kepada mereka dengan menghancurkan negeri mereka serta memusnahkan semua yang ada.\n\nRingkasnya, orang-orang kafir itu sejak dahulu tidak berubah. Mereka selalu mengingkari kebenaran agama yang dibawa oleh para nabi utusan Allah. Mereka tentu akan menerima balasannya sebagaimana kaum-kaum sebelum mereka, bila mereka tidak bertobat dan kembali kepada jalan yang diridai Allah.",
                        "20": "Dalam ayat ini, Allah menjelaskan bahwa mereka tidak akan lepas dari kekuasaan-Nya, dan tidak akan dapat lari dari jangkauan-Nya.",
                        "21": "Dalam ayat ini, Allah menerangkan bahwa Al-Qur'an itu adalah kitab Allah yang mulia, tersimpan dalam Lauh Mahfudh. Tidak ada yang dapat menandingi isi dan susunan kata-katanya, terpelihara dari pemalsuan dan perubahan. Ini sebagai jawaban kepada orang-orang kafir yang mendustakan Al-Qur'an dengan mengatakan bahwa ia adalah cerita-cerita orang dahulu kala.",
                        "22": "Dalam ayat ini, Allah menerangkan bahwa Al-Qur'an itu adalah kitab Allah yang mulia, tersimpan dalam Lauh Mahfudh. Tidak ada yang dapat menandingi isi dan susunan kata-katanya, terpelihara dari pemalsuan dan perubahan. Ini sebagai jawaban kepada orang-orang kafir yang mendustakan Al-Qur'an dengan mengatakan bahwa ia adalah cerita-cerita orang dahulu kala."
                    }
                }
            }
        }
    }
}