{
    "86": {
        "number": "86",
        "name": "الطارق",
        "name_latin": "At-Tariq",
        "number_of_ayah": "17",
        "text": {
            "1": "وَالسَّمَاۤءِ وَالطَّارِقِۙ ",
            "2": "وَمَآ اَدْرٰىكَ مَا الطَّارِقُۙ ",
            "3": "النَّجْمُ الثَّاقِبُۙ ",
            "4": "اِنْ كُلُّ نَفْسٍ لَّمَّا عَلَيْهَا حَافِظٌۗ ",
            "5": "فَلْيَنْظُرِ الْاِنْسَانُ مِمَّ خُلِقَ ",
            "6": "خُلِقَ مِنْ مَّاۤءٍ دَافِقٍۙ ",
            "7": "يَّخْرُجُ مِنْۢ بَيْنِ الصُّلْبِ وَالتَّرَاۤىِٕبِۗ ",
            "8": "اِنَّهٗ عَلٰى رَجْعِهٖ لَقَادِرٌۗ ",
            "9": "يَوْمَ تُبْلَى السَّرَاۤىِٕرُۙ ",
            "10": "فَمَا لَهٗ مِنْ قُوَّةٍ وَّلَا نَاصِرٍۗ ",
            "11": "وَالسَّمَاۤءِ ذَاتِ الرَّجْعِۙ ",
            "12": "وَالْاَرْضِ ذَاتِ الصَّدْعِۙ ",
            "13": "اِنَّهٗ لَقَوْلٌ فَصْلٌۙ ",
            "14": "وَّمَا هُوَ بِالْهَزْلِۗ ",
            "15": "اِنَّهُمْ يَكِيْدُوْنَ كَيْدًاۙ ",
            "16": "وَّاَكِيْدُ كَيْدًاۖ ",
            "17": "فَمَهِّلِ الْكٰفِرِيْنَ اَمْهِلْهُمْ رُوَيْدًا ࣖ "
        },
        "translations": {
            "id": {
                "name": "Yang Datang Di Malam Hari",
                "text": {
                    "1": "Demi langit dan yang datang pada malam hari.",
                    "2": "Dan tahukah kamu apakah yang datang pada malam hari itu?",
                    "3": "(yaitu) bintang yang bersinar tajam,",
                    "4": "setiap orang pasti ada penjaganya.",
                    "5": "Maka hendaklah manusia memperhatikan dari apa dia diciptakan.",
                    "6": "Dia diciptakan dari air (mani) yang terpancar,",
                    "7": "yang keluar dari antara tulang punggung (sulbi) dan tulang dada.",
                    "8": "Sungguh, Allah benar-benar kuasa untuk mengembalikannya (hidup setelah mati).",
                    "9": "Pada hari ditampakkan segala rahasia,",
                    "10": "maka manusia tidak lagi mempunyai suatu kekuatan dan tidak (pula) ada penolong.",
                    "11": "Demi langit yang mengandung hujan,",
                    "12": "dan bumi yang mempunyai tumbuh-tumbuhan,",
                    "13": "sungguh, (Al-Qur'an) itu benar-benar firman pemisah (antara yang hak dan yang batil),",
                    "14": "dan (Al-Qur'an) itu bukanlah sendagurauan.",
                    "15": "Sungguh, mereka (orang kafir) merencanakan tipu daya yang jahat.",
                    "16": "Dan Aku pun membuat rencana (tipu daya) yang jitu.",
                    "17": "Karena itu berilah penangguhan kepada orang-orang kafir itu. Berilah mereka itu kesempatan untuk sementara waktu."
                }
            }
        },
        "tafsir": {
            "id": {
                "kemenag": {
                    "name": "Kemenag",
                    "source": "Aplikasi Quran Kementrian Agama Republik Indonesia",
                    "text": {
                        "1": "Dalam ayat-ayat ini dan pada beberapa ayat lain, Allah bersumpah dengan langit, matahari, bulan, dan malam karena terdapat padanya hal-hal, bentuk-bentuk, perjalanan-perjalanan, terbit dan tenggelamnya; maka keadaan yang ajaib dan luar biasa ini adalah bukti bagi orang yang berpikir dan memperhatikan bahwa ada penciptanya Yang Mahakuasa, tidak ada sekutu dalam penciptaannya.\n\nDalam ayat-ayat ini, Allah bersumpah dengan langit dan bintang yang terbit pada malam hari. Sinarnya memecahkan kegelapan, dan menjadi petunjuk jalan kepada manusia pada waktu gelap di bumi dan di laut. Dari bintang itu, manusia dapat mengetahui musim hujan dan hal-hal lain yang diperlukannya dalam kehidupan. Ada beberapa arti yang dikemukakan oleh para mufasir mengenai bintang tersebut. Pendapat yang terbaik adalah yang mengartikannya sebagai bintang yang bercahaya.",
                        "2": "Dalam ayat-ayat ini dan pada beberapa ayat lain, Allah bersumpah dengan langit, matahari, bulan, dan malam karena terdapat padanya hal-hal, bentuk-bentuk, perjalanan-perjalanan, terbit dan tenggelamnya; maka keadaan yang ajaib dan luar biasa ini adalah bukti bagi orang yang berpikir dan memperhatikan bahwa ada penciptanya Yang Mahakuasa, tidak ada sekutu dalam penciptaannya.\n\nDalam ayat-ayat ini, Allah bersumpah dengan langit dan bintang yang terbit pada malam hari. Sinarnya memecahkan kegelapan, dan menjadi petunjuk jalan kepada manusia pada waktu gelap di bumi dan di laut. Dari bintang itu, manusia dapat mengetahui musim hujan dan hal-hal lain yang diperlukannya dalam kehidupan. Ada beberapa arti yang dikemukakan oleh para mufasir mengenai bintang tersebut. Pendapat yang terbaik adalah yang mengartikannya sebagai bintang yang bercahaya.",
                        "3": "Dalam ayat-ayat ini dan pada beberapa ayat lain, Allah bersumpah dengan langit, matahari, bulan, dan malam karena terdapat padanya hal-hal, bentuk-bentuk, perjalanan-perjalanan, terbit dan tenggelamnya; maka keadaan yang ajaib dan luar biasa ini adalah bukti bagi orang yang berpikir dan memperhatikan bahwa ada penciptanya Yang Mahakuasa, tidak ada sekutu dalam penciptaannya.\n\nDalam ayat-ayat ini, Allah bersumpah dengan langit dan bintang yang terbit pada malam hari. Sinarnya memecahkan kegelapan, dan menjadi petunjuk jalan kepada manusia pada waktu gelap di bumi dan di laut. Dari bintang itu, manusia dapat mengetahui musim hujan dan hal-hal lain yang diperlukannya dalam kehidupan. Ada beberapa arti yang dikemukakan oleh para mufasir mengenai bintang tersebut. Pendapat yang terbaik adalah yang mengartikannya sebagai bintang yang bercahaya.",
                        "4": "Dalam ayat ini, Allah menerangkan bahwa setiap orang ada penjaga dan pengatur keperluannya dalam seluruh perjalanan hidupnya hingga ajalnya tiba. Mengenai penjaga manusia ini, terdapat dua pengertian, yaitu:\n\n1.Penjaga dari malaikat yang memperhatikan dan menghitung perbuatan manusia, sebagaimana firman Allah:\n\nTidak ada suatu kata yang diucapkannya melainkan ada di sisinya malaikat pengawas yang selalu siap (mencatat). (Qaf/50: 18)\n\n1.Penjaga dari malaikat yang selalu mendampingi setiap saat dan memelihara kehidupan sehari-hari, sebagaimana firman Allah:\n\nBaginya (manusia) ada malaikat-malaikat yang selalu menjaganya bergiliran, dari depan dan belakangnya. Mereka menjaganya atas perintah Allah. (ar-Ra'd/13: 11)\n\nKata thariq, nama surah ke-86 ini, berasal dari akar kata tharaqa yang makna dasarnya adalah memukul dengan cukup keras untuk menimbulkan suara. Dengan mempertimbangkan akar kata yang dapat diartikan sebagai 'berdenyut/berdetak, 'memukul keras. Adapun tsaqib yang berasal dari kata tsaqaba memiliki arti melubangi atau menembus sesuatu yang padat. Al-Qur'an tampaknya mengarahkan kita pada sebuah kenyataan ilmiah penting, yakni menuju ke arah apa yang pada saat ini dikenal dengan bintang pulsar, yang diambil dari kata kerja bahasa Inggris to pulse, yang berarti bergetar, berdenyut dengan irama teratur. Dengan demikian, surah di atas berbunyi atau berarti sebuah bintang yang mengetuk di malam hari dan membuat lubang.\n\nMelalui penelitian oleh Jocelyn Bell Burnell, mahasiswa doktoral bersama pembimbingnya Antony Hewish di Universitas Cambridge pada tahun 1967, ditemukan adanya sinyal radio yang terpancar secara teratur dari luar angkasa. Namun demikian, pada saat itu belum diketahui benda langit mana yang menjadi sumber getaran tersebut. Jocelyn Bell (ketika itu belum menyandang nama Burnell, suaminya) menandai rekaman yang diperolehnya dengan LGM, kependekan dari Little Green Men, sebab sinyal tersebut seperti sebuah pesan datang dari sebuah pemancar yang disampaikan oleh makhluk cerdas (intellegent life). Tidak lama kemudian, pulsar ini diinterpretasikan berasal dari bintang neutron yang berotasi dan terisolasi. Massa bintang yang sedang menuju 'kematiannya ini sangat padat dimana digambarkan materi pulsar seukuran satu sendok teh memiliki berat 1 miliar ton, dan memiliki gravitasi yang demikian besar. Bintang-bintang ini, yang berubah menjadi pulsar melalui ledakan supernova, termasuk benda-benda langit yang paling terang dan bergerak paling cepat di ruang angkasa. Sejumlah pulsar berputar 600 kali per detik. Bila bintang ini terus menuju keruntuhannya, maka lahirlah apa yang dikenal sebagai black hole (lubang hitam).\n\nApabila teleskop radio ini dihubungkan dengan 'loud speaker maka akan terdengar seperti suara orang mengetuk pintu (ath-thariq), yang berasal dari bintang sedang membuat lubang, untuk kemudian menjadi lubang hitam.\n\nAkhirnya Allah mengingatkan bahwa setiap jiwa ada penjaganya. Bahwa apa yang difirmankan Allah sebelumnya, tentang bintang-bintang, adalah haqq, maka firman Allah bahwa setiap jiwa ada penjaganya adalah haqq. Ayat ini merupakan peringatan bagi manusia untuk selalu sadar bahwa Allah senantiasa mengamati.",
                        "5": "Pada ayat ini, Allah mengingatkan manusia agar memperhatikan dari apakah ia diciptakan. Hal ini berarti bahwa Allah memerintahkan manusia untuk berpikir dan memperhatikan dengan sungguh-sungguh dari apa ia dijadikan. Dengan demikian, ia dapat mengetahui kekuasaan penciptanya dan mengetahui pula bahwa bila penciptanya dapat menciptakannya dari bahan yang tidak memiliki tanda-tanda kehidupan sedikit pun, maka tentulah Ia akan lebih mudah menghidupkannya kembali.",
                        "6": "Dalam ayat-ayat ini, Allah menerangkan bahwa manusia dijadikan-Nya dari air yang terpancar, yang keluar dari antara tulang punggung (as-sulb) dan tulang dada laki-laki. Pernyataan Allah ini adalah sebagai jawaban atas pertanyaan pada ayat terdahulu.",
                        "7": "Dalam ayat-ayat ini, Allah menerangkan bahwa manusia dijadikan-Nya dari air yang terpancar, yang keluar dari antara tulang punggung (as-sulb) dan tulang dada laki-laki. Pernyataan Allah ini adalah sebagai jawaban atas pertanyaan pada ayat terdahulu.",
                        "8": "Dalam ayat ini, Allah menerangkan bahwa Ia benar-benar berkuasa untuk mengembalikan manusia hidup sesudah mati. Allah berfirman:\n\nKatakanlah (Muhammad), \"Yang akan menghidupkannya ialah (Allah) yang menciptakannya pertama kali. Dan Dia Maha Mengetahui tentang segala makhluk. (Yasin/36: 79)\n\nDan Dialah yang memulai penciptaan, kemudian mengulanginya kembali, dan itu lebih mudah bagi-Nya. Dia memiliki sifat yang Mahatinggi di langit dan di bumi. Dan Dialah Yang Mahaperkasa, Mahabijaksana. (ar-Rum/30: 27)",
                        "9": "Dalam ayat-ayat ini diterangkan bahwa Allah akan membangkitkan manusia kembali pada hari yang ditampakkan segala rahasia, yaitu hari Kiamat. Ketika itu, tidak seorang pun dapat luput dari apa yang sudah ditentukan sebagai balasan atas perbuatannya, yaitu surga bagi yang beramal saleh dan neraka bagi yang durhaka dan melanggar perintah Allah.\n\nKetika di akhirat, semua manusia akan memperoleh balasan sesuai dengan perbuatan masing-masing. Jadi, setiap orang akan memperoleh sebagaimana amal yang telah dilakukan di dunia. Tidak ada satu kekuatan pun yang dapat mengubahnya dan tidak ada penolong yang dapat membantunya kecuali kekuasaan Allah semata, sebagaimana firman-Nya:\n\nDan tidak ada (lagi) baginya segolongan pun yang dapat menolongnya selain Allah; dan dia pun tidak akan dapat membela dirinya. (al-Kahf/18: 43)",
                        "10": "Dalam ayat-ayat ini diterangkan bahwa Allah akan membangkitkan manusia kembali pada hari yang ditampakkan segala rahasia, yaitu hari Kiamat. Ketika itu, tidak seorang pun dapat luput dari apa yang sudah ditentukan sebagai balasan atas perbuatannya, yaitu surga bagi yang beramal saleh dan neraka bagi yang durhaka dan melanggar perintah Allah.\n\nKetika di akhirat, semua manusia akan memperoleh balasan sesuai dengan perbuatan masing-masing. Jadi, setiap orang akan memperoleh sebagaimana amal yang telah dilakukan di dunia. Tidak ada satu kekuatan pun yang dapat mengubahnya dan tidak ada penolong yang dapat membantunya kecuali kekuasaan Allah semata, sebagaimana firman-Nya:\n\nDan tidak ada (lagi) baginya segolongan pun yang dapat menolongnya selain Allah; dan dia pun tidak akan dapat membela dirinya. (al-Kahf/18: 43)",
                        "11": "Dalam ayat ini, Allah bersumpah dengan langit yang mengandung hujan yang sangat diharapkan manusia, karena hujanlah yang menjadikan tanah tandus menjadi subur, yang membuat makhluk yang berada di bumi hidup dan yang menjadikan udara panas menjadi sejuk.",
                        "12": "Allah bersumpah dengan bumi yang mempunyai tumbuh-tumbuhan dan buah-buahan yang sangat diperlukan untuk kehidupan manusia dan binatang ternak mereka.",
                        "13": "Allah menegaskan bahwa sumpah-Nya dengan langit dan bumi itu menyatakan bahwa sesungguhnya Al-Qur'an yang dibawa oleh Nabi Muhammad benar-benar firman Allah yang memisahkan antara yang hak dan yang batil, dan sama sekali bukanlah senda gurau. Dengan demikian, sudah seharusnya Al-Qur'an menjadi petunjuk bagi seluruh manusia. Allah menjelaskan di dalam Al-Qur'an tentang yang hak dan batil karena keterbatasan kemampuan akal manusia untuk mengetahuinya.",
                        "14": "Allah menegaskan bahwa sumpah-Nya dengan langit dan bumi itu menyatakan bahwa sesungguhnya Al-Qur'an yang dibawa oleh Nabi Muhammad benar-benar firman Allah yang memisahkan antara yang hak dan yang batil, dan sama sekali bukanlah senda gurau. Dengan demikian, sudah seharusnya Al-Qur'an menjadi petunjuk bagi seluruh manusia. Allah menjelaskan di dalam Al-Qur'an tentang yang hak dan batil karena keterbatasan kemampuan akal manusia untuk mengetahuinya.",
                        "15": "Allah menerangkan bahwa orang kafir merencanakan tipu daya yang jahat dengan mengatakan tidak ada hari kebangkitan, sebagaimana diterangkan Allah dalam ayat-ayat berikut ini tentang apa-apa yang telah mereka katakan:\n\nDan tentu mereka akan mengatakan (pula), \"Hidup hanyalah di dunia ini, dan kita tidak akan dibangkitkan.\" (al-An'am/6: 29)\n\nDan dia membuat perumpamaan bagi Kami dan melupakan asal kejadiannya; dia berkata, \"Siapakah yang dapat menghidupkan tulang-belulang, yang telah hancur luluh?\" (Yasin/36: 78)\n\nTipu daya itu adakalanya berupa fitnah yang menyatakan bahwa Nabi Muhammad tukang sihir, penyair, atau gila. Pada puncaknya, mereka merencanakan untuk membunuh Nabi Muhammad, sebagaimana firman Allah:\n\nDan (ingatlah), ketika orang-orang kafir (Quraisy) memikirkan tipu daya terhadapmu (Muhammad) untuk menangkap dan memenjarakanmu atau membunuhmu, atau mengusirmu. Mereka membuat tipu daya dan Allah menggagalkan tipu daya itu. Allah adalah sebaik-baik pembalas tipu daya. (al-Anfal/8: 30)",
                        "16": "Ayat ini menerangkan bahwa Allah menghadapi rencana jahat mereka itu dengan menolong Rasul-Nya dan mengangkat agama-Nya.",
                        "17": "Allah menyuruh Nabi Muhammad agar meneruskan dakwahnya dan tidak mengharapkan agar orang kafir cepat-cepat mendapat siksa. Allah menangguhkan siksa-Nya agar dosa mereka bertambah banyak, sehingga bila Allah menurunkan azab-Nya nanti, tidak akan ada seorang pun lagi yang menaruh kasihan kepada mereka. Allah berfirman:\n\nKami biarkan mereka bersenang-senang sebentar, kemudian Kami paksa mereka (masuk) ke dalam azab yang keras. (Luqman/31: 24)"
                    }
                }
            }
        }
    }
}