{
    "88": {
        "number": "88",
        "name": "الغاشية",
        "name_latin": "Al-Gasyiyah",
        "number_of_ayah": "26",
        "text": {
            "1": "هَلْ اَتٰىكَ حَدِيْثُ الْغَاشِيَةِۗ",
            "2": "وُجُوْهٌ يَّوْمَىِٕذٍ خَاشِعَةٌ  ۙ",
            "3": "عَامِلَةٌ نَّاصِبَةٌ  ۙ",
            "4": "تَصْلٰى نَارًا حَامِيَةً  ۙ",
            "5": "تُسْقٰى مِنْ عَيْنٍ اٰنِيَةٍ ۗ",
            "6": "لَيْسَ لَهُمْ طَعَامٌ اِلَّا مِنْ ضَرِيْعٍۙ",
            "7": "لَّا يُسْمِنُ وَلَا يُغْنِيْ مِنْ جُوْعٍۗ",
            "8": "وُجُوْهٌ يَّوْمَىِٕذٍ نَّاعِمَةٌ  ۙ",
            "9": "لِّسَعْيِهَا رَاضِيَةٌ  ۙ ",
            "10": "فِيْ جَنَّةٍ عَالِيَةٍۙ",
            "11": "لَّا تَسْمَعُ فِيْهَا لَاغِيَةً ۗ",
            "12": "فِيْهَا عَيْنٌ جَارِيَةٌ  ۘ",
            "13": "فِيْهَا سُرُرٌ مَّرْفُوْعَةٌ  ۙ",
            "14": "وَّاَكْوَابٌ مَّوْضُوْعَةٌ  ۙ",
            "15": "وَّنَمَارِقُ مَصْفُوْفَةٌ  ۙ ",
            "16": "وَّزَرَابِيُّ مَبْثُوْثَةٌ  ۗ",
            "17": "اَفَلَا يَنْظُرُوْنَ اِلَى الْاِبِلِ كَيْفَ خُلِقَتْۗ",
            "18": "وَاِلَى السَّمَاۤءِ كَيْفَ رُفِعَتْۗ",
            "19": "وَاِلَى الْجِبَالِ كَيْفَ نُصِبَتْۗ",
            "20": "وَاِلَى الْاَرْضِ كَيْفَ سُطِحَتْۗ ",
            "21": "فَذَكِّرْۗ اِنَّمَآ اَنْتَ مُذَكِّرٌۙ",
            "22": "لَّسْتَ عَلَيْهِمْ بِمُصَيْطِرٍۙ",
            "23": "اِلَّا مَنْ تَوَلّٰى وَكَفَرَۙ",
            "24": "فَيُعَذِّبُهُ اللّٰهُ الْعَذَابَ الْاَكْبَرَۗ",
            "25": "اِنَّ اِلَيْنَآ اِيَابَهُمْ",
            "26": "ثُمَّ اِنَّ عَلَيْنَا حِسَابَهُمْ ࣖ"
        },
        "translations": {
            "id": {
                "name": "Hari Kiamat",
                "text": {
                    "1": "Sudahkah sampai kepadamu berita tentang (hari Kiamat)?",
                    "2": "Pada hari itu banyak wajah yang tertunduk terhina,",
                    "3": "(karena) bekerja keras lagi kepayahan,",
                    "4": "mereka memasuki api yang sangat panas (neraka),",
                    "5": "diberi minum dari sumber mata air yang sangat panas.",
                    "6": "Tidak ada makanan bagi mereka selain dari pohon yang berduri,",
                    "7": "yang tidak menggemukkan dan tidak menghilangkan lapar.",
                    "8": "Pada hari itu banyak (pula) wajah yang berseri-seri,",
                    "9": "merasa senang karena usahanya (sendiri),",
                    "10": "(mereka) dalam surga yang tinggi, ",
                    "11": "di sana (kamu) tidak mendengar perkataan yang tidak berguna.",
                    "12": "Di sana ada mata air yang mengalir.",
                    "13": "Di sana ada dipan-dipan yang ditinggikan,",
                    "14": "dan gelas-gelas yang tersedia (di dekatnya),",
                    "15": "dan bantal-bantal sandaran yang tersusun,",
                    "16": "dan permadani-permadani yang terhampar.",
                    "17": "Maka tidakkah mereka memperhatikan unta, bagaimana diciptakan?",
                    "18": "dan langit, bagaimana ditinggikan?",
                    "19": "Dan gunung-gunung bagaimana ditegakkan?",
                    "20": "Dan bumi bagaimana dihamparkan?",
                    "21": "Maka berilah peringatan, karena sesungguhnya engkau (Muhammad) hanyalah pemberi peringatan.",
                    "22": "Engkau bukanlah orang yang berkuasa atas mereka,",
                    "23": "kecuali (jika ada) orang yang berpaling dan kafir,",
                    "24": "maka Allah akan mengazabnya dengan azab yang besar.",
                    "25": "Sungguh, kepada Kamilah mereka kembali,",
                    "26": "kemudian sesungguhnya (kewajiban) Kamilah membuat perhitungan atas mereka."
                }
            }
        },
        "tafsir": {
            "id": {
                "kemenag": {
                    "name": "Kemenag",
                    "source": "Aplikasi Quran Kementrian Agama Republik Indonesia",
                    "text": {
                        "1": "Allah menyindir penduduk neraka dengan mengatakan, \"Sudahkah sampai kepada kamu berita tentang hari Kiamat.\"",
                        "2": "Kemudian Allah menjelaskan bahwa manusia ketika itu terbagi dua, yaitu golongan orang kafir dan golongan orang mukmin.\n\nGolongan orang kafir ketika melihat kedahsyatan yang terjadi ketika itu, menjadi tertunduk dan merasa terhina. Allah berfirman:\n\nDan (alangkah ngerinya), jika sekiranya kamu melihat orang-orang yang berdosa itu menundukkan kepalanya di hadapan Tuhannya, (mereka berkata), \"Ya Tuhan kami, kami telah melihat dan mendengar, maka kembalikanlah kami (ke dunia), niscaya kami akan mengerjakan kebajikan. Sungguh, kami adalah orang-orang yang yakin.\" (as-Sajdah/32: 12)\n\nDan firman Allah:\n\nDan kamu akan melihat mereka dihadapkan ke neraka dalam keadaan tertunduk karena (merasa) hina, mereka melihat dengan pandangan yang lesu. Dan orang-orang yang beriman berkata, \"Sesungguhnya orang-orang yang rugi ialah orang-orang yang merugikan diri mereka sendiri dan keluarganya pada hari Kiamat.\" Ingatlah, sesungguhnya orang-orang zalim itu berada dalam azab yang kekal. (asy-Syura/42: 45)",
                        "3": "Allah menerangkan bahwa orang-orang kafir itu semasa hidup di dunia bekerja dengan rajin dan sungguh-sungguh. Akan tetapi, perbuatan mereka itu tidak diterima karena mereka tidak beriman kepada Allah dan Rasul-Nya, yang merupakan syarat utama untuk diterimanya perbuatan dan mendapat ganjaran-Nya.",
                        "4": "Dalam ayat-ayat ini, Allah menerangkan bahwa orang-orang kafir akan dimasukkan ke dalam neraka. Bila mereka meminta air karena haus, maka mereka diberi air bersumber dari mata air yang sangat panas. Bila mereka meminta makan, maka diberi makanan yang jelek, yang tidak ada artinya. Allah berfirman:\n\nDan tidak ada makanan (baginya) kecuali dari darah dan nanah. (al-haqqah/69: 36)\n\nDan firman Allah:\n\nKemudian sesungguhnya kamu, wahai orang-orang yang sesat lagi mendustakan! pasti akan memakan pohon zaqqum. (al-Waqi'ah/56: 51-52)\n\nDalam ayat lain Allah berfirman:\n\nSungguh pohon zaqqum itu, makanan bagi orang yang banyak dosa. (ad-Dukhan/44: 43-44)",
                        "5": "Dalam ayat-ayat ini, Allah menerangkan bahwa orang-orang kafir akan dimasukkan ke dalam neraka. Bila mereka meminta air karena haus, maka mereka diberi air bersumber dari mata air yang sangat panas. Bila mereka meminta makan, maka diberi makanan yang jelek, yang tidak ada artinya. Allah berfirman:\n\nDan tidak ada makanan (baginya) kecuali dari darah dan nanah. (al-haqqah/69: 36)\n\nDan firman Allah:\n\nKemudian sesungguhnya kamu, wahai orang-orang yang sesat lagi mendustakan! pasti akan memakan pohon zaqqum. (al-Waqi'ah/56: 51-52)\n\nDalam ayat lain Allah berfirman:\n\nSungguh pohon zaqqum itu, makanan bagi orang yang banyak dosa. (ad-Dukhan/44: 43-44)",
                        "6": "Dalam ayat-ayat ini, Allah menerangkan bahwa orang-orang kafir akan dimasukkan ke dalam neraka. Bila mereka meminta air karena haus, maka mereka diberi air bersumber dari mata air yang sangat panas. Bila mereka meminta makan, maka diberi makanan yang jelek, yang tidak ada artinya. Allah berfirman:\n\nDan tidak ada makanan (baginya) kecuali dari darah dan nanah. (al-haqqah/69: 36)\n\nDan firman Allah:\n\nKemudian sesungguhnya kamu, wahai orang-orang yang sesat lagi mendustakan! pasti akan memakan pohon zaqqum. (al-Waqi'ah/56: 51-52)\n\nDalam ayat lain Allah berfirman:\n\nSungguh pohon zaqqum itu, makanan bagi orang yang banyak dosa. (ad-Dukhan/44: 43-44)",
                        "7": "Dalam ayat-ayat ini, Allah menerangkan bahwa orang-orang kafir akan dimasukkan ke dalam neraka. Bila mereka meminta air karena haus, maka mereka diberi air bersumber dari mata air yang sangat panas. Bila mereka meminta makan, maka diberi makanan yang jelek, yang tidak ada artinya. Allah berfirman:\n\nDan tidak ada makanan (baginya) kecuali dari darah dan nanah. (al-haqqah/69: 36)\n\nDan firman Allah:\n\nKemudian sesungguhnya kamu, wahai orang-orang yang sesat lagi mendustakan! pasti akan memakan pohon zaqqum. (al-Waqi'ah/56: 51-52)\n\nDalam ayat lain Allah berfirman:\n\nSungguh pohon zaqqum itu, makanan bagi orang yang banyak dosa. (ad-Dukhan/44: 43-44)",
                        "8": "Allah menerangkan bahwa di dalam surga, muka orang mukmin berseri penuh kegembiraan. Mereka merasa senang melihat hasil usaha mereka yang mendapat keridaan Allah yang kemudian mendapat imbalan surga yang diidam-idamkan.\n\n(10-16) Dalam ayat-ayat berikut ini, Allah menerangkan keadaan surga:\n\n1.Surga tempatnya bernilai tinggi, lebih tinggi dari nilai tempat-tempat yang lain.\n\n2.Di dalamnya tidak terdengar perkataan yang tidak berguna, sebab tempat itu adalah tempat orang-orang yang dikasihi Allah.\n\n3.Di dalamnya terdapat mata air yang mengalirkan air bersih yang menarik pandangan bagi siapa saja yang melihatnya.\n\n4.Di dalamnya terdapat mahligai yang tinggi.\n\n5.Di dekat mereka tersedia gelas-gelas yang berisi minuman yang sudah siap diminum.\n\n6.Di dalamnya terdapat bantal-bantal tersusun yang dapat dipergunakan menurut selera mereka, duduk di atasnya atau dipakai untuk bersandar dan sebagainya.\n\n7.Di sana terdapat pula permadani yang indah dan terhampar pada setiap tempat.\n\n8.Terdapat segala macam kenikmatan rohani dan jasmani yang jauh dari yang dapat kita bayangkan.",
                        "9": "Allah menerangkan bahwa di dalam surga, muka orang mukmin berseri penuh kegembiraan. Mereka merasa senang melihat hasil usaha mereka yang mendapat keridaan Allah yang kemudian mendapat imbalan surga yang diidam-idamkan.\n\n(10-16) Dalam ayat-ayat berikut ini, Allah menerangkan keadaan surga:\n\n1.Surga tempatnya bernilai tinggi, lebih tinggi dari nilai tempat-tempat yang lain.\n\n2.Di dalamnya tidak terdengar perkataan yang tidak berguna, sebab tempat itu adalah tempat orang-orang yang dikasihi Allah.\n\n3.Di dalamnya terdapat mata air yang mengalirkan air bersih yang menarik pandangan bagi siapa saja yang melihatnya.\n\n4.Di dalamnya terdapat mahligai yang tinggi.\n\n5.Di dekat mereka tersedia gelas-gelas yang berisi minuman yang sudah siap diminum.\n\n6.Di dalamnya terdapat bantal-bantal tersusun yang dapat dipergunakan menurut selera mereka, duduk di atasnya atau dipakai untuk bersandar dan sebagainya.\n\n7.Di sana terdapat pula permadani yang indah dan terhampar pada setiap tempat.\n\n8.Terdapat segala macam kenikmatan rohani dan jasmani yang jauh dari yang dapat kita bayangkan.",
                        "10": "Dalam ayat-ayat berikut ini, Allah menerangkan keadaan surga:\n\n1.Surga tempatnya bernilai tinggi, lebih tinggi dari nilai tempat-tempat yang lain.\n\n2.Di dalamnya tidak terdengar perkataan yang tidak berguna, sebab tempat itu adalah tempat orang-orang yang dikasihi Allah.\n\n3.Di dalamnya terdapat mata air yang mengalirkan air bersih yang menarik pandangan bagi siapa saja yang melihatnya.\n\n4.Di dalamnya terdapat mahligai yang tinggi.\n\n5.Di dekat mereka tersedia gelas-gelas yang berisi minuman yang sudah siap diminum.\n\n6.Di dalamnya terdapat bantal-bantal tersusun yang dapat dipergunakan menurut selera mereka, duduk di atasnya atau dipakai untuk bersandar dan sebagainya.\n\n7.Di sana terdapat pula permadani yang indah dan terhampar pada setiap tempat.\n\n8.Terdapat segala macam kenikmatan rohani dan jasmani yang jauh dari yang dapat kita bayangkan.",
                        "11": "Dalam ayat-ayat berikut ini, Allah menerangkan keadaan surga:\n\n1.Surga tempatnya bernilai tinggi, lebih tinggi dari nilai tempat-tempat yang lain.\n\n2.Di dalamnya tidak terdengar perkataan yang tidak berguna, sebab tempat itu adalah tempat orang-orang yang dikasihi Allah.\n\n3.Di dalamnya terdapat mata air yang mengalirkan air bersih yang menarik pandangan bagi siapa saja yang melihatnya.\n\n4.Di dalamnya terdapat mahligai yang tinggi.\n\n5.Di dekat mereka tersedia gelas-gelas yang berisi minuman yang sudah siap diminum.\n\n6.Di dalamnya terdapat bantal-bantal tersusun yang dapat dipergunakan menurut selera mereka, duduk di atasnya atau dipakai untuk bersandar dan sebagainya.\n\n7.Di sana terdapat pula permadani yang indah dan terhampar pada setiap tempat.\n\n8.Terdapat segala macam kenikmatan rohani dan jasmani yang jauh dari yang dapat kita bayangkan.",
                        "12": "Dalam ayat-ayat berikut ini, Allah menerangkan keadaan surga:\n\n1.Surga tempatnya bernilai tinggi, lebih tinggi dari nilai tempat-tempat yang lain.\n\n2.Di dalamnya tidak terdengar perkataan yang tidak berguna, sebab tempat itu adalah tempat orang-orang yang dikasihi Allah.\n\n3.Di dalamnya terdapat mata air yang mengalirkan air bersih yang menarik pandangan bagi siapa saja yang melihatnya.\n\n4.Di dalamnya terdapat mahligai yang tinggi.\n\n5.Di dekat mereka tersedia gelas-gelas yang berisi minuman yang sudah siap diminum.\n\n6.Di dalamnya terdapat bantal-bantal tersusun yang dapat dipergunakan menurut selera mereka, duduk di atasnya atau dipakai untuk bersandar dan sebagainya.\n\n7.Di sana terdapat pula permadani yang indah dan terhampar pada setiap tempat.\n\n8.Terdapat segala macam kenikmatan rohani dan jasmani yang jauh dari yang dapat kita bayangkan.",
                        "13": "Dalam ayat-ayat berikut ini, Allah menerangkan keadaan surga:\n\n1.Surga tempatnya bernilai tinggi, lebih tinggi dari nilai tempat-tempat yang lain.\n\n2.Di dalamnya tidak terdengar perkataan yang tidak berguna, sebab tempat itu adalah tempat orang-orang yang dikasihi Allah.\n\n3.Di dalamnya terdapat mata air yang mengalirkan air bersih yang menarik pandangan bagi siapa saja yang melihatnya.\n\n4.Di dalamnya terdapat mahligai yang tinggi.\n\n5.Di dekat mereka tersedia gelas-gelas yang berisi minuman yang sudah siap diminum.\n\n6.Di dalamnya terdapat bantal-bantal tersusun yang dapat dipergunakan menurut selera mereka, duduk di atasnya atau dipakai untuk bersandar dan sebagainya.\n\n7.Di sana terdapat pula permadani yang indah dan terhampar pada setiap tempat.\n\n8.Terdapat segala macam kenikmatan rohani dan jasmani yang jauh dari yang dapat kita bayangkan.",
                        "14": "Dalam ayat-ayat berikut ini, Allah menerangkan keadaan surga:\n\n1.Surga tempatnya bernilai tinggi, lebih tinggi dari nilai tempat-tempat yang lain.\n\n2.Di dalamnya tidak terdengar perkataan yang tidak berguna, sebab tempat itu adalah tempat orang-orang yang dikasihi Allah.\n\n3.Di dalamnya terdapat mata air yang mengalirkan air bersih yang menarik pandangan bagi siapa saja yang melihatnya.\n\n4.Di dalamnya terdapat mahligai yang tinggi.\n\n5.Di dekat mereka tersedia gelas-gelas yang berisi minuman yang sudah siap diminum.\n\n6.Di dalamnya terdapat bantal-bantal tersusun yang dapat dipergunakan menurut selera mereka, duduk di atasnya atau dipakai untuk bersandar dan sebagainya.\n\n7.Di sana terdapat pula permadani yang indah dan terhampar pada setiap tempat.\n\n8.Terdapat segala macam kenikmatan rohani dan jasmani yang jauh dari yang dapat kita bayangkan.",
                        "15": "Dalam ayat-ayat berikut ini, Allah menerangkan keadaan surga:\n\n1.Surga tempatnya bernilai tinggi, lebih tinggi dari nilai tempat-tempat yang lain.\n\n2.Di dalamnya tidak terdengar perkataan yang tidak berguna, sebab tempat itu adalah tempat orang-orang yang dikasihi Allah.\n\n3.Di dalamnya terdapat mata air yang mengalirkan air bersih yang menarik pandangan bagi siapa saja yang melihatnya.\n\n4.Di dalamnya terdapat mahligai yang tinggi.\n\n5.Di dekat mereka tersedia gelas-gelas yang berisi minuman yang sudah siap diminum.\n\n6.Di dalamnya terdapat bantal-bantal tersusun yang dapat dipergunakan menurut selera mereka, duduk di atasnya atau dipakai untuk bersandar dan sebagainya.\n\n7.Di sana terdapat pula permadani yang indah dan terhampar pada setiap tempat.\n\n8.Terdapat segala macam kenikmatan rohani dan jasmani yang jauh dari yang dapat kita bayangkan.",
                        "16": "Dalam ayat-ayat berikut ini, Allah menerangkan keadaan surga:\n\n1.Surga tempatnya bernilai tinggi, lebih tinggi dari nilai tempat-tempat yang lain.\n\n2.Di dalamnya tidak terdengar perkataan yang tidak berguna, sebab tempat itu adalah tempat orang-orang yang dikasihi Allah.\n\n3.Di dalamnya terdapat mata air yang mengalirkan air bersih yang menarik pandangan bagi siapa saja yang melihatnya.\n\n4.Di dalamnya terdapat mahligai yang tinggi.\n\n5.Di dekat mereka tersedia gelas-gelas yang berisi minuman yang sudah siap diminum.\n\n6.Di dalamnya terdapat bantal-bantal tersusun yang dapat dipergunakan menurut selera mereka, duduk di atasnya atau dipakai untuk bersandar dan sebagainya.\n\n7.Di sana terdapat pula permadani yang indah dan terhampar pada setiap tempat.\n\n8.Terdapat segala macam kenikmatan rohani dan jasmani yang jauh dari yang dapat kita bayangkan.",
                        "17": "Dalam ayat-ayat ini, Allah mempertanyakan apakah mereka tidak memperhatikan bagaimana unta, yang ada di depan mata mereka dan dipergunakan setiap waktu, diciptakan. Bagaimana pula langit yang berada di tempat yang tinggi tanpa tiang; bagaimana gunung-gunung dipancangkan dengan kukuh, tidak bergoyang dan dijadikan petunjuk bagi orang yang dalam perjalanan. Di atasnya terdapat danau dan mata air yang dapat dipergunakan untuk keperluan manusia, mengairi tumbuh-tumbuhan, dan memberi minum binatang ternak. Bagaimana pula bumi dihamparkan sebagai tempat tinggal bagi manusia.\n\nApabila mereka telah memperhatikan semua itu dengan seksama, tentu mereka akan mengakui bahwa penciptanya dapat membangkitkan manusia kembali pada hari Kiamat.",
                        "18": "Dalam ayat-ayat ini, Allah mempertanyakan apakah mereka tidak memperhatikan bagaimana unta, yang ada di depan mata mereka dan dipergunakan setiap waktu, diciptakan. Bagaimana pula langit yang berada di tempat yang tinggi tanpa tiang; bagaimana gunung-gunung dipancangkan dengan kukuh, tidak bergoyang dan dijadikan petunjuk bagi orang yang dalam perjalanan. Di atasnya terdapat danau dan mata air yang dapat dipergunakan untuk keperluan manusia, mengairi tumbuh-tumbuhan, dan memberi minum binatang ternak. Bagaimana pula bumi dihamparkan sebagai tempat tinggal bagi manusia.\n\nApabila mereka telah memperhatikan semua itu dengan seksama, tentu mereka akan mengakui bahwa penciptanya dapat membangkitkan manusia kembali pada hari Kiamat.",
                        "19": "Dalam ayat-ayat ini, Allah mempertanyakan apakah mereka tidak memperhatikan bagaimana unta, yang ada di depan mata mereka dan dipergunakan setiap waktu, diciptakan. Bagaimana pula langit yang berada di tempat yang tinggi tanpa tiang; bagaimana gunung-gunung dipancangkan dengan kukuh, tidak bergoyang dan dijadikan petunjuk bagi orang yang dalam perjalanan. Di atasnya terdapat danau dan mata air yang dapat dipergunakan untuk keperluan manusia, mengairi tumbuh-tumbuhan, dan memberi minum binatang ternak. Bagaimana pula bumi dihamparkan sebagai tempat tinggal bagi manusia.\n\nApabila mereka telah memperhatikan semua itu dengan seksama, tentu mereka akan mengakui bahwa penciptanya dapat membangkitkan manusia kembali pada hari Kiamat.",
                        "20": "Dalam ayat-ayat ini, Allah mempertanyakan apakah mereka tidak memperhatikan bagaimana unta, yang ada di depan mata mereka dan dipergunakan setiap waktu, diciptakan. Bagaimana pula langit yang berada di tempat yang tinggi tanpa tiang; bagaimana gunung-gunung dipancangkan dengan kukuh, tidak bergoyang dan dijadikan petunjuk bagi orang yang dalam perjalanan. Di atasnya terdapat danau dan mata air yang dapat dipergunakan untuk keperluan manusia, mengairi tumbuh-tumbuhan, dan memberi minum binatang ternak. Bagaimana pula bumi dihamparkan sebagai tempat tinggal bagi manusia.\n\nApabila mereka telah memperhatikan semua itu dengan seksama, tentu mereka akan mengakui bahwa penciptanya dapat membangkitkan manusia kembali pada hari Kiamat.",
                        "21": "Dalam ayat ini, Allah memerintahkan Nabi Muhammad agar memberi peringatan dan petunjuk serta menyampaikan agama-Nya kepada umat manusia, karena tugasnya tidak lain hanyalah memberi peringatan dengan menyampaikan kabar gembira dan kabar yang menakutkan.",
                        "22": "Dalam ayat-ayat ini, Allah menerangkan bahwa Nabi Muhammad tidak berkuasa menjadikan seseorang beriman. Akan tetapi, Allah-lah yang berkuasa menjadikan manusia beriman. Sementara itu, barang siapa yang berpaling dengan mengingkari kebenaran petunjuk Nabi-Nya, niscaya Allah menghukumnya. Allah berfirman:\n\nDan jika Tuhanmu menghendaki, tentulah beriman semua orang di bumi seluruhnya. Tetapi apakah kamu (hendak) memaksa manusia agar mereka menjadi orang-orang yang beriman? (Yunus/10: 99)\n\nDan Allah berfirman:\n\nKami lebih mengetahui tentang apa yang mereka katakan, dan engkau (Muhammad) bukanlah seorang pemaksa terhadap mereka. Maka berilah peringatan dengan Al-Qur'an kepada siapa pun yang takut kepada ancaman-Ku. (Qaf/50: 45)\n\nBerkaitan dengan hal itu, para juru dakwah cukup menyampaikan pesan-pesan Al-Qur'an dan hadis Nabi sambil mengajak setiap manusia untuk beriman dan beramal saleh, serta masuk ke dalam agama Islam secara keseluruhan (kaffah). Penampilan dan metode dakwah perlu dengan cara yang baik dan tidak boleh bersikap memaksa, sebagaimana firman Allah:\n\nTidak ada paksaan dalam (menganut) agama (Islam), sesungguhnya telah jelas (perbedaan) antara jalan yang benar dengan jalan yang sesat. (al-Baqarah/2: 256)\n\nDan Allah berfirman:\n\nSerulah (manusia) kepada jalan Tuhanmu dengan hikmah dan pengajaran yang baik, dan berdebatlah dengan mereka dengan cara yang baik. Sesungguhnya Tuhanmu, Dialah yang lebih mengetahui siapa yang sesat dari jalan-Nya dan Dialah yang lebih mengetahui siapa yang mendapat petunjuk. (an-Nahl/16: 125)",
                        "23": "Dalam ayat-ayat ini, Allah menerangkan bahwa Nabi Muhammad tidak berkuasa menjadikan seseorang beriman. Akan tetapi, Allah-lah yang berkuasa menjadikan manusia beriman. Sementara itu, barang siapa yang berpaling dengan mengingkari kebenaran petunjuk Nabi-Nya, niscaya Allah menghukumnya. Allah berfirman:\n\nDan jika Tuhanmu menghendaki, tentulah beriman semua orang di bumi seluruhnya. Tetapi apakah kamu (hendak) memaksa manusia agar mereka menjadi orang-orang yang beriman? (Yunus/10: 99)\n\nDan Allah berfirman:\n\nKami lebih mengetahui tentang apa yang mereka katakan, dan engkau (Muhammad) bukanlah seorang pemaksa terhadap mereka. Maka berilah peringatan dengan Al-Qur'an kepada siapa pun yang takut kepada ancaman-Ku. (Qaf/50: 45)\n\nBerkaitan dengan hal itu, para juru dakwah cukup menyampaikan pesan-pesan Al-Qur'an dan hadis Nabi sambil mengajak setiap manusia untuk beriman dan beramal saleh, serta masuk ke dalam agama Islam secara keseluruhan (kaffah). Penampilan dan metode dakwah perlu dengan cara yang baik dan tidak boleh bersikap memaksa, sebagaimana firman Allah:\n\nTidak ada paksaan dalam (menganut) agama (Islam), sesungguhnya telah jelas (perbedaan) antara jalan yang benar dengan jalan yang sesat. (al-Baqarah/2: 256)\n\nDan Allah berfirman:\n\nSerulah (manusia) kepada jalan Tuhanmu dengan hikmah dan pengajaran yang baik, dan berdebatlah dengan mereka dengan cara yang baik. Sesungguhnya Tuhanmu, Dialah yang lebih mengetahui siapa yang sesat dari jalan-Nya dan Dialah yang lebih mengetahui siapa yang mendapat petunjuk. (an-Nahl/16: 125)",
                        "24": "Dalam ayat-ayat ini, Allah menerangkan bahwa Nabi Muhammad tidak berkuasa menjadikan seseorang beriman. Akan tetapi, Allah-lah yang berkuasa menjadikan manusia beriman. Sementara itu, barang siapa yang berpaling dengan mengingkari kebenaran petunjuk Nabi-Nya, niscaya Allah menghukumnya. Allah berfirman:\n\nDan jika Tuhanmu menghendaki, tentulah beriman semua orang di bumi seluruhnya. Tetapi apakah kamu (hendak) memaksa manusia agar mereka menjadi orang-orang yang beriman? (Yunus/10: 99)\n\nDan Allah berfirman:\n\nKami lebih mengetahui tentang apa yang mereka katakan, dan engkau (Muhammad) bukanlah seorang pemaksa terhadap mereka. Maka berilah peringatan dengan Al-Qur'an kepada siapa pun yang takut kepada ancaman-Ku. (Qaf/50: 45)\n\nBerkaitan dengan hal itu, para juru dakwah cukup menyampaikan pesan-pesan Al-Qur'an dan hadis Nabi sambil mengajak setiap manusia untuk beriman dan beramal saleh, serta masuk ke dalam agama Islam secara keseluruhan (kaffah). Penampilan dan metode dakwah perlu dengan cara yang baik dan tidak boleh bersikap memaksa, sebagaimana firman Allah:\n\nTidak ada paksaan dalam (menganut) agama (Islam), sesungguhnya telah jelas (perbedaan) antara jalan yang benar dengan jalan yang sesat. (al-Baqarah/2: 256)\n\nDan Allah berfirman:\n\nSerulah (manusia) kepada jalan Tuhanmu dengan hikmah dan pengajaran yang baik, dan berdebatlah dengan mereka dengan cara yang baik. Sesungguhnya Tuhanmu, Dialah yang lebih mengetahui siapa yang sesat dari jalan-Nya dan Dialah yang lebih mengetahui siapa yang mendapat petunjuk. (an-Nahl/16: 125)",
                        "25": "Dalam ayat-ayat ini, Allah menerangkan bahwa mereka akan kembali kepada-Nya. Tidak ada jalan bagi mereka untuk lari daripada-Nya. Dialah yang akan menghisab mereka atas perbuatan yang telah mereka perbuat di dunia dan kemudian menjatuhkan hukuman-Nya. Ayat-ayat ini adalah penghibur hati bagi Nabi Muhammad dan sebagai obat bagi kesedihan dan kepedihan hatinya atas keingkaran orang-orang kafir itu.",
                        "26": "Dalam ayat-ayat ini, Allah menerangkan bahwa mereka akan kembali kepada-Nya. Tidak ada jalan bagi mereka untuk lari daripada-Nya. Dialah yang akan menghisab mereka atas perbuatan yang telah mereka perbuat di dunia dan kemudian menjatuhkan hukuman-Nya. Ayat-ayat ini adalah penghibur hati bagi Nabi Muhammad dan sebagai obat bagi kesedihan dan kepedihan hatinya atas keingkaran orang-orang kafir itu."
                    }
                }
            }
        }
    }
}