{
    "91": {
        "number": "91",
        "name": "الشمس",
        "name_latin": "Asy-Syams",
        "number_of_ayah": "15",
        "text": {
            "1": "وَالشَّمْسِ وَضُحٰىهَاۖ",
            "2": "وَالْقَمَرِ اِذَا تَلٰىهَاۖ",
            "3": "وَالنَّهَارِ اِذَا جَلّٰىهَاۖ",
            "4": "وَالَّيْلِ اِذَا يَغْشٰىهَاۖ",
            "5": "وَالسَّمَاۤءِ وَمَا بَنٰىهَاۖ",
            "6": "وَالْاَرْضِ وَمَا طَحٰىهَاۖ",
            "7": "وَنَفْسٍ وَّمَا سَوّٰىهَاۖ",
            "8": "فَاَلْهَمَهَا فُجُوْرَهَا وَتَقْوٰىهَاۖ",
            "9": "قَدْ اَفْلَحَ مَنْ زَكّٰىهَاۖ",
            "10": "وَقَدْ خَابَ مَنْ دَسّٰىهَاۗ",
            "11": "كَذَّبَتْ ثَمُوْدُ بِطَغْوٰىهَآ  ۖ",
            "12": "اِذِ انْۢبَعَثَ اَشْقٰىهَاۖ",
            "13": "فَقَالَ لَهُمْ رَسُوْلُ اللّٰهِ نَاقَةَ اللّٰهِ وَسُقْيٰهَاۗ",
            "14": "فَكَذَّبُوْهُ فَعَقَرُوْهَاۖ فَدَمْدَمَ عَلَيْهِمْ رَبُّهُمْ بِذَنْۢبِهِمْ فَسَوّٰىهَاۖ",
            "15": "وَلَا يَخَافُ عُقْبٰهَا ࣖ"
        },
        "translations": {
            "id": {
                "name": "Matahari",
                "text": {
                    "1": "Demi matahari dan sinarnya pada pagi hari,",
                    "2": "demi bulan apabila mengiringinya,",
                    "3": "demi siang apabila menampakkannya,",
                    "4": "demi malam apabila menutupinya (gelap gulita),",
                    "5": "demi langit serta pembinaannya (yang menakjubkan),",
                    "6": "demi bumi serta penghamparannya,",
                    "7": "demi jiwa serta penyempurnaan (ciptaan)nya,",
                    "8": "maka Dia mengilhamkan kepadanya (jalan) kejahatan dan ketakwaannya,",
                    "9": "sungguh beruntung orang yang menyucikannya (jiwa itu),",
                    "10": "dan sungguh rugi orang yang mengotorinya.",
                    "11": "(Kaum) samud telah mendustakan (rasulnya) karena mereka melampaui batas (zalim),",
                    "12": "ketika bangkit orang yang paling celaka di antara mereka,",
                    "13": "lalu Rasul Allah (Saleh) berkata kepada mereka, “(Biarkanlah) unta betina dari Allah ini dengan minumannya.”",
                    "14": "Namun mereka mendustakannya dan menyembelihnya, karena itu Tuhan membinasakan mereka karena dosanya, lalu diratakan-Nya (dengan tanah),",
                    "15": "dan Dia tidak takut terhadap akibatnya."
                }
            }
        },
        "tafsir": {
            "id": {
                "kemenag": {
                    "name": "Kemenag",
                    "source": "Aplikasi Quran Kementrian Agama Republik Indonesia",
                    "text": {
                        "1": "Allah bersumpah dengan matahari dan cahayanya pada waktu duha yang sangat terang dan kontras dengan sesaat sebelumnya di mana kegelapan menutup alam ini. Kemudian Allah bersumpah dengan bulan yang bertolak belakang dengan matahari, sebab ia bukan sumber cahaya tetapi hanya menerima cahaya dari matahari.\n\nMenurut kajian ilmiah, cahaya di pagi hari adalah yang paling lengkap kekayaan panjang gelombangnya. Oleh karena itu, cahaya matahari pagi paling baik khasiatnya bagi manusia. Matahari adalah sumber energi utama bagi manusia, sedang cahayanya terdiri dari cahaya tampak, inframerah, dan ultraviolet. Cahaya tampak memiliki tujuh spektrum yang berbeda dan masing-masing memiliki kegunaan yang berbeda bagi tubuh manusia. Adapun inframerah bermanfaat untuk mengurangi rasa sakit pada otot-otot, dan ultraviolet berfungsi sebagai fitokatalis yang mempercepat perubahan pro-vitamin D yang ada pada kulit manusia menjadi vitamin D.",
                        "2": "Allah bersumpah dengan matahari dan cahayanya pada waktu duha yang sangat terang dan kontras dengan sesaat sebelumnya di mana kegelapan menutup alam ini. Kemudian Allah bersumpah dengan bulan yang bertolak belakang dengan matahari, sebab ia bukan sumber cahaya tetapi hanya menerima cahaya dari matahari.\n\nMenurut kajian ilmiah, cahaya di pagi hari adalah yang paling lengkap kekayaan panjang gelombangnya. Oleh karena itu, cahaya matahari pagi paling baik khasiatnya bagi manusia. Matahari adalah sumber energi utama bagi manusia, sedang cahayanya terdiri dari cahaya tampak, inframerah, dan ultraviolet. Cahaya tampak memiliki tujuh spektrum yang berbeda dan masing-masing memiliki kegunaan yang berbeda bagi tubuh manusia. Adapun inframerah bermanfaat untuk mengurangi rasa sakit pada otot-otot, dan ultraviolet berfungsi sebagai fitokatalis yang mempercepat perubahan pro-vitamin D yang ada pada kulit manusia menjadi vitamin D.",
                        "3": "Selanjutnya Allah bersumpah dengan siang dan malam. Siang menampakkan matahari, sedangkan malam menyembunyikan matahari. Dengan ini, Allah memberikan isyarat tentang sistem perputaran bulan dan bumi terhadap matahari sebagai penanda waktu bagi manusia. Perputaran bumi terhadap matahari menimbulkan sistem penanda waktu syamsiah sedang perputaran bulan terhadap bumi menimbulkan penanda waktu qomariyah. Pergerakan ketiga benda langit ini yang begitu terstruktur tersebut menunjukkan betapa kuasa Allah.",
                        "4": "Selanjutnya Allah bersumpah dengan siang dan malam. Siang menampakkan matahari, sedangkan malam menyembunyikan matahari. Dengan ini, Allah memberikan isyarat tentang sistem perputaran bulan dan bumi terhadap matahari sebagai penanda waktu bagi manusia. Perputaran bumi terhadap matahari menimbulkan sistem penanda waktu syamsiah sedang perputaran bulan terhadap bumi menimbulkan penanda waktu qomariyah. Pergerakan ketiga benda langit ini yang begitu terstruktur tersebut menunjukkan betapa kuasa Allah.",
                        "5": "Selanjutnya lagi, Allah bersumpah dengan langit dan bumi. Langit, yaitu kosmos beserta segala isinya, menyangga langit itu sehingga tetap berfungsi sebagai atap bumi. Dan bumi itu terhampar sehingga menyediakan potensi-potensi yang dapat dimanfaatkan manusia untuk hidup di atasnya.",
                        "6": "Selanjutnya lagi, Allah bersumpah dengan langit dan bumi. Langit, yaitu kosmos beserta segala isinya, menyangga langit itu sehingga tetap berfungsi sebagai atap bumi. Dan bumi itu terhampar sehingga menyediakan potensi-potensi yang dapat dimanfaatkan manusia untuk hidup di atasnya.",
                        "7": "Terakhir, Allah bersumpah dengan diri manusia yang telah Ia ciptakan dengan kondisi fisik dan psikis yang sempurna. Setelah menciptakannya secara sempurna, Allah memasukkan ke dalam diri manusia potensi jahat dan baik.",
                        "8": "Terakhir, Allah bersumpah dengan diri manusia yang telah Ia ciptakan dengan kondisi fisik dan psikis yang sempurna. Setelah menciptakannya secara sempurna, Allah memasukkan ke dalam diri manusia potensi jahat dan baik.",
                        "9": "Dalam ayat-ayat ini, Allah menegaskan pesan yang begitu pentingnya sehingga untuk itu Ia perlu bersumpah. Pesan itu adalah bahwa orang yang membersihkan dirinya, yaitu mengendalikan dirinya sehingga hanya mengerjakan perbuatan-perbuatan baik, akan beruntung, yaitu bahagia di dunia dan terutama di akhirat. Sedangkan orang yang mengotori dirinya, yaitu mengikuti hawa nafsunya sehingga melakukan perbuatan-perbuatan dosa, akan celaka, yaitu tidak bahagia di dunia dan di akhirat masuk neraka.",
                        "10": "Dalam ayat-ayat ini, Allah menegaskan pesan yang begitu pentingnya sehingga untuk itu Ia perlu bersumpah. Pesan itu adalah bahwa orang yang membersihkan dirinya, yaitu mengendalikan dirinya sehingga hanya mengerjakan perbuatan-perbuatan baik, akan beruntung, yaitu bahagia di dunia dan terutama di akhirat. Sedangkan orang yang mengotori dirinya, yaitu mengikuti hawa nafsunya sehingga melakukan perbuatan-perbuatan dosa, akan celaka, yaitu tidak bahagia di dunia dan di akhirat masuk neraka.",
                        "11": "Kaum Samud adalah umat Nabi Saleh. Mereka telah mendustakan dan mengingkari kenabian dan ajaran-ajaran yang dibawa Nabi Saleh dari Allah. Nabi Saleh diberi mukjizat oleh Allah sebagai ujian bagi kaumnya, yaitu seekor unta betina yang dijelmakan dari sebuah batu besar, untuk menandingi keahlian kaum itu yang sangat piawai dalam seni patung dari batu. Bila mereka piawai dalam seni patung sehingga patung itu terlihat bagaikan hidup, maka mukjizat Nabi Saleh adalah menjelmakan seekor unta betina yang benar-benar hidup dari sebuah batu. Akan tetapi, mereka tidak mengakuinya, dan berusaha membunuh unta itu.",
                        "12": "Awal kecelakaan bagi kaum Samud adalah ketika tampil seorang yang paling jahat dari mereka, yaitu Qudar bin Salif. Ia adalah seorang yang sangat berani, perkasa, dan bengis. Ia datang memprovokasi kaumnya untuk membunuh unta betina mukjizat Nabi Saleh.",
                        "13": "Nabi Saleh memperingatkan kaumnya agar tidak mengganggu unta itu. Ia memperingatkan bahwa unta itu adalah mukjizat dari Allah, dan haknya untuk memperoleh minum berselang hari dengan mereka, harus dihormati. Ia memperingatkan pula bahwa bila mereka mengganggunya, mereka akan mendapat bahaya.",
                        "14": "Akan tetapi, kaumnya memandang Nabi Saleh bohong, begitu juga unta itu sebagai mukjizat, dan menganggap sepi peringatan Nabi Saleh tersebut. Unta itu mereka tangkap beramai-ramai, lalu Qudar bin Salif membunuhnya dengan cara memotong-motongnya. Akhirnya Allah meratakan negeri mereka dengan tanah, dengan mengirim petir yang menggelegar yang diiringi gempa yang dahsyat, sebagai balasan pembangkangan dan dosa-dosa mereka.",
                        "15": "Allah tidak peduli bencana yang Ia timpakan kepada mereka dengan korban yang begitu besar. Hal itu karena pembangkangan mereka yang sudah sangat keterlaluan, yaitu membunuh unta betina (mukjizat) yang diturunkan-Nya kepada nabi-Nya."
                    }
                }
            }
        }
    }
}