{
    "92": {
        "number": "92",
        "name": "الّيل",
        "name_latin": "Al-Lail",
        "number_of_ayah": "21",
        "text": {
            "1": "وَالَّيْلِ اِذَا يَغْشٰىۙ",
            "2": "وَالنَّهَارِ اِذَا تَجَلّٰىۙ",
            "3": "وَمَا خَلَقَ الذَّكَرَ وَالْاُنْثٰىٓ ۙ",
            "4": "اِنَّ سَعْيَكُمْ لَشَتّٰىۗ",
            "5": "فَاَمَّا مَنْ اَعْطٰى وَاتَّقٰىۙ",
            "6": "وَصَدَّقَ بِالْحُسْنٰىۙ",
            "7": "فَسَنُيَسِّرُهٗ لِلْيُسْرٰىۗ",
            "8": "وَاَمَّا مَنْۢ بَخِلَ وَاسْتَغْنٰىۙ",
            "9": "وَكَذَّبَ بِالْحُسْنٰىۙ",
            "10": "فَسَنُيَسِّرُهٗ لِلْعُسْرٰىۗ",
            "11": "وَمَا يُغْنِيْ عَنْهُ مَالُهٗٓ اِذَا تَرَدّٰىٓۙ",
            "12": "اِنَّ عَلَيْنَا لَلْهُدٰىۖ",
            "13": "وَاِنَّ لَنَا لَلْاٰخِرَةَ وَالْاُوْلٰىۗ",
            "14": "فَاَنْذَرْتُكُمْ نَارًا تَلَظّٰىۚ",
            "15": "لَا يَصْلٰىهَآ اِلَّا الْاَشْقَىۙ",
            "16": "الَّذِيْ كَذَّبَ وَتَوَلّٰىۗ",
            "17": "وَسَيُجَنَّبُهَا الْاَتْقَىۙ",
            "18": "الَّذِيْ يُؤْتِيْ مَالَهٗ يَتَزَكّٰىۚ",
            "19": "وَمَا لِاَحَدٍ عِنْدَهٗ مِنْ نِّعْمَةٍ تُجْزٰىٓۙ",
            "20": "اِلَّا ابْتِغَاۤءَ وَجْهِ رَبِّهِ الْاَعْلٰىۚ",
            "21": "وَلَسَوْفَ يَرْضٰى ࣖ"
        },
        "translations": {
            "id": {
                "name": "Malam",
                "text": {
                    "1": "Demi malam apabila menutupi (cahaya siang),",
                    "2": "demi siang apabila terang benderang,",
                    "3": "demi penciptaan laki-laki dan perempuan,",
                    "4": "sungguh, usahamu memang beraneka macam.",
                    "5": "Maka barangsiapa memberikan (hartanya di jalan Allah) dan bertakwa,",
                    "6": "dan membenarkan (adanya pahala) yang terbaik (surga),",
                    "7": "maka akan Kami mudahkan baginya jalan menuju kemudahan (kebahagiaan),",
                    "8": "dan adapun orang yang kikir dan merasa dirinya cukup (tidak perlu pertolongan Allah),",
                    "9": "serta mendustakan (pahala) yang terbaik,",
                    "10": "maka akan Kami mudahkan baginya jalan menuju kesukaran (kesengsaraan),",
                    "11": "dan hartanya tidak bermanfaat baginya apabila dia telah binasa.",
                    "12": "Sesungguhnya Kamilah yang memberi petunjuk,",
                    "13": "dan sesungguhnya milik Kamilah akhirat dan dunia itu.",
                    "14": "Maka Aku memperingatkan kamu dengan neraka yang menyala-nyala,",
                    "15": "yang hanya dimasuki oleh orang yang paling celaka,",
                    "16": "yang mendustakan (kebenaran) dan berpaling (dari iman).",
                    "17": "Dan akan dijauhkan darinya (neraka) orang yang paling bertakwa, ",
                    "18": "yang menginfakkan hartanya (di jalan Allah) untuk membersihkan (dirinya),",
                    "19": "dan tidak ada seorang pun memberikan suatu nikmat padanya yang harus dibalasnya,",
                    "20": "tetapi (dia memberikan itu semata-mata) karena mencari keridaan Tuhannya Yang Mahatinggi.",
                    "21": "Dan niscaya kelak dia akan mendapat kesenangan (yang sempurna)."
                }
            }
        },
        "tafsir": {
            "id": {
                "kemenag": {
                    "name": "Kemenag",
                    "source": "Aplikasi Quran Kementrian Agama Republik Indonesia",
                    "text": {
                        "1": "Allah bersumpah dengan malam apabila menutupi, yaitu ketika malam sudah merata menutupi alam ini. Ini adalah waktu isya yaitu ketika cahaya merah sudah hilang di ufuk barat. Waktu itu manusia pada umumnya sudah mengakhiri aktivitasnya, dan ingin istirahat dan pergi tidur. Kemudian Allah bersumpah dengan aktivitas alam sebaliknya, yaitu siang ketika terang benderang. Waktu itu adalah waktu duha ketika cahaya matahari sudah merata menyinari alam ini, yang kontras dengan malam yang baru saja berakhir, dan manusia mulai bekerja.",
                        "2": "Allah bersumpah dengan malam apabila menutupi, yaitu ketika malam sudah merata menutupi alam ini. Ini adalah waktu isya yaitu ketika cahaya merah sudah hilang di ufuk barat. Waktu itu manusia pada umumnya sudah mengakhiri aktivitasnya, dan ingin istirahat dan pergi tidur. Kemudian Allah bersumpah dengan aktivitas alam sebaliknya, yaitu siang ketika terang benderang. Waktu itu adalah waktu duha ketika cahaya matahari sudah merata menyinari alam ini, yang kontras dengan malam yang baru saja berakhir, dan manusia mulai bekerja.",
                        "3": "Selanjutnya, Allah bersumpah dengan laki-laki dan perempuan yang telah diciptakan-Nya. Ini adalah juga dua makhluk yang berlawanan jenis dan kodratnya.",
                        "4": "Setelah bersumpah dengan dua-dua makhluk-Nya yang berlawanan jenis dan sifatnya, Allah menegaskan bahwa perbuatan atau tingkah laku manusia itu memang bermacam-macam. Perbedaan itu terjadi karena perbedaan kemauannya, apakah mengikuti potensi positifnya ataukah mengikuti potensi negatifnya.",
                        "5": "Dalam ayat ini, Allah menerangkan adanya tiga tingkah laku manusia. Pertama, suka memberi, yaitu menolong antara sesama manusia. Ia tidak hanya mengeluarkan zakat kekayaannya, yang merupakan kewajiban, tetapi juga berinfak, bersedekah, dan sebagainya yang bukan wajib. Kedua, bertakwa, yaitu takut mengabaikan perintah-Nya atau melanggar larangan-Nya. \n\nKetiga, membenarkan kebaikan Allah, yaitu mengakui nikmat-nikmat yang telah diberikan kepadanya lalu mensyukurinya. Nikmat terbesar Allah yang ia akui adalah surga. Oleh karena itu, ia tidak segan-segan beramal di dunia untuk memperolehnya, di antaranya membantu antara sesama manusia.\n\nKepada mereka yang melakukan tiga aspek perbuatan baik di atas, Allah akan memberikan kemudahan bagi mereka, yaitu kemudahan untuk memperoleh keberuntungan di dunia maupun di akhirat.",
                        "6": "Dalam ayat ini, Allah menerangkan adanya tiga tingkah laku manusia. Pertama, suka memberi, yaitu menolong antara sesama manusia. Ia tidak hanya mengeluarkan zakat kekayaannya, yang merupakan kewajiban, tetapi juga berinfak, bersedekah, dan sebagainya yang bukan wajib. Kedua, bertakwa, yaitu takut mengabaikan perintah-Nya atau melanggar larangan-Nya. \n\nKetiga, membenarkan kebaikan Allah, yaitu mengakui nikmat-nikmat yang telah diberikan kepadanya lalu mensyukurinya. Nikmat terbesar Allah yang ia akui adalah surga. Oleh karena itu, ia tidak segan-segan beramal di dunia untuk memperolehnya, di antaranya membantu antara sesama manusia.\n\nKepada mereka yang melakukan tiga aspek perbuatan baik di atas, Allah akan memberikan kemudahan bagi mereka, yaitu kemudahan untuk memperoleh keberuntungan di dunia maupun di akhirat.",
                        "7": "Dalam ayat ini, Allah menerangkan adanya tiga tingkah laku manusia. Pertama, suka memberi, yaitu menolong antara sesama manusia. Ia tidak hanya mengeluarkan zakat kekayaannya, yang merupakan kewajiban, tetapi juga berinfak, bersedekah, dan sebagainya yang bukan wajib. Kedua, bertakwa, yaitu takut mengabaikan perintah-Nya atau melanggar larangan-Nya. \n\nKetiga, membenarkan kebaikan Allah, yaitu mengakui nikmat-nikmat yang telah diberikan kepadanya lalu mensyukurinya. Nikmat terbesar Allah yang ia akui adalah surga. Oleh karena itu, ia tidak segan-segan beramal di dunia untuk memperolehnya, di antaranya membantu antara sesama manusia.\n\nKepada mereka yang melakukan tiga aspek perbuatan baik di atas, Allah akan memberikan kemudahan bagi mereka, yaitu kemudahan untuk memperoleh keberuntungan di dunia maupun di akhirat.",
                        "8": "Sebaliknya, ada manusia yang bertingkah laku sebaliknya. Ia bakhil, pelit, tidak mau menolong antar sesama, apalagi mengeluarkan kewajibannya yaitu zakat. Di samping itu, ia sudah merasa cukup segala-galanya. Oleh karena itu, ia merasa tidak memerlukan orang lain bahkan Allah. Akibatnya, ia sombong dan tidak mengakui nikmat-nikmat Allah yang telah ia terima dan tidak mengharapkan nikmat-nikmat itu. Akibatnya ia tidak mengindahkan aturan-aturan Allah. Orang itu akan dimudahkan Allah menuju kesulitan, baik kesulitan di dunia maupun di akhirat. Kesulitan di dunia misalnya kejatuhan, penyakit, kecelakaan, musibah, dan sebagainya. Kesulitan di akhirat adalah ketersiksaan yang puncaknya adalah neraka.\n\nManusia, bila sudah mati tanpa memiliki amal dan kemudian masuk neraka di akhirat, maka harta benda dan kekayaan mereka tidak berguna apa pun. Hal itu karena harta itu tidak akan bisa digunakan untuk menebus dosa-dosa mereka.",
                        "9": "Sebaliknya, ada manusia yang bertingkah laku sebaliknya. Ia bakhil, pelit, tidak mau menolong antar sesama, apalagi mengeluarkan kewajibannya yaitu zakat. Di samping itu, ia sudah merasa cukup segala-galanya. Oleh karena itu, ia merasa tidak memerlukan orang lain bahkan Allah. Akibatnya, ia sombong dan tidak mengakui nikmat-nikmat Allah yang telah ia terima dan tidak mengharapkan nikmat-nikmat itu. Akibatnya ia tidak mengindahkan aturan-aturan Allah. Orang itu akan dimudahkan Allah menuju kesulitan, baik kesulitan di dunia maupun di akhirat. Kesulitan di dunia misalnya kejatuhan, penyakit, kecelakaan, musibah, dan sebagainya. Kesulitan di akhirat adalah ketersiksaan yang puncaknya adalah neraka.\n\nManusia, bila sudah mati tanpa memiliki amal dan kemudian masuk neraka di akhirat, maka harta benda dan kekayaan mereka tidak berguna apa pun. Hal itu karena harta itu tidak akan bisa digunakan untuk menebus dosa-dosa mereka.",
                        "10": "Sebaliknya, ada manusia yang bertingkah laku sebaliknya. Ia bakhil, pelit, tidak mau menolong antar sesama, apalagi mengeluarkan kewajibannya yaitu zakat. Di samping itu, ia sudah merasa cukup segala-galanya. Oleh karena itu, ia merasa tidak memerlukan orang lain bahkan Allah. Akibatnya, ia sombong dan tidak mengakui nikmat-nikmat Allah yang telah ia terima dan tidak mengharapkan nikmat-nikmat itu. Akibatnya ia tidak mengindahkan aturan-aturan Allah. Orang itu akan dimudahkan Allah menuju kesulitan, baik kesulitan di dunia maupun di akhirat. Kesulitan di dunia misalnya kejatuhan, penyakit, kecelakaan, musibah, dan sebagainya. Kesulitan di akhirat adalah ketersiksaan yang puncaknya adalah neraka.\n\nManusia, bila sudah mati tanpa memiliki amal dan kemudian masuk neraka di akhirat, maka harta benda dan kekayaan mereka tidak berguna apa pun. Hal itu karena harta itu tidak akan bisa digunakan untuk menebus dosa-dosa mereka.",
                        "11": "Sebaliknya, ada manusia yang bertingkah laku sebaliknya. Ia bakhil, pelit, tidak mau menolong antar sesama, apalagi mengeluarkan kewajibannya yaitu zakat. Di samping itu, ia sudah merasa cukup segala-galanya. Oleh karena itu, ia merasa tidak memerlukan orang lain bahkan Allah. Akibatnya, ia sombong dan tidak mengakui nikmat-nikmat Allah yang telah ia terima dan tidak mengharapkan nikmat-nikmat itu. Akibatnya ia tidak mengindahkan aturan-aturan Allah. Orang itu akan dimudahkan Allah menuju kesulitan, baik kesulitan di dunia maupun di akhirat. Kesulitan di dunia misalnya kejatuhan, penyakit, kecelakaan, musibah, dan sebagainya. Kesulitan di akhirat adalah ketersiksaan yang puncaknya adalah neraka.\n\nManusia, bila sudah mati tanpa memiliki amal dan kemudian masuk neraka di akhirat, maka harta benda dan kekayaan mereka tidak berguna apa pun. Hal itu karena harta itu tidak akan bisa digunakan untuk menebus dosa-dosa mereka.",
                        "12": "Allah menegaskan bahwa Ia berkewajiban menunjuki manusia mana jalan yang benar dan mana jalan yang salah, mana yang baik dan mana yang buruk, sebagaimana dinyatakan-Nya dalam ayat lain:\n\nDan apabila orang-orang yang beriman kepada ayat-ayat Kami datang kepadamu, maka katakanlah, \"Salamun 'alaikum (selamat sejahtera untuk kamu).\" Tuhanmu telah menetapkan sifat kasih sayang pada diri-Nya, (yaitu) barang siapa berbuat kejahatan di antara kamu karena kebodohan, kemudian dia bertobat setelah itu dan memperbaiki diri, maka Dia Maha Pengampun, Maha Penyayang. (al-An'am/6: 54)",
                        "13": "Allah juga pemilik alam ini, baik alam akhirat maupun alam dunia. Bila Allah pemilik segala-galanya, maka tiada jalan bagi manusia selain meminta semuanya itu kepada-Nya dengan jalan mengimani dan bertakwa kepada-Nya.",
                        "14": "Di samping Allah telah menunjuki manusia jalan yang benar, Ia juga memperingatkan manusia tentang adanya neraka yang senantiasa menyala-nyala. Penghuni neraka itu adalah mereka yang paling durhaka, yaitu orang-orang yang senantiasa memandang dusta wahyu-wahyu yang disampaikan kepadanya, dan karena itu tidak mau mengimaninya dan menjalankannya.",
                        "15": "Di samping Allah telah menunjuki manusia jalan yang benar, Ia juga memperingatkan manusia tentang adanya neraka yang senantiasa menyala-nyala. Penghuni neraka itu adalah mereka yang paling durhaka, yaitu orang-orang yang senantiasa memandang dusta wahyu-wahyu yang disampaikan kepadanya, dan karena itu tidak mau mengimaninya dan menjalankannya.",
                        "16": "Di samping Allah telah menunjuki manusia jalan yang benar, Ia juga memperingatkan manusia tentang adanya neraka yang senantiasa menyala-nyala. Penghuni neraka itu adalah mereka yang paling durhaka, yaitu orang-orang yang senantiasa memandang dusta wahyu-wahyu yang disampaikan kepadanya, dan karena itu tidak mau mengimaninya dan menjalankannya.",
                        "17": "Sebaliknya adalah orang yang takwa, yaitu orang yang memberikan kekayaannya untuk membantu orang lain untuk menyucikan dirinya. Orang yang takwa itu akan terjauh dari neraka. Contoh orang yang paling takwa adalah Abu Bakar as-siddiq yang telah menggunakan seluruh kekayaannya untuk memerdekakan orang-orang lemah dan perempuan-perempuan yang masuk Islam dan membantu mereka.",
                        "18": "Sebaliknya adalah orang yang takwa, yaitu orang yang memberikan kekayaannya untuk membantu orang lain untuk menyucikan dirinya. Orang yang takwa itu akan terjauh dari neraka. Contoh orang yang paling takwa adalah Abu Bakar as-siddiq yang telah menggunakan seluruh kekayaannya untuk memerdekakan orang-orang lemah dan perempuan-perempuan yang masuk Islam dan membantu mereka.",
                        "19": "Orang-orang yang bertakwa membantu orang lain bukan karena orang itu berjasa kepadanya yang karena itu ia perlu membalasnya. Ia membantu orang itu semata-mata karena mengharapkan rida dan surga Allah di akhirat.",
                        "20": "Orang-orang yang bertakwa membantu orang lain bukan karena orang itu berjasa kepadanya yang karena itu ia perlu membalasnya. Ia membantu orang itu semata-mata karena mengharapkan rida dan surga Allah di akhirat.",
                        "21": "Orang takwa yang membantu orang lain untuk mencari rida Allah itu akhirnya akan memperolehnya. Orang itu terjauh dari neraka, dan pasti masuk surga."
                    }
                }
            }
        }
    }
}