{
    "94": {
        "number": "94",
        "name": "الشرح",
        "name_latin": "Asy-Syarh",
        "number_of_ayah": "8",
        "text": {
            "1": "اَلَمْ نَشْرَحْ لَكَ صَدْرَكَۙ",
            "2": "وَوَضَعْنَا عَنْكَ وِزْرَكَۙ",
            "3": "الَّذِيْٓ اَنْقَضَ ظَهْرَكَۙ",
            "4": "وَرَفَعْنَا لَكَ ذِكْرَكَۗ",
            "5": "فَاِنَّ مَعَ الْعُسْرِ يُسْرًاۙ",
            "6": "اِنَّ مَعَ الْعُسْرِ يُسْرًاۗ",
            "7": "فَاِذَا فَرَغْتَ فَانْصَبْۙ",
            "8": "وَاِلٰى رَبِّكَ فَارْغَبْ ࣖ"
        },
        "translations": {
            "id": {
                "name": "Lapang",
                "text": {
                    "1": "Bukankah Kami telah melapangkan dadamu (Muhammad)?",
                    "2": "dan Kami pun telah menurunkan bebanmu darimu,",
                    "3": "yang memberatkan punggungmu, ",
                    "4": "dan Kami tinggikan sebutan (nama)mu bagimu.",
                    "5": "Maka sesungguhnya beserta kesulitan ada kemudahan,",
                    "6": "sesungguhnya beserta kesulitan itu ada kemudahan.",
                    "7": "Maka apabila engkau telah selesai (dari sesuatu urusan), tetaplah bekerja keras (untuk urusan yang lain),",
                    "8": "dan hanya kepada Tuhanmulah engkau berharap."
                }
            }
        },
        "tafsir": {
            "id": {
                "kemenag": {
                    "name": "Kemenag",
                    "source": "Aplikasi Quran Kementrian Agama Republik Indonesia",
                    "text": {
                        "1": "Dalam ayat ini dinyatakan bahwa Allah telah melapangkan dada Nabi Muhammad dan menyelamatkannya dari ketidaktahuan tentang syariat. Nabi juga dirisaukan akibat kebodohan dan keras kepala kaumnya. Mereka tidak mau mengikuti kebenaran, sedang Nabi saw selalu mencari jalan untuk melepaskan mereka dari lembah kebodohan, sehingga ia menemui jalan untuk itu dan menyelamatkan mereka dari kehancuran yang sedang mereka alami.\n\nMaksud dari ayat ini adalah Allah telah membersihkan jiwa Nabi saw dari segala macam perasaan cemas, sehingga dia tidak gelisah, susah, dan gusar. Nabi juga dijadikan selalu tenang dan percaya akan pertolongan dan bantuan Allah kepadanya. Nabi juga yakin bahwa Dia yang menugasinya sebagai rasul, sekali-kali tidak akan membantu musuh-musuhnya.",
                        "2": "Dalam ayat-ayat ini, Allah mengungkapkan bahwa Dia berkenan meringankan beban yang dipikulkan kepada Nabi Muhammad dalam menunaikan penyebaran risalah-Nya. Dengan demikian, dengan mudah Nabi dapat menyampaikannya kepada manusia, dan dengan jiwa yang tenteram menghadapi tantangan musuh-musuhnya walaupun kadang-kadang tantangan itu berbahaya.\n\nSetelah Muhammad diangkat menjadi rasul, maka beliau mulai melaksanakan tugas menyampaikan agama Allah kepada orang-orang Quraisy. Karena timbul reaksi yang kuat dari mereka, beliau menyiarkan agama Islam dengan sembunyi-sembunyi. Oleh karena itu, beliau merasakan sangat berat melakukan tugas itu. Dengan masuk Islamnya beberapa orang pembesar Quraisy seperti Umar bin al-Khaththab, Hamzah, dan lain-lain, Rasulullah merasa ringan melaksanakan tugasnya. Hal ini ditambah lagi dengan datangnya perintah Allah untuk menyiarkan agama Islam dengan terang-terangan dan adanya jaminan Allah untuk menolong beliau, sebagaimana firman-Nya:\n\nMaka sampaikanlah (Muhammad) secara terang-terangan segala apa yang diperintahkan (kepadamu) dan berpalinglah dari orang yang musyrik. Sesungguhnya Kami memelihara engkau (Muhammad) dari (kejahatan) orang yang memperolok-olokkan (engkau), (yaitu) orang yang menganggap adanya tuhan selain Allah. Mereka kelak akan mengetahui (akibatnya). (al-hijr/15: 94-96)",
                        "3": "Dalam ayat-ayat ini, Allah mengungkapkan bahwa Dia berkenan meringankan beban yang dipikulkan kepada Nabi Muhammad dalam menunaikan penyebaran risalah-Nya. Dengan demikian, dengan mudah Nabi dapat menyampaikannya kepada manusia, dan dengan jiwa yang tenteram menghadapi tantangan musuh-musuhnya walaupun kadang-kadang tantangan itu berbahaya.\n\nSetelah Muhammad diangkat menjadi rasul, maka beliau mulai melaksanakan tugas menyampaikan agama Allah kepada orang-orang Quraisy. Karena timbul reaksi yang kuat dari mereka, beliau menyiarkan agama Islam dengan sembunyi-sembunyi. Oleh karena itu, beliau merasakan sangat berat melakukan tugas itu. Dengan masuk Islamnya beberapa orang pembesar Quraisy seperti Umar bin al-Khaththab, Hamzah, dan lain-lain, Rasulullah merasa ringan melaksanakan tugasnya. Hal ini ditambah lagi dengan datangnya perintah Allah untuk menyiarkan agama Islam dengan terang-terangan dan adanya jaminan Allah untuk menolong beliau, sebagaimana firman-Nya:\n\nMaka sampaikanlah (Muhammad) secara terang-terangan segala apa yang diperintahkan (kepadamu) dan berpalinglah dari orang yang musyrik. Sesungguhnya Kami memelihara engkau (Muhammad) dari (kejahatan) orang yang memperolok-olokkan (engkau), (yaitu) orang yang menganggap adanya tuhan selain Allah. Mereka kelak akan mengetahui (akibatnya). (al-hijr/15: 94-96)",
                        "4": "Dalam ayat ini diterangkan bahwa Allah mengangkat derajat Nabi Muhammad, meninggikan kedudukan dan memperbesar pengaruhnya. Apakah ada kedudukan yang lebih mulia dari kedudukan nubuwwah (kenabian) yang telah dianugerahkan Allah kepadanya? Apakah ada yang lebih utama dari tersebarnya ke seluruh dunia pengikut-pengikut yang setia yang patuh menjalankan segala perintah dan menjauhi segala larangannya.\n\nMereka melakukan yang demikian itu karena yakin bahwa dalam menjalankan perintah-perintahnya itu terdapat keuntungan yang besar, sedang mendurhakainya adalah kerugian besar. Apakah ada sebutan yang lebih mulia dan dapat membanggakan hati daripada menyebut namanya bersama nama Allah Yang Maha Pengasih, sebagai tanda kesempurnaan insani? Sebutan mana lagi yang lebih mulia daripada sebutan yang dijadikan tanda pengakuan kerasulannya dan pengakuan tersebut dijadikan syarat seseorang menjadi penghuni surga.\n\nSelain dari itu, Nabi saw telah membebaskan umat manusia dari perbudakan, kebodohan, dan kerusakan pikiran, serta membawa manusia kembali kepada fitrah yang menjamin kebebasan berpikir dan berkehendak. Dengan demikian, manusia dapat menemukan yang hak dan mengetahui siapakah sebenarnya yang harus disembah. Mereka kemudian bersatu dalam keimanan dan beribadah kepada Allah Yang Maha Esa, sesudah mereka berbeda-beda dalam penyembuhan mereka. Beliaulah yang menyingkirkan awan-awan kegelapan dari mereka, serta menerangi jalan yang harus ditempuh untuk menuju kepada kejayaan dan kebahagiaan.",
                        "5": "Dalam ayat ini, Allah mengungkapkan bahwa sesungguhnya di dalam setiap kesempitan, terdapat kelapangan, dan di dalam setiap kekurangan sarana untuk mencapai suatu keinginan, terdapat pula jalan keluar. Namun demikian, dalam usaha untuk meraih sesuatu itu harus tetap berpegang pada kesabaran dan tawakal kepada Allah. Ini adalah sifat Nabi saw, baik sebelum beliau diangkat menjadi rasul maupun sesudahnya, ketika beliau terdesak menghadapi tantangan kaumnya.\n\nWalaupun demikian, beliau tidak pernah gelisah dan tidak pula mengubah tujuan, tetapi beliau bersabar menghadapi kejahatan kaumnya dan terus menjalankan dakwah sambil berserah diri dengan tawakal kepada Allah dan mengharap pahala daripada-Nya. Begitulah keadaan Nabi saw sejak permulaan dakwahnya. Pada akhirnya, Allah memberikan kepadanya pendukung-pendukung yang mencintai beliau sepenuh hati dan bertekad untuk menjaga diri pribadi beliau dan agama yang dibawanya. Mereka yakin bahwa hidup mereka tidak akan sempurna kecuali dengan menghancurleburkan segala sendi kemusyrikan dan kekufuran. Lalu mereka bersedia menebus pahala dan nikmat yang disediakan di sisi Allah bagi orang-orang yang berjihad pada jalan-Nya dengan jiwa, harta, dan semua yang mereka miliki. Dengan demikian, mereka sanggup menghancurkan kubu-kubu pertahanan raja-raja Persi dan Romawi.\n\nAyat tersebut seakan-akan menyatakan bahwa bila keadaan telah terlalu gawat, maka dengan sendirinya kita ingin keluar dengan selamat dari kesusahan tersebut dengan melalui segala jalan yang dapat ditempuh, sambil bertawakal kepada Allah. Dengan demikian, kemenangan bisa tercapai walau bagaimanapun hebatnya rintangan dan cobaan yang dihadapi.\n\nDengan ini pula, Allah memberitahukan kepada Nabi Muhammad bahwa keadaannya akan berubah dari miskin menjadi kaya, dari tidak mempunyai teman sampai mempunyai saudara yang banyak dan dari kebencian kaumnya kepada kecintaan yang tidak ada taranya.",
                        "6": "Ayat ini adalah ulangan ayat sebelumnya untuk menguatkan arti yang terkandung dalam ayat yang terdahulu. Bila kesulitan itu dihadapi dengan tekad yang sungguh-sungguh dan berusaha dengan sekuat tenaga dan pikiran untuk melepaskan diri darinya, tekun dan sabar serta tidak mengeluh atas kelambatan datangnya kemudahan, pasti kemudahan itu akan tiba.",
                        "7": "Sesudah menyatakan nikmat-nikmat-Nya kepada Nabi Muhammad dan janji-Nya akan menyelamatkan beliau dari bahaya-bahaya yang menimpa, Allah memerintahkan kepadanya agar menyukuri nikmat-nikmat tersebut dengan tekun beramal saleh sambil bertawakal kepada-Nya. Bila telah selesai mengerjakan suatu amal perbuatan, maka hendaklah beliau mengerjakan amal perbuatan lainnya. Sebab, dalam keadaan terus beramal, beliau akan menemui ketenangan jiwa dan kelapangan hati. Ayat ini menganjurkan agar Nabi saw tetap rajin dan terus-menerus tekun beramal.",
                        "8": "Dalam ayat ini, Allah menegaskan agar Nabi Muhammad tidak mengharapkan pahala dari hasil amal perbuatannya, akan tetapi hanya menuntut keridaan Allah semata. Karena Dia-lah sebenarnya yang dituju dalam amal ibadah dan pada-Nyalah tempat merendahkan diri."
                    }
                }
            }
        }
    }
}