{
    "96": {
        "number": "96",
        "name": "العلق",
        "name_latin": "Al-'Alaq",
        "number_of_ayah": "19",
        "text": {
            "1": "اِقْرَأْ بِاسْمِ رَبِّكَ الَّذِيْ خَلَقَۚ",
            "2": "خَلَقَ الْاِنْسَانَ مِنْ عَلَقٍۚ",
            "3": "اِقْرَأْ وَرَبُّكَ الْاَكْرَمُۙ",
            "4": "الَّذِيْ عَلَّمَ بِالْقَلَمِۙ",
            "5": "عَلَّمَ الْاِنْسَانَ مَا لَمْ يَعْلَمْۗ",
            "6": "كَلَّآ اِنَّ الْاِنْسَانَ لَيَطْغٰىٓ ۙ",
            "7": "اَنْ رَّاٰهُ اسْتَغْنٰىۗ",
            "8": "اِنَّ اِلٰى رَبِّكَ الرُّجْعٰىۗ",
            "9": "اَرَاَيْتَ الَّذِيْ يَنْهٰىۙ",
            "10": "عَبْدًا اِذَا صَلّٰىۗ",
            "11": "اَرَاَيْتَ اِنْ كَانَ عَلَى الْهُدٰىٓۙ",
            "12": "اَوْ اَمَرَ بِالتَّقْوٰىۗ",
            "13": "اَرَاَيْتَ اِنْ كَذَّبَ وَتَوَلّٰىۗ",
            "14": "اَلَمْ يَعْلَمْ بِاَنَّ اللّٰهَ يَرٰىۗ",
            "15": "كَلَّا لَىِٕنْ لَّمْ يَنْتَهِ ەۙ لَنَسْفَعًاۢ بِالنَّاصِيَةِۙ",
            "16": "نَاصِيَةٍ كَاذِبَةٍ خَاطِئَةٍۚ",
            "17": "فَلْيَدْعُ نَادِيَهٗۙ",
            "18": "سَنَدْعُ الزَّبَانِيَةَۙ",
            "19": "كَلَّاۗ  لَا تُطِعْهُ وَاسْجُدْ وَاقْتَرِبْ ۩ ࣖ"
        },
        "translations": {
            "id": {
                "name": "Segumpal Darah",
                "text": {
                    "1": "Bacalah dengan (menyebut) nama Tuhanmu yang menciptakan,",
                    "2": "Dia telah menciptakan manusia dari segumpal darah.",
                    "3": "Bacalah, dan Tuhanmulah Yang Mahamulia,",
                    "4": "Yang mengajar (manusia) dengan pena.",
                    "5": "Dia mengajarkan manusia apa yang tidak diketahuinya.",
                    "6": "Sekali-kali tidak! Sungguh, manusia itu benar-benar melampaui batas,",
                    "7": "apabila melihat dirinya serba cukup.",
                    "8": "Sungguh, hanya kepada Tuhanmulah tempat kembali(mu).",
                    "9": "Bagaimana pendapatmu tentang orang yang melarang?",
                    "10": "seorang hamba ketika dia melaksanakan salat,",
                    "11": "bagaimana pendapatmu jika dia (yang dilarang salat itu) berada di atas kebenaran (petunjuk),",
                    "12": "atau dia menyuruh bertakwa (kepada Allah)?",
                    "13": "Bagaimana pendapatmu jika dia (yang melarang) itu mendustakan dan berpaling?",
                    "14": "Tidakkah dia mengetahui bahwa sesungguhnya Allah melihat (segala perbuatannya)?",
                    "15": "Sekali-kali tidak! Sungguh, jika dia tidak berhenti (berbuat demikian) niscaya Kami tarik ubun-ubunnya, (ke dalam neraka),",
                    "16": "yaitu) ubun-ubun orang yang mendustakan dan durhaka.",
                    "17": "Maka biarlah dia memanggil golongannya (untuk menolongnya),",
                    "18": "Kelak Kami akan memanggil Malaikat Zabaniyah, (penyiksa orang-orang yang berdosa), ",
                    "19": "sekali-kali tidak! Janganlah kamu patuh kepadanya; dan sujudlah serta dekatkanlah (dirimu kepada Allah)."
                }
            }
        },
        "tafsir": {
            "id": {
                "kemenag": {
                    "name": "Kemenag",
                    "source": "Aplikasi Quran Kementrian Agama Republik Indonesia",
                    "text": {
                        "1": "Allah memerintahkan manusia membaca (mempelajari, meneliti, dan sebagainya.) apa saja yang telah Ia ciptakan, baik ayat-ayat-Nya yang tersurat (qauliyah), yaitu Al-Qur'an, dan ayat-ayat-Nya yang tersirat, maksudnya alam semesta (kauniyah). Membaca itu harus dengan nama-Nya, artinya karena Dia dan mengharapkan pertolongan-Nya. Dengan demikian, tujuan membaca dan mendalami ayat-ayat Allah itu adalah diperolehnya hasil yang diridai-Nya, yaitu ilmu atau sesuatu yang bermanfaat bagi manusia.",
                        "2": "Allah menyebutkan bahwa di antara yang telah Ia ciptakan adalah manusia, yang menunjukkan mulianya manusia itu dalam pandangan-Nya. Allah menciptakan manusia itu dari 'alaqah (zigot), yakni telur yang sudah terbuahi sperma, yang sudah menempel di rahim ibu. Karena sudah menempel itu, maka zigot dapat berkembang menjadi manusia. Dengan demikian, asal usul manusia itu adalah sesuatu yang tidak ada artinya, tetapi kemudian ia menjadi manusia yang perkasa. Allah berfirman:\n\nDan di antara tanda-tanda (kebesaran)-Nya ialah Dia menciptakan kamu dari tanah, kemudian tiba-tiba kamu (menjadi) manusia yang berkembang biak. (ar-Rum/30: 20)\n\nAsal usulnya itu juga labil, zigot itu bisa tidak menempel di rahim, atau bisa terlepas lagi dari rahim itu, sehingga pembentukan manusia terhenti prosesnya. Oleh karena itu, manusia seharusnya tidak sombong dan ingkar, tetapi bersyukur dan patuh kepada-Nya, karena dengan kemahakuasaan dan karunia Allah-lah, ia bisa tercipta. Allah berfirman menyesali manusia yang ingkar dan sombong itu:\n\nDan tidakkah manusia memperhatikan bahwa Kami menciptakannya dari setetes mani, ternyata dia menjadi musuh yang nyata! (Yasin/36: 77)\n\nMenurut kajian ilmiah, 'alaqah merupakan bentuk perkembangan pra-embrionik, yang terjadi setelah percampuran sel mani (sperma) dan sel telur. Moore dan Azzindani menjelaskan bahwa 'alaqah dalam bahasa Arab berarti lintah (leech) atau suatu suspensi (suspended thing) atau segumpal darah (a clot of blood). Lintah merupakan binatang tingkat rendah, berbentuk seperti buah per, dan hidup dengan cara menghisap darah. Jadi 'alaqah merupakan tingkatan (stadium) embrionik, yang berbentuk seperti buah per, di mana sistem kardiovaskuler (sistem pembuluh-jantung) sudah mulai tampak, dan hidupnya tergantung dari darah ibunya, mirip dengan lintah. 'Alaqah terbentuk sekitar 24-25 hari sejak pembuahan. Jika jaringan pra-embrionik 'alaqah ini diambil keluar (digugurkan), memang tampak seperti segumpal darah (a blood clot like). Lihat pula telaah ilmiah pada penjelasan Surah Nuh/71 ayat 14.",
                        "3": "Allah meminta manusia membaca lagi, yang mengandung arti bahwa membaca yang akan membuahkan ilmu dan iman itu perlu dilakukan berkali-kali, minimal dua kali. Bila Al-Qur'an atau alam ini dibaca dan diselidiki berkali-kali, maka manusia akan menemukan bahwa Allah itu pemurah, yaitu bahwa Ia akan mencurahkan pengetahuan-Nya kepadanya dan akan memperkokoh imannya.",
                        "4": "Di antara bentuk kepemurahan Allah adalah Ia mengajari manusia mampu menggunakan alat tulis. Mengajari di sini maksudnya memberinya kemampuan menggunakannya. Dengan kemampuan menggunakan alat tulis itu, manusia bisa menuliskan temuannya sehingga dapat dibaca oleh orang lain dan generasi berikutnya. Dengan dibaca oleh orang lain, maka ilmu itu dapat dikembangkan. Dengan demikian, manusia dapat mengetahui apa yang sebelumnya belum diketahuinya, artinya ilmu itu akan terus berkembang. Demikianlah besarnya fungsi baca-tulis.",
                        "5": "Di antara bentuk kepemurahan Allah adalah Ia mengajari manusia mampu menggunakan alat tulis. Mengajari di sini maksudnya memberinya kemampuan menggunakannya. Dengan kemampuan menggunakan alat tulis itu, manusia bisa menuliskan temuannya sehingga dapat dibaca oleh orang lain dan generasi berikutnya. Dengan dibaca oleh orang lain, maka ilmu itu dapat dikembangkan. Dengan demikian, manusia dapat mengetahui apa yang sebelumnya belum diketahuinya, artinya ilmu itu akan terus berkembang. Demikianlah besarnya fungsi baca-tulis.",
                        "6": "Allah menyesali manusia karena banyak mereka yang cenderung lupa diri sehingga melakukan tindakan-tindakan yang melampaui batas, yaitu kafir kepada Allah dan sewenang-wenang terhadap manusia. Kecenderungan itu terjadi ketika mereka merasa sudah berkecukupan. Dengan demikian, ia merasa tidak perlu beriman, dan karena itu ia berani melanggar hukum-hukum Allah. Begitu juga karena sudah merasa berkecukupan, ia merasa tidak butuh orang lain dan merasa berkuasa, dan karena itu ia akan bertindak sewenang-wenang terhadap orang lain itu.",
                        "7": "Allah menyesali manusia karena banyak mereka yang cenderung lupa diri sehingga melakukan tindakan-tindakan yang melampaui batas, yaitu kafir kepada Allah dan sewenang-wenang terhadap manusia. Kecenderungan itu terjadi ketika mereka merasa sudah berkecukupan. Dengan demikian, ia merasa tidak perlu beriman, dan karena itu ia berani melanggar hukum-hukum Allah. Begitu juga karena sudah merasa berkecukupan, ia merasa tidak butuh orang lain dan merasa berkuasa, dan karena itu ia akan bertindak sewenang-wenang terhadap orang lain itu.",
                        "8": "Allah menegaskan kepada Nabi Muhammad bahwa mereka yang durhaka itu akan kembali kepada-Nya. Mereka pasti mati dan akan berhadapan dengan-Nya untuk mempertanggungjawabkan perbuatannya. Bila mereka harus mempertanggungjawabkan perbuatannya, berarti mereka nanti akan tahu, bahwa mereka akan diazab dan menyesal. Dalam ayat lain, Allah berfirman mengenai bagaimana keadaan yang akan dialami para pendurhaka itu:\n\nDan janganlah engkau mengira, bahwa Allah lengah dari apa yang diperbuat oleh orang yang zalim. Sesungguhnya Allah menangguhkan mereka sampai hari yang pada waktu itu mata (mereka) terbelalak, mereka datang tergesa-gesa (memenuhi panggilan) dengan mengangkat kepalanya, sedang mata mereka tidak berkedip-kedip dan hati mereka kosong. (Ibrahim/14: 42-43)",
                        "9": "Allah bertanya kepada Nabi Muhammad, yang maksudnya meminta beliau memperhatikan orang yang melarang manusia melakukan salat. Orang yang dilarang adalah Nabi Muhammad saw untuk melakukan salat di Masjidil Haram. Sedangkan yang melarang adalah Abu Jahal. Ia mengancam Nabi saw dengan kata-kata:\n\nAbu Jahal berkata, \"Jika saya melihat Muhammad salat di Ka'bah, saya akan lindas-lindaskan tengkuknya (ke tanah).\" Ketika hal itu sampai kepada Nabi saw., beliau bersabda, \"Jika itu ia lakukan, malaikat akan menghajarnya.\" (Riwayat al-Bukhari dari Ibnu 'Abbas)",
                        "10": "Allah bertanya kepada Nabi Muhammad, yang maksudnya meminta beliau memperhatikan orang yang melarang manusia melakukan salat. Orang yang dilarang adalah Nabi Muhammad saw untuk melakukan salat di Masjidil Haram. Sedangkan yang melarang adalah Abu Jahal. Ia mengancam Nabi saw dengan kata-kata:\n\nAbu Jahal berkata, \"Jika saya melihat Muhammad salat di Ka'bah, saya akan lindas-lindaskan tengkuknya (ke tanah).\" Ketika hal itu sampai kepada Nabi saw., beliau bersabda, \"Jika itu ia lakukan, malaikat akan menghajarnya.\" (Riwayat al-Bukhari dari Ibnu 'Abbas)",
                        "11": "Selanjutnya Allah meminta Nabi Muhammad memperhatikan, seandainya orang yang dilarang salat di masjid itu membawa hidayah dan membimbing orang kepada iman, dan mengajak orang kepada ketakwaan, yaitu mengerjakan kebaikan dan kebenaran. Tindakan itu pasti lebih baik, karena pasti menguntungkan dirinya dan masyarakatnya. Orang yang berperilaku seperti itu adalah Nabi Muhammad sendiri. Itu adalah dua perilaku yang bertolak belakang dan bertentangan seperti siang dan malam: yang pertama jahat dan membawa kepada kejahatan, dan yang kedua baik dan membawa kepada kebaikan.",
                        "12": "Selanjutnya Allah meminta Nabi Muhammad memperhatikan, seandainya orang yang dilarang salat di masjid itu membawa hidayah dan membimbing orang kepada iman, dan mengajak orang kepada ketakwaan, yaitu mengerjakan kebaikan dan kebenaran. Tindakan itu pasti lebih baik, karena pasti menguntungkan dirinya dan masyarakatnya. Orang yang berperilaku seperti itu adalah Nabi Muhammad sendiri. Itu adalah dua perilaku yang bertolak belakang dan bertentangan seperti siang dan malam: yang pertama jahat dan membawa kepada kejahatan, dan yang kedua baik dan membawa kepada kebaikan.",
                        "13": "Selanjutnya Allah meminta Nabi Muhammad memperhatikan orang yang melarang orang beribadah itu, yaitu Abu Jahal sebagai contoh, apakah jika ia memandang Allah dan ajaran-ajaran-Nya dusta, lalu berpaling, dan tidak mau menggubrisnya. Ia tidak tahu bahwa Allah melihat perbuatannya itu. Tidak demikian halnya, Allah mengetahui setiap perbuatan dosanya itu dan akan memberikan balasannya.",
                        "14": "Selanjutnya Allah meminta Nabi Muhammad memperhatikan orang yang melarang orang beribadah itu, yaitu Abu Jahal sebagai contoh, apakah jika ia memandang Allah dan ajaran-ajaran-Nya dusta, lalu berpaling, dan tidak mau menggubrisnya. Ia tidak tahu bahwa Allah melihat perbuatannya itu. Tidak demikian halnya, Allah mengetahui setiap perbuatan dosanya itu dan akan memberikan balasannya.",
                        "15": "Allah mencela orang yang melarang orang beribadah di dalam masjid, dengan contohnya Abu Lahab. Allah mengancam bahwa bila mereka tidak menghentikan perbuatannya, Allah akan mencabut ubun-ubunnya, yaitu menarik nyawanya sehingga mati seketika. Hukuman itu dijatuhkan padanya karena ubun-ubun itu adalah denyut kehidupannya, sedangkan denyut kehidupannya itu selalu penuh kebohongan dan dosa.",
                        "16": "Allah mencela orang yang melarang orang beribadah di dalam masjid, dengan contohnya Abu Lahab. Allah mengancam bahwa bila mereka tidak menghentikan perbuatannya, Allah akan mencabut ubun-ubunnya, yaitu menarik nyawanya sehingga mati seketika. Hukuman itu dijatuhkan padanya karena ubun-ubun itu adalah denyut kehidupannya, sedangkan denyut kehidupannya itu selalu penuh kebohongan dan dosa.",
                        "17": "Allah mempersilakan mereka yang sewenang-wenang dan melarang orang melakukan ibadah itu untuk meminta bantuan kelompok mereka. Ayat ini khususnya ditujukan kepada Abu Jahal, yang dikenal sebagai pemimpin terbesar orang-orang yang menentang Nabi saw di Mekah. Allah mengancam bahwa bila Abu Jahal memanggil teman-teman komplotannya untuk meminta tolong, maka Allah akan memanggil malaikat-malaikat Zabaniyah, yaitu para penjaga neraka yang sangat bengis. Artinya, ia di dunia akan celaka dan di akhirat akan masuk neraka. Ancaman itu kemudian terbukti, yaitu pada tahun kedua setelah umat Islam hijrah ke Medinah, terjadi Perang Badar, di mana Abu Jahal sebagai pemimpin Quraisy mati terbunuh. Dan di akhirat nanti ia pasti masuk neraka.",
                        "18": "Allah mempersilakan mereka yang sewenang-wenang dan melarang orang melakukan ibadah itu untuk meminta bantuan kelompok mereka. Ayat ini khususnya ditujukan kepada Abu Jahal, yang dikenal sebagai pemimpin terbesar orang-orang yang menentang Nabi saw di Mekah. Allah mengancam bahwa bila Abu Jahal memanggil teman-teman komplotannya untuk meminta tolong, maka Allah akan memanggil malaikat-malaikat Zabaniyah, yaitu para penjaga neraka yang sangat bengis. Artinya, ia di dunia akan celaka dan di akhirat akan masuk neraka. Ancaman itu kemudian terbukti, yaitu pada tahun kedua setelah umat Islam hijrah ke Medinah, terjadi Perang Badar, di mana Abu Jahal sebagai pemimpin Quraisy mati terbunuh. Dan di akhirat nanti ia pasti masuk neraka.",
                        "19": "Allah meminta Nabi saw atau siapa saja yang ingin beribadah agar tidak takut dan tidak mematuhi ancaman orang yang melarang mereka beribadah. Mereka diminta untuk tetap melaksanakan ibadah dengan tekun, terutama salat, dan menggunakan masjid untuk melaksanakannya. Dalam ayat lain, Allah berfirman:\n\nDan janganlah engkau (Muhammad) menuruti orang-orang kafir dan orang-orang munafik itu, janganlah engkau hiraukan gangguan mereka dan bertawakallah kepada Allah. Dan cukuplah Allah sebagai pelindung. (al-Ahzab/33: 48)\n\nDi samping salat, umat Islam diminta pula mengerjakan ibadah-ibadah sunat lainnya dalam rangka mendekatkan diri kepada-Nya, baik itu berupa salat-salat sunat maupun zikir-zikir, dan sebagainya."
                    }
                }
            }
        }
    }
}